solid Phi_Lattice
  facet normal 0 0 0
    outer loop
      vertex 20.000000 0.000000 0.000000
      vertex 20.206016 1.213799 0.250000
      vertex 6.180340 19.021130 0.000000
    endloop
  endfacet
  facet normal 0 0 0
    outer loop
      vertex 6.180340 19.021130 0.000000
      vertex 20.206016 1.213799 0.250000
      vertex 5.089611 19.592148 0.250000
    endloop
  endfacet
  facet normal 0 0 0
    outer loop
      vertex 6.180340 19.021130 0.000000
      vertex 5.089611 19.592148 0.250000
      vertex -16.180340 11.755705 0.000000
    endloop
  endfacet
  facet normal 0 0 0
    outer loop
      vertex -16.180340 11.755705 0.000000
      vertex 5.089611 19.592148 0.250000
      vertex -17.060464 10.894814 0.250000
    endloop
  endfacet
  facet normal 0 0 0
    outer loop
      vertex -16.180340 11.755705 0.000000
      vertex -17.060464 10.894814 0.250000
      vertex -16.180340 -11.755705 0.000000
    endloop
  endfacet
  facet normal 0 0 0
    outer loop
      vertex -16.180340 -11.755705 0.000000
      vertex -17.060464 10.894814 0.250000
      vertex -15.633557 -12.858782 0.250000
    endloop
  endfacet
  facet normal 0 0 0
    outer loop
      vertex -16.180340 -11.755705 0.000000
      vertex -15.633557 -12.858782 0.250000
      vertex 6.180340 -19.021130 0.000000
    endloop
  endfacet
  facet normal 0 0 0
    outer loop
      vertex 6.180340 -19.021130 0.000000
      vertex -15.633557 -12.858782 0.250000
      vertex 7.398394 -18.841979 0.250000
    endloop
  endfacet
  facet normal 0 0 0
    outer loop
      vertex 6.180340 -19.021130 0.000000
      vertex 7.398394 -18.841979 0.250000
      vertex 20.000000 0.000000 0.000000
    endloop
  endfacet
  facet normal 0 0 0
    outer loop
      vertex 20.000000 0.000000 0.000000
      vertex 7.398394 -18.841979 0.250000
      vertex 20.206016 1.213799 0.250000
    endloop
  endfacet
  facet normal 0 0 0
    outer loop
      vertex 20.206016 1.213799 0.250000
      vertex 20.335997 2.452063 0.500000
      vertex 5.089611 19.592148 0.250000
    endloop
  endfacet
  facet normal 0 0 0
    outer loop
      vertex 5.089611 19.592148 0.250000
      vertex 20.335997 2.452063 0.500000
      vertex 3.952118 20.098411 0.500000
    endloop
  endfacet
  facet normal 0 0 0
    outer loop
      vertex 5.089611 19.592148 0.250000
      vertex 3.952118 20.098411 0.500000
      vertex -17.060464 10.894814 0.250000
    endloop
  endfacet
  facet normal 0 0 0
    outer loop
      vertex -17.060464 10.894814 0.250000
      vertex 3.952118 20.098411 0.500000
      vertex -17.893453 9.969438 0.500000
    endloop
  endfacet
  facet normal 0 0 0
    outer loop
      vertex -17.060464 10.894814 0.250000
      vertex -17.893453 9.969438 0.500000
      vertex -15.633557 -12.858782 0.250000
    endloop
  endfacet
  facet normal 0 0 0
    outer loop
      vertex -15.633557 -12.858782 0.250000
      vertex -17.893453 9.969438 0.500000
      vertex -15.010880 -13.936960 0.500000
    endloop
  endfacet
  facet normal 0 0 0
    outer loop
      vertex -15.633557 -12.858782 0.250000
      vertex -15.010880 -13.936960 0.500000
      vertex 7.398394 -18.841979 0.250000
    endloop
  endfacet
  facet normal 0 0 0
    outer loop
      vertex 7.398394 -18.841979 0.250000
      vertex -15.010880 -13.936960 0.500000
      vertex 8.616219 -18.582953 0.500000
    endloop
  endfacet
  facet normal 0 0 0
    outer loop
      vertex 7.398394 -18.841979 0.250000
      vertex 8.616219 -18.582953 0.500000
      vertex 20.206016 1.213799 0.250000
    endloop
  endfacet
  facet normal 0 0 0
    outer loop
      vertex 20.206016 1.213799 0.250000
      vertex 8.616219 -18.582953 0.500000
      vertex 20.335997 2.452063 0.500000
    endloop
  endfacet
  facet normal 0 0 0
    outer loop
      vertex 20.335997 2.452063 0.500000
      vertex 20.386224 3.709613 0.750000
      vertex 3.952118 20.098411 0.500000
    endloop
  endfacet
  facet normal 0 0 0
    outer loop
      vertex 3.952118 20.098411 0.500000
      vertex 20.386224 3.709613 0.750000
      vertex 2.771638 20.534784 0.750000
    endloop
  endfacet
  facet normal 0 0 0
    outer loop
      vertex 3.952118 20.098411 0.500000
      vertex 2.771638 20.534784 0.750000
      vertex -17.893453 9.969438 0.500000
    endloop
  endfacet
  facet normal 0 0 0
    outer loop
      vertex -17.893453 9.969438 0.500000
      vertex 2.771638 20.534784 0.750000
      vertex -18.673257 8.981581 0.750000
    endloop
  endfacet
  facet normal 0 0 0
    outer loop
      vertex -17.893453 9.969438 0.500000
      vertex -18.673257 8.981581 0.750000
      vertex -15.010880 -13.936960 0.500000
    endloop
  endfacet
  facet normal 0 0 0
    outer loop
      vertex -15.010880 -13.936960 0.500000
      vertex -18.673257 8.981581 0.750000
      vertex -14.312345 -14.983862 0.750000
    endloop
  endfacet
  facet normal 0 0 0
    outer loop
      vertex -15.010880 -13.936960 0.500000
      vertex -14.312345 -14.983862 0.750000
      vertex 8.616219 -18.582953 0.500000
    endloop
  endfacet
  facet normal 0 0 0
    outer loop
      vertex 8.616219 -18.582953 0.500000
      vertex -14.312345 -14.983862 0.750000
      vertex 9.827742 -18.242117 0.750000
    endloop
  endfacet
  facet normal 0 0 0
    outer loop
      vertex 8.616219 -18.582953 0.500000
      vertex 9.827742 -18.242117 0.750000
      vertex 20.335997 2.452063 0.500000
    endloop
  endfacet
  facet normal 0 0 0
    outer loop
      vertex 20.335997 2.452063 0.500000
      vertex 9.827742 -18.242117 0.750000
      vertex 20.386224 3.709613 0.750000
    endloop
  endfacet
  facet normal 0 0 0
    outer loop
      vertex 20.386224 3.709613 0.750000
      vertex 20.353400 4.980738 1.000000
      vertex 2.771638 20.534784 0.750000
    endloop
  endfacet
  facet normal 0 0 0
    outer loop
      vertex 2.771638 20.534784 0.750000
      vertex 20.353400 4.980738 1.000000
      vertex 1.552584 20.896366 1.000000
    endloop
  endfacet
  facet normal 0 0 0
    outer loop
      vertex 2.771638 20.534784 0.750000
      vertex 1.552584 20.896366 1.000000
      vertex -18.673257 8.981581 0.750000
    endloop
  endfacet
  facet normal 0 0 0
    outer loop
      vertex -18.673257 8.981581 0.750000
      vertex 1.552584 20.896366 1.000000
      vertex -19.393850 7.933927 1.000000
    endloop
  endfacet
  facet normal 0 0 0
    outer loop
      vertex -18.673257 8.981581 0.750000
      vertex -19.393850 7.933927 1.000000
      vertex -14.312345 -14.983862 0.750000
    endloop
  endfacet
  facet normal 0 0 0
    outer loop
      vertex -14.312345 -14.983862 0.750000
      vertex -19.393850 7.933927 1.000000
      vertex -13.538642 -15.992930 1.000000
    endloop
  endfacet
  facet normal 0 0 0
    outer loop
      vertex -14.312345 -14.983862 0.750000
      vertex -13.538642 -15.992930 1.000000
      vertex 9.827742 -18.242117 0.750000
    endloop
  endfacet
  facet normal 0 0 0
    outer loop
      vertex 9.827742 -18.242117 0.750000
      vertex -13.538642 -15.992930 1.000000
      vertex 11.026509 -17.818101 1.000000
    endloop
  endfacet
  facet normal 0 0 0
    outer loop
      vertex 9.827742 -18.242117 0.750000
      vertex 11.026509 -17.818101 1.000000
      vertex 20.386224 3.709613 0.750000
    endloop
  endfacet
  facet normal 0 0 0
    outer loop
      vertex 20.386224 3.709613 0.750000
      vertex 11.026509 -17.818101 1.000000
      vertex 20.353400 4.980738 1.000000
    endloop
  endfacet
  facet normal 0 0 0
    outer loop
      vertex 20.353400 4.980738 1.000000
      vertex 20.234725 6.259232 1.250000
      vertex 1.552584 20.896366 1.000000
    endloop
  endfacet
  facet normal 0 0 0
    outer loop
      vertex 1.552584 20.896366 1.000000
      vertex 20.234725 6.259232 1.250000
      vertex 0.299990 21.178576 1.250000
    endloop
  endfacet
  facet normal 0 0 0
    outer loop
      vertex 1.552584 20.896366 1.000000
      vertex 0.299990 21.178576 1.250000
      vertex -19.393850 7.933927 1.000000
    endloop
  endfacet
  facet normal 0 0 0
    outer loop
      vertex -19.393850 7.933927 1.000000
      vertex 0.299990 21.178576 1.250000
      vertex -20.049321 6.829848 1.250000
    endloop
  endfacet
  facet normal 0 0 0
    outer loop
      vertex -19.393850 7.933927 1.000000
      vertex -20.049321 6.829848 1.250000
      vertex -13.538642 -15.992930 1.000000
    endloop
  endfacet
  facet normal 0 0 0
    outer loop
      vertex -13.538642 -15.992930 1.000000
      vertex -20.049321 6.829848 1.250000
      vertex -12.691152 -16.957498 1.250000
    endloop
  endfacet
  facet normal 0 0 0
    outer loop
      vertex -13.538642 -15.992930 1.000000
      vertex -12.691152 -16.957498 1.250000
      vertex 11.026509 -17.818101 1.000000
    endloop
  endfacet
  facet normal 0 0 0
    outer loop
      vertex 11.026509 -17.818101 1.000000
      vertex -12.691152 -16.957498 1.250000
      vertex 12.205757 -17.310158 1.250000
    endloop
  endfacet
  facet normal 0 0 0
    outer loop
      vertex 11.026509 -17.818101 1.000000
      vertex 12.205757 -17.310158 1.250000
      vertex 20.353400 4.980738 1.000000
    endloop
  endfacet
  facet normal 0 0 0
    outer loop
      vertex 20.353400 4.980738 1.000000
      vertex 12.205757 -17.310158 1.250000
      vertex 20.234725 6.259232 1.250000
    endloop
  endfacet
  facet normal 0 0 0
    outer loop
      vertex 20.234725 6.259232 1.250000
      vertex 20.027966 7.538457 1.500000
      vertex 0.299990 21.178576 1.250000
    endloop
  endfacet
  facet normal 0 0 0
    outer loop
      vertex 0.299990 21.178576 1.250000
      vertex 20.027966 7.538457 1.500000
      vertex -0.980517 21.377239 1.500000
    endloop
  endfacet
  facet normal 0 0 0
    outer loop
      vertex 0.299990 21.178576 1.250000
      vertex -0.980517 21.377239 1.500000
      vertex -20.049321 6.829848 1.250000
    endloop
  endfacet
  facet normal 0 0 0
    outer loop
      vertex -20.049321 6.829848 1.250000
      vertex -0.980517 21.377239 1.500000
      vertex -20.633959 5.673403 1.500000
    endloop
  endfacet
  facet normal 0 0 0
    outer loop
      vertex -20.049321 6.829848 1.250000
      vertex -20.633959 5.673403 1.500000
      vertex -12.691152 -16.957498 1.250000
    endloop
  endfacet
  facet normal 0 0 0
    outer loop
      vertex -12.691152 -16.957498 1.250000
      vertex -20.633959 5.673403 1.500000
      vertex -11.771971 -17.870883 1.500000
    endloop
  endfacet
  facet normal 0 0 0
    outer loop
      vertex -12.691152 -16.957498 1.250000
      vertex -11.771971 -17.870883 1.500000
      vertex 12.205757 -17.310158 1.250000
    endloop
  endfacet
  facet normal 0 0 0
    outer loop
      vertex 12.205757 -17.310158 1.250000
      vertex -11.771971 -17.870883 1.500000
      vertex 13.358481 -16.718216 1.500000
    endloop
  endfacet
  facet normal 0 0 0
    outer loop
      vertex 12.205757 -17.310158 1.250000
      vertex 13.358481 -16.718216 1.500000
      vertex 20.234725 6.259232 1.250000
    endloop
  endfacet
  facet normal 0 0 0
    outer loop
      vertex 20.234725 6.259232 1.250000
      vertex 13.358481 -16.718216 1.500000
      vertex 20.027966 7.538457 1.500000
    endloop
  endfacet
  facet normal 0 0 0
    outer loop
      vertex 20.027966 7.538457 1.500000
      vertex 19.731516 8.811401 1.750000
      vertex -0.980517 21.377239 1.500000
    endloop
  endfacet
  facet normal 0 0 0
    outer loop
      vertex -0.980517 21.377239 1.500000
      vertex 19.731516 8.811401 1.750000
      vertex -2.282767 21.488660 1.750000
    endloop
  endfacet
  facet normal 0 0 0
    outer loop
      vertex -0.980517 21.377239 1.500000
      vertex -2.282767 21.488660 1.750000
      vertex -20.633959 5.673403 1.500000
    endloop
  endfacet
  facet normal 0 0 0
    outer loop
      vertex -20.633959 5.673403 1.500000
      vertex -2.282767 21.488660 1.750000
      vertex -21.142344 4.469321 1.750000
    endloop
  endfacet
  facet normal 0 0 0
    outer loop
      vertex -20.633959 5.673403 1.500000
      vertex -21.142344 4.469321 1.750000
      vertex -11.771971 -17.870883 1.500000
    endloop
  endfacet
  facet normal 0 0 0
    outer loop
      vertex -11.771971 -17.870883 1.500000
      vertex -21.142344 4.469321 1.750000
      vertex -10.783920 -18.726467 1.750000
    endloop
  endfacet
  facet normal 0 0 0
    outer loop
      vertex -11.771971 -17.870883 1.500000
      vertex -10.783920 -18.726467 1.750000
      vertex 13.358481 -16.718216 1.500000
    endloop
  endfacet
  facet normal 0 0 0
    outer loop
      vertex 13.358481 -16.718216 1.500000
      vertex -10.783920 -18.726467 1.750000
      vertex 14.477514 -16.042914 1.750000
    endloop
  endfacet
  facet normal 0 0 0
    outer loop
      vertex 13.358481 -16.718216 1.500000
      vertex 14.477514 -16.042914 1.750000
      vertex 20.027966 7.538457 1.500000
    endloop
  endfacet
  facet normal 0 0 0
    outer loop
      vertex 20.027966 7.538457 1.500000
      vertex 14.477514 -16.042914 1.750000
      vertex 19.731516 8.811401 1.750000
    endloop
  endfacet
  facet normal 0 0 0
    outer loop
      vertex 19.731516 8.811401 1.750000
      vertex 19.344455 10.070752 2.000000
      vertex -2.282767 21.488660 1.750000
    endloop
  endfacet
  facet normal 0 0 0
    outer loop
      vertex -2.282767 21.488660 1.750000
      vertex 19.344455 10.070752 2.000000
      vertex -3.600089 21.509704 2.000000
    endloop
  endfacet
  facet normal 0 0 0
    outer loop
      vertex -2.282767 21.488660 1.750000
      vertex -3.600089 21.509704 2.000000
      vertex -21.142344 4.469321 1.750000
    endloop
  endfacet
  facet normal 0 0 0
    outer loop
      vertex -21.142344 4.469321 1.750000
      vertex -3.600089 21.509704 2.000000
      vertex -21.569433 3.222976 2.000000
    endloop
  endfacet
  facet normal 0 0 0
    outer loop
      vertex -21.142344 4.469321 1.750000
      vertex -21.569433 3.222976 2.000000
      vertex -10.783920 -18.726467 1.750000
    endloop
  endfacet
  facet normal 0 0 0
    outer loop
      vertex -10.783920 -18.726467 1.750000
      vertex -21.569433 3.222976 2.000000
      vertex -9.730553 -19.517796 2.000000
    endloop
  endfacet
  facet normal 0 0 0
    outer loop
      vertex -10.783920 -18.726467 1.750000
      vertex -9.730553 -19.517796 2.000000
      vertex 14.477514 -16.042914 1.750000
    endloop
  endfacet
  facet normal 0 0 0
    outer loop
      vertex 14.477514 -16.042914 1.750000
      vertex -9.730553 -19.517796 2.000000
      vertex 15.555620 -15.285637 2.000000
    endloop
  endfacet
  facet normal 0 0 0
    outer loop
      vertex 14.477514 -16.042914 1.750000
      vertex 15.555620 -15.285637 2.000000
      vertex 19.731516 8.811401 1.750000
    endloop
  endfacet
  facet normal 0 0 0
    outer loop
      vertex 19.731516 8.811401 1.750000
      vertex 15.555620 -15.285637 2.000000
      vertex 19.344455 10.070752 2.000000
    endloop
  endfacet
  facet normal 0 0 0
    outer loop
      vertex 19.344455 10.070752 2.000000
      vertex 18.866590 11.308981 2.250000
      vertex -3.600089 21.509704 2.000000
    endloop
  endfacet
  facet normal 0 0 0
    outer loop
      vertex -3.600089 21.509704 2.000000
      vertex 18.866590 11.308981 2.250000
      vertex -4.925383 21.437861 2.250000
    endloop
  endfacet
  facet normal 0 0 0
    outer loop
      vertex -3.600089 21.509704 2.000000
      vertex -4.925383 21.437861 2.250000
      vertex -21.569433 3.222976 2.000000
    endloop
  endfacet
  facet normal 0 0 0
    outer loop
      vertex -21.569433 3.222976 2.000000
      vertex -4.925383 21.437861 2.250000
      vertex -21.910644 1.940346 2.250000
    endloop
  endfacet
  facet normal 0 0 0
    outer loop
      vertex -21.569433 3.222976 2.000000
      vertex -21.910644 1.940346 2.250000
      vertex -9.730553 -19.517796 2.000000
    endloop
  endfacet
  facet normal 0 0 0
    outer loop
      vertex -9.730553 -19.517796 2.000000
      vertex -21.910644 1.940346 2.250000
      vertex -8.616140 -20.238661 2.250000
    endloop
  endfacet
  facet normal 0 0 0
    outer loop
      vertex -9.730553 -19.517796 2.000000
      vertex -8.616140 -20.238661 2.250000
      vertex 15.555620 -15.285637 2.000000
    endloop
  endfacet
  facet normal 0 0 0
    outer loop
      vertex 15.555620 -15.285637 2.000000
      vertex -8.616140 -20.238661 2.250000
      vertex 16.585577 -14.448526 2.250000
    endloop
  endfacet
  facet normal 0 0 0
    outer loop
      vertex 15.555620 -15.285637 2.000000
      vertex 16.585577 -14.448526 2.250000
      vertex 19.344455 10.070752 2.000000
    endloop
  endfacet
  facet normal 0 0 0
    outer loop
      vertex 19.344455 10.070752 2.000000
      vertex 16.585577 -14.448526 2.250000
      vertex 18.866590 11.308981 2.250000
    endloop
  endfacet
  facet normal 0 0 0
    outer loop
      vertex 18.866590 11.308981 2.250000
      vertex 18.298488 12.518422 2.500000
      vertex -4.925383 21.437861 2.250000
    endloop
  endfacet
  facet normal 0 0 0
    outer loop
      vertex -4.925383 21.437861 2.250000
      vertex 18.298488 12.518422 2.500000
      vertex -6.251183 21.271302 2.500000
    endloop
  endfacet
  facet normal 0 0 0
    outer loop
      vertex -4.925383 21.437861 2.250000
      vertex -6.251183 21.271302 2.500000
      vertex -21.910644 1.940346 2.250000
    endloop
  endfacet
  facet normal 0 0 0
    outer loop
      vertex -21.910644 1.940346 2.250000
      vertex -6.251183 21.271302 2.500000
      vertex -22.161932 0.627965 2.500000
    endloop
  endfacet
  facet normal 0 0 0
    outer loop
      vertex -21.910644 1.940346 2.250000
      vertex -22.161932 0.627965 2.500000
      vertex -8.616140 -20.238661 2.250000
    endloop
  endfacet
  facet normal 0 0 0
    outer loop
      vertex -8.616140 -20.238661 2.250000
      vertex -22.161932 0.627965 2.500000
      vertex -7.445644 -20.883198 2.500000
    endloop
  endfacet
  facet normal 0 0 0
    outer loop
      vertex -8.616140 -20.238661 2.250000
      vertex -7.445644 -20.883198 2.500000
      vertex 16.585577 -14.448526 2.250000
    endloop
  endfacet
  facet normal 0 0 0
    outer loop
      vertex 16.585577 -14.448526 2.250000
      vertex -7.445644 -20.883198 2.500000
      vertex 17.560271 -13.534491 2.500000
    endloop
  endfacet
  facet normal 0 0 0
    outer loop
      vertex 16.585577 -14.448526 2.250000
      vertex 17.560271 -13.534491 2.500000
      vertex 18.866590 11.308981 2.250000
    endloop
  endfacet
  facet normal 0 0 0
    outer loop
      vertex 18.866590 11.308981 2.250000
      vertex 17.560271 -13.534491 2.500000
      vertex 18.298488 12.518422 2.500000
    endloop
  endfacet
  facet normal 0 0 0
    outer loop
      vertex 18.298488 12.518422 2.500000
      vertex 17.641504 13.691372 2.750000
      vertex -6.251183 21.271302 2.500000
    endloop
  endfacet
  facet normal 0 0 0
    outer loop
      vertex -6.251183 21.271302 2.500000
      vertex 17.641504 13.691372 2.750000
      vertex -7.569744 21.008934 2.750000
    endloop
  endfacet
  facet normal 0 0 0
    outer loop
      vertex -6.251183 21.271302 2.500000
      vertex -7.569744 21.008934 2.750000
      vertex -22.161932 0.627965 2.500000
    endloop
  endfacet
  facet normal 0 0 0
    outer loop
      vertex -22.161932 0.627965 2.500000
      vertex -7.569744 21.008934 2.750000
      vertex -22.319863 -0.707137 2.750000
    endloop
  endfacet
  facet normal 0 0 0
    outer loop
      vertex -22.161932 0.627965 2.500000
      vertex -22.319863 -0.707137 2.750000
      vertex -7.445644 -20.883198 2.500000
    endloop
  endfacet
  facet normal 0 0 0
    outer loop
      vertex -7.445644 -20.883198 2.500000
      vertex -22.319863 -0.707137 2.750000
      vertex -6.224690 -21.445968 2.750000
    endloop
  endfacet
  facet normal 0 0 0
    outer loop
      vertex -7.445644 -20.883198 2.500000
      vertex -6.224690 -21.445968 2.750000
      vertex 17.560271 -13.534491 2.500000
    endloop
  endfacet
  facet normal 0 0 0
    outer loop
      vertex 17.560271 -13.534491 2.500000
      vertex -6.224690 -21.445968 2.750000
      vertex 18.472793 -12.547200 2.750000
    endloop
  endfacet
  facet normal 0 0 0
    outer loop
      vertex 17.560271 -13.534491 2.500000
      vertex 18.472793 -12.547200 2.750000
      vertex 18.298488 12.518422 2.500000
    endloop
  endfacet
  facet normal 0 0 0
    outer loop
      vertex 18.298488 12.518422 2.500000
      vertex 18.472793 -12.547200 2.750000
      vertex 17.641504 13.691372 2.750000
    endloop
  endfacet
  facet normal 0 0 0
    outer loop
      vertex 17.641504 13.691372 2.750000
      vertex 16.897785 14.820175 3.000000
      vertex -7.569744 21.008934 2.750000
    endloop
  endfacet
  facet normal 0 0 0
    outer loop
      vertex -7.569744 21.008934 2.750000
      vertex 16.897785 14.820175 3.000000
      vertex -8.873121 20.650434 3.000000
    endloop
  endfacet
  facet normal 0 0 0
    outer loop
      vertex -7.569744 21.008934 2.750000
      vertex -8.873121 20.650434 3.000000
      vertex -22.319863 -0.707137 2.750000
    endloop
  endfacet
  facet normal 0 0 0
    outer loop
      vertex -22.319863 -0.707137 2.750000
      vertex -8.873121 20.650434 3.000000
      vertex -22.381675 -2.057505 3.000000
    endloop
  endfacet
  facet normal 0 0 0
    outer loop
      vertex -22.319863 -0.707137 2.750000
      vertex -22.381675 -2.057505 3.000000
      vertex -6.224690 -21.445968 2.750000
    endloop
  endfacet
  facet normal 0 0 0
    outer loop
      vertex -6.224690 -21.445968 2.750000
      vertex -22.381675 -2.057505 3.000000
      vertex -4.959515 -21.922042 3.000000
    endloop
  endfacet
  facet normal 0 0 0
    outer loop
      vertex -6.224690 -21.445968 2.750000
      vertex -4.959515 -21.922042 3.000000
      vertex 18.472793 -12.547200 2.750000
    endloop
  endfacet
  facet normal 0 0 0
    outer loop
      vertex 18.472793 -12.547200 2.750000
      vertex -4.959515 -21.922042 3.000000
      vertex 19.316527 -11.491062 3.000000
    endloop
  endfacet
  facet normal 0 0 0
    outer loop
      vertex 18.472793 -12.547200 2.750000
      vertex 19.316527 -11.491062 3.000000
      vertex 17.641504 13.691372 2.750000
    endloop
  endfacet
  facet normal 0 0 0
    outer loop
      vertex 17.641504 13.691372 2.750000
      vertex 19.316527 -11.491062 3.000000
      vertex 16.897785 14.820175 3.000000
    endloop
  endfacet
  facet normal 0 0 0
    outer loop
      vertex 16.897785 14.820175 3.000000
      vertex 16.070274 15.897324 3.250000
      vertex -8.873121 20.650434 3.000000
    endloop
  endfacet
  facet normal 0 0 0
    outer loop
      vertex -8.873121 20.650434 3.000000
      vertex 16.070274 15.897324 3.250000
      vertex -10.153266 20.196282 3.250000
    endloop
  endfacet
  facet normal 0 0 0
    outer loop
      vertex -8.873121 20.650434 3.000000
      vertex -10.153266 20.196282 3.250000
      vertex -22.381675 -2.057505 3.000000
    endloop
  endfacet
  facet normal 0 0 0
    outer loop
      vertex -22.381675 -2.057505 3.000000
      vertex -10.153266 20.196282 3.250000
      vertex -22.345338 -3.415335 3.250000
    endloop
  endfacet
  facet normal 0 0 0
    outer loop
      vertex -22.381675 -2.057505 3.000000
      vertex -22.345338 -3.415335 3.250000
      vertex -4.959515 -21.922042 3.000000
    endloop
  endfacet
  facet normal 0 0 0
    outer loop
      vertex -4.959515 -21.922042 3.000000
      vertex -22.345338 -3.415335 3.250000
      vertex -3.656912 -22.307076 3.250000
    endloop
  endfacet
  facet normal 0 0 0
    outer loop
      vertex -4.959515 -21.922042 3.000000
      vertex -3.656912 -22.307076 3.250000
      vertex 19.316527 -11.491062 3.000000
    endloop
  endfacet
  facet normal 0 0 0
    outer loop
      vertex 19.316527 -11.491062 3.000000
      vertex -3.656912 -22.307076 3.250000
      vertex 20.085242 -10.371196 3.250000
    endloop
  endfacet
  facet normal 0 0 0
    outer loop
      vertex 19.316527 -11.491062 3.000000
      vertex 20.085242 -10.371196 3.250000
      vertex 16.897785 14.820175 3.000000
    endloop
  endfacet
  facet normal 0 0 0
    outer loop
      vertex 16.897785 14.820175 3.000000
      vertex 20.085242 -10.371196 3.250000
      vertex 16.070274 15.897324 3.250000
    endloop
  endfacet
  facet normal 0 0 0
    outer loop
      vertex 16.070274 15.897324 3.250000
      vertex 15.162694 16.915554 3.500000
      vertex -10.153266 20.196282 3.250000
    endloop
  endfacet
  facet normal 0 0 0
    outer loop
      vertex -10.153266 20.196282 3.250000
      vertex 15.162694 16.915554 3.500000
      vertex -11.402118 19.647773 3.500000
    endloop
  endfacet
  facet normal 0 0 0
    outer loop
      vertex -10.153266 20.196282 3.250000
      vertex -11.402118 19.647773 3.500000
      vertex -22.345338 -3.415335 3.250000
    endloop
  endfacet
  facet normal 0 0 0
    outer loop
      vertex -22.345338 -3.415335 3.250000
      vertex -11.402118 19.647773 3.500000
      vertex -22.209590 -4.772563 3.500000
    endloop
  endfacet
  facet normal 0 0 0
    outer loop
      vertex -22.345338 -3.415335 3.250000
      vertex -22.209590 -4.772563 3.500000
      vertex -3.656912 -22.307076 3.250000
    endloop
  endfacet
  facet normal 0 0 0
    outer loop
      vertex -3.656912 -22.307076 3.250000
      vertex -22.209590 -4.772563 3.500000
      vertex -2.324164 -22.597379 3.500000
    endloop
  endfacet
  facet normal 0 0 0
    outer loop
      vertex -3.656912 -22.307076 3.250000
      vertex -2.324164 -22.597379 3.500000
      vertex 20.085242 -10.371196 3.250000
    endloop
  endfacet
  facet normal 0 0 0
    outer loop
      vertex 20.085242 -10.371196 3.250000
      vertex -2.324164 -22.597379 3.500000
      vertex 20.773178 -9.193385 3.500000
    endloop
  endfacet
  facet normal 0 0 0
    outer loop
      vertex 20.085242 -10.371196 3.250000
      vertex 20.773178 -9.193385 3.500000
      vertex 16.070274 15.897324 3.250000
    endloop
  endfacet
  facet normal 0 0 0
    outer loop
      vertex 16.070274 15.897324 3.250000
      vertex 20.773178 -9.193385 3.500000
      vertex 15.162694 16.915554 3.500000
    endloop
  endfacet
  facet normal 0 0 0
    outer loop
      vertex 15.162694 16.915554 3.500000
      vertex 14.179521 17.867933 3.750000
      vertex -11.402118 19.647773 3.500000
    endloop
  endfacet
  facet normal 0 0 0
    outer loop
      vertex -11.402118 19.647773 3.500000
      vertex 14.179521 17.867933 3.750000
      vertex -12.611702 19.007020 3.750000
    endloop
  endfacet
  facet normal 0 0 0
    outer loop
      vertex -11.402118 19.647773 3.500000
      vertex -12.611702 19.007020 3.750000
      vertex -22.209590 -4.772563 3.500000
    endloop
  endfacet
  facet normal 0 0 0
    outer loop
      vertex -22.209590 -4.772563 3.500000
      vertex -12.611702 19.007020 3.750000
      vertex -21.973981 -6.120949 3.750000
    endloop
  endfacet
  facet normal 0 0 0
    outer loop
      vertex -22.209590 -4.772563 3.500000
      vertex -21.973981 -6.120949 3.750000
      vertex -2.324164 -22.597379 3.500000
    endloop
  endfacet
  facet normal 0 0 0
    outer loop
      vertex -2.324164 -22.597379 3.500000
      vertex -21.973981 -6.120949 3.750000
      vertex -0.968965 -22.789975 3.750000
    endloop
  endfacet
  facet normal 0 0 0
    outer loop
      vertex -2.324164 -22.597379 3.500000
      vertex -0.968965 -22.789975 3.750000
      vertex 20.773178 -9.193385 3.500000
    endloop
  endfacet
  facet normal 0 0 0
    outer loop
      vertex 20.773178 -9.193385 3.500000
      vertex -0.968965 -22.789975 3.750000
      vertex 21.375127 -7.964030 3.750000
    endloop
  endfacet
  facet normal 0 0 0
    outer loop
      vertex 20.773178 -9.193385 3.500000
      vertex 21.375127 -7.964030 3.750000
      vertex 15.162694 16.915554 3.500000
    endloop
  endfacet
  facet normal 0 0 0
    outer loop
      vertex 15.162694 16.915554 3.500000
      vertex 21.375127 -7.964030 3.750000
      vertex 14.179521 17.867933 3.750000
    endloop
  endfacet
  facet normal 0 0 0
    outer loop
      vertex 14.179521 17.867933 3.750000
      vertex 13.125944 18.747954 4.000000
      vertex -12.611702 19.007020 3.750000
    endloop
  endfacet
  facet normal 0 0 0
    outer loop
      vertex -12.611702 19.007020 3.750000
      vertex 13.125944 18.747954 4.000000
      vertex -13.774224 18.276952 4.000000
    endloop
  endfacet
  facet normal 0 0 0
    outer loop
      vertex -12.611702 19.007020 3.750000
      vertex -13.774224 18.276952 4.000000
      vertex -21.973981 -6.120949 3.750000
    endloop
  endfacet
  facet normal 0 0 0
    outer loop
      vertex -21.973981 -6.120949 3.750000
      vertex -13.774224 18.276952 4.000000
      vertex -21.638883 -7.452177 4.000000
    endloop
  endfacet
  facet normal 0 0 0
    outer loop
      vertex -21.973981 -6.120949 3.750000
      vertex -21.638883 -7.452177 4.000000
      vertex -0.968965 -22.789975 3.750000
    endloop
  endfacet
  facet normal 0 0 0
    outer loop
      vertex -0.968965 -22.789975 3.750000
      vertex -21.638883 -7.452177 4.000000
      vertex 0.400659 -22.882650 4.000000
    endloop
  endfacet
  facet normal 0 0 0
    outer loop
      vertex -0.968965 -22.789975 3.750000
      vertex 0.400659 -22.882650 4.000000
      vertex 21.375127 -7.964030 3.750000
    endloop
  endfacet
  facet normal 0 0 0
    outer loop
      vertex 21.375127 -7.964030 3.750000
      vertex 0.400659 -22.882650 4.000000
      vertex 21.886504 -6.690079 4.000000
    endloop
  endfacet
  facet normal 0 0 0
    outer loop
      vertex 21.375127 -7.964030 3.750000
      vertex 21.886504 -6.690079 4.000000
      vertex 14.179521 17.867933 3.750000
    endloop
  endfacet
  facet normal 0 0 0
    outer loop
      vertex 14.179521 17.867933 3.750000
      vertex 21.886504 -6.690079 4.000000
      vertex 13.125944 18.747954 4.000000
    endloop
  endfacet
  facet normal 0 0 0
    outer loop
      vertex 13.125944 18.747954 4.000000
      vertex 12.007823 19.549617 4.250000
      vertex -13.774224 18.276952 4.000000
    endloop
  endfacet
  facet normal 0 0 0
    outer loop
      vertex -13.774224 18.276952 4.000000
      vertex 12.007823 19.549617 4.250000
      vertex -14.882169 17.461282 4.250000
    endloop
  endfacet
  facet normal 0 0 0
    outer loop
      vertex -13.774224 18.276952 4.000000
      vertex -14.882169 17.461282 4.250000
      vertex -21.638883 -7.452177 4.000000
    endloop
  endfacet
  facet normal 0 0 0
    outer loop
      vertex -21.638883 -7.452177 4.000000
      vertex -14.882169 17.461282 4.250000
      vertex -21.205509 -8.757951 4.250000
    endloop
  endfacet
  facet normal 0 0 0
    outer loop
      vertex -21.638883 -7.452177 4.000000
      vertex -21.205509 -8.757951 4.250000
      vertex 0.400659 -22.882650 4.000000
    endloop
  endfacet
  facet normal 0 0 0
    outer loop
      vertex 0.400659 -22.882650 4.000000
      vertex -21.205509 -8.757951 4.250000
      vertex 1.776444 -22.873993 4.250000
    endloop
  endfacet
  facet normal 0 0 0
    outer loop
      vertex 0.400659 -22.882650 4.000000
      vertex 1.776444 -22.873993 4.250000
      vertex 21.886504 -6.690079 4.000000
    endloop
  endfacet
  facet normal 0 0 0
    outer loop
      vertex 21.886504 -6.690079 4.000000
      vertex 1.776444 -22.873993 4.250000
      vertex 22.303412 -5.378954 4.250000
    endloop
  endfacet
  facet normal 0 0 0
    outer loop
      vertex 21.886504 -6.690079 4.000000
      vertex 22.303412 -5.378954 4.250000
      vertex 13.125944 18.747954 4.000000
    endloop
  endfacet
  facet normal 0 0 0
    outer loop
      vertex 13.125944 18.747954 4.000000
      vertex 22.303412 -5.378954 4.250000
      vertex 12.007823 19.549617 4.250000
    endloop
  endfacet
  facet normal 0 0 0
    outer loop
      vertex 12.007823 19.549617 4.250000
      vertex 10.831618 20.267505 4.500000
      vertex -14.882169 17.461282 4.250000
    endloop
  endfacet
  facet normal 0 0 0
    outer loop
      vertex -14.882169 17.461282 4.250000
      vertex 10.831618 20.267505 4.500000
      vertex -15.928389 16.564485 4.500000
    endloop
  endfacet
  facet normal 0 0 0
    outer loop
      vertex -14.882169 17.461282 4.250000
      vertex -15.928389 16.564485 4.500000
      vertex -21.205509 -8.757951 4.250000
    endloop
  endfacet
  facet normal 0 0 0
    outer loop
      vertex -21.205509 -8.757951 4.250000
      vertex -15.928389 16.564485 4.500000
      vertex -20.675904 -10.030091 4.500000
    endloop
  endfacet
  facet normal 0 0 0
    outer loop
      vertex -21.205509 -8.757951 4.250000
      vertex -20.675904 -10.030091 4.500000
      vertex 1.776444 -22.873993 4.250000
    endloop
  endfacet
  facet normal 0 0 0
    outer loop
      vertex 1.776444 -22.873993 4.250000
      vertex -20.675904 -10.030091 4.500000
      vertex 3.149977 -22.763422 4.500000
    endloop
  endfacet
  facet normal 0 0 0
    outer loop
      vertex 1.776444 -22.873993 4.250000
      vertex 3.149977 -22.763422 4.500000
      vertex 22.303412 -5.378954 4.250000
    endloop
  endfacet
  facet normal 0 0 0
    outer loop
      vertex 22.303412 -5.378954 4.250000
      vertex 3.149977 -22.763422 4.500000
      vertex 22.622697 -4.038478 4.500000
    endloop
  endfacet
  facet normal 0 0 0
    outer loop
      vertex 22.303412 -5.378954 4.250000
      vertex 22.622697 -4.038478 4.500000
      vertex 12.007823 19.549617 4.250000
    endloop
  endfacet
  facet normal 0 0 0
    outer loop
      vertex 12.007823 19.549617 4.250000
      vertex 22.622697 -4.038478 4.500000
      vertex 10.831618 20.267505 4.500000
    endloop
  endfacet
  facet normal 0 0 0
    outer loop
      vertex 10.831618 20.267505 4.500000
      vertex 9.604329 20.896858 4.750000
      vertex -15.928389 16.564485 4.500000
    endloop
  endfacet
  facet normal 0 0 0
    outer loop
      vertex -15.928389 16.564485 4.500000
      vertex 9.604329 20.896858 4.750000
      vertex -16.906192 15.591744 4.750000
    endloop
  endfacet
  facet normal 0 0 0
    outer loop
      vertex -15.928389 16.564485 4.500000
      vertex -16.906192 15.591744 4.750000
      vertex -20.675904 -10.030091 4.500000
    endloop
  endfacet
  facet normal 0 0 0
    outer loop
      vertex -20.675904 -10.030091 4.500000
      vertex -16.906192 15.591744 4.750000
      vertex -20.052930 -11.260631 4.750000
    endloop
  endfacet
  facet normal 0 0 0
    outer loop
      vertex -20.675904 -10.030091 4.500000
      vertex -20.052930 -11.260631 4.750000
      vertex 3.149977 -22.763422 4.500000
    endloop
  endfacet
  facet normal 0 0 0
    outer loop
      vertex 3.149977 -22.763422 4.500000
      vertex -20.052930 -11.260631 4.750000
      vertex 4.512800 -22.551196 4.750000
    endloop
  endfacet
  facet normal 0 0 0
    outer loop
      vertex 3.149977 -22.763422 4.500000
      vertex 4.512800 -22.551196 4.750000
      vertex 22.622697 -4.038478 4.500000
    endloop
  endfacet
  facet normal 0 0 0
    outer loop
      vertex 22.622697 -4.038478 4.500000
      vertex 4.512800 -22.551196 4.750000
      vertex 22.841994 -2.676775 4.750000
    endloop
  endfacet
  facet normal 0 0 0
    outer loop
      vertex 22.622697 -4.038478 4.500000
      vertex 22.841994 -2.676775 4.750000
      vertex 10.831618 20.267505 4.500000
    endloop
  endfacet
  facet normal 0 0 0
    outer loop
      vertex 10.831618 20.267505 4.500000
      vertex 22.841994 -2.676775 4.750000
      vertex 9.604329 20.896858 4.750000
    endloop
  endfacet
  facet normal 0 0 0
    outer loop
      vertex 9.604329 20.896858 4.750000
      vertex 8.333410 21.433627 5.000000
      vertex -16.906192 15.591744 4.750000
    endloop
  endfacet
  facet normal 0 0 0
    outer loop
      vertex -16.906192 15.591744 4.750000
      vertex 8.333410 21.433627 5.000000
      vertex -17.809425 14.548899 5.000000
    endloop
  endfacet
  facet normal 0 0 0
    outer loop
      vertex -16.906192 15.591744 4.750000
      vertex -17.809425 14.548899 5.000000
      vertex -20.052930 -11.260631 4.750000
    endloop
  endfacet
  facet normal 0 0 0
    outer loop
      vertex -20.052930 -11.260631 4.750000
      vertex -17.809425 14.548899 5.000000
      vertex -19.340240 -12.441913 5.000000
    endloop
  endfacet
  facet normal 0 0 0
    outer loop
      vertex -20.052930 -11.260631 4.750000
      vertex -19.340240 -12.441913 5.000000
      vertex 4.512800 -22.551196 4.750000
    endloop
  endfacet
  facet normal 0 0 0
    outer loop
      vertex 4.512800 -22.551196 4.750000
      vertex -19.340240 -12.441913 5.000000
      vertex 5.856500 -22.238424 5.000000
    endloop
  endfacet
  facet normal 0 0 0
    outer loop
      vertex 4.512800 -22.551196 4.750000
      vertex 5.856500 -22.238424 5.000000
      vertex 22.841994 -2.676775 4.750000
    endloop
  endfacet
  facet normal 0 0 0
    outer loop
      vertex 22.841994 -2.676775 4.750000
      vertex 5.856500 -22.238424 5.000000
      vertex 22.959756 -1.302189 5.000000
    endloop
  endfacet
  facet normal 0 0 0
    outer loop
      vertex 22.841994 -2.676775 4.750000
      vertex 22.959756 -1.302189 5.000000
      vertex 9.604329 20.896858 4.750000
    endloop
  endfacet
  facet normal 0 0 0
    outer loop
      vertex 9.604329 20.896858 4.750000
      vertex 22.959756 -1.302189 5.000000
      vertex 8.333410 21.433627 5.000000
    endloop
  endfacet
  facet normal 0 0 0
    outer loop
      vertex 8.333410 21.433627 5.000000
      vertex 7.026689 21.874525 5.250000
      vertex -17.809425 14.548899 5.000000
    endloop
  endfacet
  facet normal 0 0 0
    outer loop
      vertex -17.809425 14.548899 5.000000
      vertex 7.026689 21.874525 5.250000
      vertex -18.632543 13.442379 5.250000
    endloop
  endfacet
  facet normal 0 0 0
    outer loop
      vertex -17.809425 14.548899 5.000000
      vertex -18.632543 13.442379 5.250000
      vertex -19.340240 -12.441913 5.000000
    endloop
  endfacet
  facet normal 0 0 0
    outer loop
      vertex -19.340240 -12.441913 5.000000
      vertex -18.632543 13.442379 5.250000
      vertex -18.542234 -13.566678 5.250000
    endloop
  endfacet
  facet normal 0 0 0
    outer loop
      vertex -19.340240 -12.441913 5.000000
      vertex -18.542234 -13.566678 5.250000
      vertex 5.856500 -22.238424 5.000000
    endloop
  endfacet
  facet normal 0 0 0
    outer loop
      vertex 5.856500 -22.238424 5.000000
      vertex -18.542234 -13.566678 5.250000
      vertex 7.172812 -21.827047 5.250000
    endloop
  endfacet
  facet normal 0 0 0
    outer loop
      vertex 5.856500 -22.238424 5.000000
      vertex 7.172812 -21.827047 5.250000
      vertex 22.959756 -1.302189 5.000000
    endloop
  endfacet
  facet normal 0 0 0
    outer loop
      vertex 22.959756 -1.302189 5.000000
      vertex 7.172812 -21.827047 5.250000
      vertex 22.975276 0.076821 5.250000
    endloop
  endfacet
  facet normal 0 0 0
    outer loop
      vertex 22.959756 -1.302189 5.000000
      vertex 22.975276 0.076821 5.250000
      vertex 8.333410 21.433627 5.000000
    endloop
  endfacet
  facet normal 0 0 0
    outer loop
      vertex 8.333410 21.433627 5.000000
      vertex 22.975276 0.076821 5.250000
      vertex 7.026689 21.874525 5.250000
    endloop
  endfacet
  facet normal 0 0 0
    outer loop
      vertex 7.026689 21.874525 5.250000
      vertex 5.692277 22.217066 5.500000
      vertex -18.632543 13.442379 5.250000
    endloop
  endfacet
  facet normal 0 0 0
    outer loop
      vertex -18.632543 13.442379 5.250000
      vertex 5.692277 22.217066 5.500000
      vertex -19.370676 12.279128 5.500000
    endloop
  endfacet
  facet normal 0 0 0
    outer loop
      vertex -18.632543 13.442379 5.250000
      vertex -19.370676 12.279128 5.500000
      vertex -18.542234 -13.566678 5.250000
    endloop
  endfacet
  facet normal 0 0 0
    outer loop
      vertex -18.542234 -13.566678 5.250000
      vertex -19.370676 12.279128 5.500000
      vertex -17.664013 -14.628148 5.500000
    endloop
  endfacet
  facet normal 0 0 0
    outer loop
      vertex -18.542234 -13.566678 5.250000
      vertex -17.664013 -14.628148 5.500000
      vertex 7.172812 -21.827047 5.250000
    endloop
  endfacet
  facet normal 0 0 0
    outer loop
      vertex 7.172812 -21.827047 5.250000
      vertex -17.664013 -14.628148 5.500000
      vertex 8.453715 -21.319821 5.500000
    endloop
  endfacet
  facet normal 0 0 0
    outer loop
      vertex 7.172812 -21.827047 5.250000
      vertex 8.453715 -21.319821 5.500000
      vertex 22.975276 0.076821 5.250000
    endloop
  endfacet
  facet normal 0 0 0
    outer loop
      vertex 22.975276 0.076821 5.250000
      vertex 8.453715 -21.319821 5.500000
      vertex 22.888696 1.451774 5.500000
    endloop
  endfacet
  facet normal 0 0 0
    outer loop
      vertex 22.975276 0.076821 5.250000
      vertex 22.888696 1.451774 5.500000
      vertex 7.026689 21.874525 5.250000
    endloop
  endfacet
  facet normal 0 0 0
    outer loop
      vertex 7.026689 21.874525 5.250000
      vertex 22.888696 1.451774 5.500000
      vertex 5.692277 22.217066 5.500000
    endloop
  endfacet
  facet normal 0 0 0
    outer loop
      vertex 5.692277 22.217066 5.500000
      vertex 4.338467 22.459592 5.750000
      vertex -19.370676 12.279128 5.500000
    endloop
  endfacet
  facet normal 0 0 0
    outer loop
      vertex -19.370676 12.279128 5.500000
      vertex 4.338467 22.459592 5.750000
      vertex -20.019682 11.066523 5.750000
    endloop
  endfacet
  facet normal 0 0 0
    outer loop
      vertex -19.370676 12.279128 5.500000
      vertex -20.019682 11.066523 5.750000
      vertex -17.664013 -14.628148 5.500000
    endloop
  endfacet
  facet normal 0 0 0
    outer loop
      vertex -17.664013 -14.628148 5.500000
      vertex -20.019682 11.066523 5.750000
      vertex -16.711311 -15.620105 5.750000
    endloop
  endfacet
  facet normal 0 0 0
    outer loop
      vertex -17.664013 -14.628148 5.500000
      vertex -16.711311 -15.620105 5.750000
      vertex 8.453715 -21.319821 5.500000
    endloop
  endfacet
  facet normal 0 0 0
    outer loop
      vertex 8.453715 -21.319821 5.500000
      vertex -16.711311 -15.620105 5.750000
      vertex 9.691523 -20.720279 5.750000
    endloop
  endfacet
  facet normal 0 0 0
    outer loop
      vertex 8.453715 -21.319821 5.500000
      vertex 9.691523 -20.720279 5.750000
      vertex 22.888696 1.451774 5.500000
    endloop
  endfacet
  facet normal 0 0 0
    outer loop
      vertex 22.888696 1.451774 5.500000
      vertex 9.691523 -20.720279 5.750000
      vertex 22.701002 2.814268 5.750000
    endloop
  endfacet
  facet normal 0 0 0
    outer loop
      vertex 22.888696 1.451774 5.500000
      vertex 22.701002 2.814268 5.750000
      vertex 5.692277 22.217066 5.500000
    endloop
  endfacet
  facet normal 0 0 0
    outer loop
      vertex 5.692277 22.217066 5.500000
      vertex 22.701002 2.814268 5.750000
      vertex 4.338467 22.459592 5.750000
    endloop
  endfacet
  facet normal 0 0 0
    outer loop
      vertex 4.338467 22.459592 5.750000
      vertex 2.973646 22.601283 6.000000
      vertex -20.019682 11.066523 5.750000
    endloop
  endfacet
  facet normal 0 0 0
    outer loop
      vertex -20.019682 11.066523 5.750000
      vertex 2.973646 22.601283 6.000000
      vertex -20.576191 9.812286 6.000000
    endloop
  endfacet
  facet normal 0 0 0
    outer loop
      vertex -20.019682 11.066523 5.750000
      vertex -20.576191 9.812286 6.000000
      vertex -16.711311 -15.620105 5.750000
    endloop
  endfacet
  facet normal 0 0 0
    outer loop
      vertex -16.711311 -15.620105 5.750000
      vertex -20.576191 9.812286 6.000000
      vertex -15.690431 -16.536957 6.000000
    endloop
  endfacet
  facet normal 0 0 0
    outer loop
      vertex -16.711311 -15.620105 5.750000
      vertex -15.690431 -16.536957 6.000000
      vertex 9.691523 -20.720279 5.750000
    endloop
  endfacet
  facet normal 0 0 0
    outer loop
      vertex 9.691523 -20.720279 5.750000
      vertex -15.690431 -16.536957 6.000000
      vertex 10.878971 -20.032688 6.000000
    endloop
  endfacet
  facet normal 0 0 0
    outer loop
      vertex 9.691523 -20.720279 5.750000
      vertex 10.878971 -20.032688 6.000000
      vertex 22.701002 2.814268 5.750000
    endloop
  endfacet
  facet normal 0 0 0
    outer loop
      vertex 22.701002 2.814268 5.750000
      vertex 10.878971 -20.032688 6.000000
      vertex 22.414005 4.156075 6.000000
    endloop
  endfacet
  facet normal 0 0 0
    outer loop
      vertex 22.701002 2.814268 5.750000
      vertex 22.414005 4.156075 6.000000
      vertex 4.338467 22.459592 5.750000
    endloop
  endfacet
  facet normal 0 0 0
    outer loop
      vertex 4.338467 22.459592 5.750000
      vertex 22.414005 4.156075 6.000000
      vertex 2.973646 22.601283 6.000000
    endloop
  endfacet
  facet normal 0 0 0
    outer loop
      vertex 2.973646 22.601283 6.000000
      vertex 1.606188 22.642160 6.250000
      vertex -20.576191 9.812286 6.000000
    endloop
  endfacet
  facet normal 0 0 0
    outer loop
      vertex -20.576191 9.812286 6.000000
      vertex 1.606188 22.642160 6.250000
      vertex -21.037635 8.524388 6.250000
    endloop
  endfacet
  facet normal 0 0 0
    outer loop
      vertex -20.576191 9.812286 6.000000
      vertex -21.037635 8.524388 6.250000
      vertex -15.690431 -16.536957 6.000000
    endloop
  endfacet
  facet normal 0 0 0
    outer loop
      vertex -15.690431 -16.536957 6.000000
      vertex -21.037635 8.524388 6.250000
      vertex -14.608161 -17.373799 6.250000
    endloop
  endfacet
  facet normal 0 0 0
    outer loop
      vertex -15.690431 -16.536957 6.000000
      vertex -14.608161 -17.373799 6.250000
      vertex 10.878971 -20.032688 6.000000
    endloop
  endfacet
  facet normal 0 0 0
    outer loop
      vertex 10.878971 -20.032688 6.000000
      vertex -14.608161 -17.373799 6.250000
      vertex 12.009294 -19.261986 6.250000
    endloop
  endfacet
  facet normal 0 0 0
    outer loop
      vertex 10.878971 -20.032688 6.000000
      vertex 12.009294 -19.261986 6.250000
      vertex 22.414005 4.156075 6.000000
    endloop
  endfacet
  facet normal 0 0 0
    outer loop
      vertex 22.414005 4.156075 6.000000
      vertex 12.009294 -19.261986 6.250000
      vertex 22.030314 5.469237 6.250000
    endloop
  endfacet
  facet normal 0 0 0
    outer loop
      vertex 22.414005 4.156075 6.000000
      vertex 22.030314 5.469237 6.250000
      vertex 2.973646 22.601283 6.000000
    endloop
  endfacet
  facet normal 0 0 0
    outer loop
      vertex 2.973646 22.601283 6.000000
      vertex 22.030314 5.469237 6.250000
      vertex 1.606188 22.642160 6.250000
    endloop
  endfacet
  facet normal 0 0 0
    outer loop
      vertex 1.606188 22.642160 6.250000
      vertex 0.244364 22.583074 6.500000
      vertex -21.037635 8.524388 6.250000
    endloop
  endfacet
  facet normal 0 0 0
    outer loop
      vertex -21.037635 8.524388 6.250000
      vertex 0.244364 22.583074 6.500000
      vertex -21.402268 7.210957 6.500000
    endloop
  endfacet
  facet normal 0 0 0
    outer loop
      vertex -21.037635 8.524388 6.250000
      vertex -21.402268 7.210957 6.500000
      vertex -14.608161 -17.373799 6.250000
    endloop
  endfacet
  facet normal 0 0 0
    outer loop
      vertex -14.608161 -17.373799 6.250000
      vertex -21.402268 7.210957 6.500000
      vertex -13.471692 -18.126458 6.500000
    endloop
  endfacet
  facet normal 0 0 0
    outer loop
      vertex -14.608161 -17.373799 6.250000
      vertex -13.471692 -18.126458 6.500000
      vertex 12.009294 -19.261986 6.250000
    endloop
  endfacet
  facet normal 0 0 0
    outer loop
      vertex 12.009294 -19.261986 6.250000
      vertex -13.471692 -18.126458 6.500000
      vertex 13.076304 -18.413724 6.500000
    endloop
  endfacet
  facet normal 0 0 0
    outer loop
      vertex 12.009294 -19.261986 6.250000
      vertex 13.076304 -18.413724 6.500000
      vertex 22.030314 5.469237 6.250000
    endloop
  endfacet
  facet normal 0 0 0
    outer loop
      vertex 22.030314 5.469237 6.250000
      vertex 13.076304 -18.413724 6.500000
      vertex 21.553293 6.746150 6.500000
    endloop
  endfacet
  facet normal 0 0 0
    outer loop
      vertex 22.030314 5.469237 6.250000
      vertex 21.553293 6.746150 6.500000
      vertex 1.606188 22.642160 6.250000
    endloop
  endfacet
  facet normal 0 0 0
    outer loop
      vertex 1.606188 22.642160 6.250000
      vertex 21.553293 6.746150 6.500000
      vertex 0.244364 22.583074 6.500000
    endloop
  endfacet
  facet normal 0 0 0
    outer loop
      vertex 0.244364 22.583074 6.500000
      vertex -1.103759 22.425682 6.750000
      vertex -21.402268 7.210957 6.500000
    endloop
  endfacet
  facet normal 0 0 0
    outer loop
      vertex -21.402268 7.210957 6.500000
      vertex -1.103759 22.425682 6.750000
      vertex -21.669171 5.880179 6.750000
    endloop
  endfacet
  facet normal 0 0 0
    outer loop
      vertex -21.402268 7.210957 6.500000
      vertex -21.669171 5.880179 6.750000
      vertex -13.471692 -18.126458 6.500000
    endloop
  endfacet
  facet normal 0 0 0
    outer loop
      vertex -13.471692 -18.126458 6.500000
      vertex -21.669171 5.880179 6.750000
      vertex -12.288525 -18.791531 6.750000
    endloop
  endfacet
  facet normal 0 0 0
    outer loop
      vertex -13.471692 -18.126458 6.500000
      vertex -12.288525 -18.791531 6.750000
      vertex 13.076304 -18.413724 6.500000
    endloop
  endfacet
  facet normal 0 0 0
    outer loop
      vertex 13.076304 -18.413724 6.500000
      vertex -12.288525 -18.791531 6.750000
      vertex 14.074445 -17.493984 6.750000
    endloop
  endfacet
  facet normal 0 0 0
    outer loop
      vertex 13.076304 -18.413724 6.500000
      vertex 14.074445 -17.493984 6.750000
      vertex 21.553293 6.746150 6.500000
    endloop
  endfacet
  facet normal 0 0 0
    outer loop
      vertex 21.553293 6.746150 6.500000
      vertex 14.074445 -17.493984 6.750000
      vertex 20.987011 7.979654 6.750000
    endloop
  endfacet
  facet normal 0 0 0
    outer loop
      vertex 21.553293 6.746150 6.500000
      vertex 20.987011 7.979654 6.750000
      vertex 0.244364 22.583074 6.500000
    endloop
  endfacet
  facet normal 0 0 0
    outer loop
      vertex 0.244364 22.583074 6.500000
      vertex 20.987011 7.979654 6.750000
      vertex -1.103759 22.425682 6.750000
    endloop
  endfacet
  facet normal 0 0 0
    outer loop
      vertex -1.103759 22.425682 6.750000
      vertex -2.430402 22.172410 7.000000
      vertex -21.669171 5.880179 6.750000
    endloop
  endfacet
  facet normal 0 0 0
    outer loop
      vertex -21.669171 5.880179 6.750000
      vertex -2.430402 22.172410 7.000000
      vertex -21.838251 4.540202 7.000000
    endloop
  endfacet
  facet normal 0 0 0
    outer loop
      vertex -21.669171 5.880179 6.750000
      vertex -21.838251 4.540202 7.000000
      vertex -12.288525 -18.791531 6.750000
    endloop
  endfacet
  facet normal 0 0 0
    outer loop
      vertex -12.288525 -18.791531 6.750000
      vertex -21.838251 4.540202 7.000000
      vertex -11.066379 -19.366411 7.000000
    endloop
  endfacet
  facet normal 0 0 0
    outer loop
      vertex -12.288525 -18.791531 6.750000
      vertex -11.066379 -19.366411 7.000000
      vertex 14.074445 -17.493984 6.750000
    endloop
  endfacet
  facet normal 0 0 0
    outer loop
      vertex 14.074445 -17.493984 6.750000
      vertex -11.066379 -19.366411 7.000000
      vertex 14.998852 -16.509302 7.000000
    endloop
  endfacet
  facet normal 0 0 0
    outer loop
      vertex 14.074445 -17.493984 6.750000
      vertex 14.998852 -16.509302 7.000000
      vertex 20.987011 7.979654 6.750000
    endloop
  endfacet
  facet normal 0 0 0
    outer loop
      vertex 20.987011 7.979654 6.750000
      vertex 14.998852 -16.509302 7.000000
      vertex 20.336179 9.163101 7.000000
    endloop
  endfacet
  facet normal 0 0 0
    outer loop
      vertex 20.987011 7.979654 6.750000
      vertex 20.336179 9.163101 7.000000
      vertex -1.103759 22.425682 6.750000
    endloop
  endfacet
  facet normal 0 0 0
    outer loop
      vertex -1.103759 22.425682 6.750000
      vertex 20.336179 9.163101 7.000000
      vertex -2.430402 22.172410 7.000000
    endloop
  endfacet
  facet normal 0 0 0
    outer loop
      vertex -2.430402 22.172410 7.000000
      vertex -3.728162 21.826408 7.250000
      vertex -21.838251 4.540202 7.000000
    endloop
  endfacet
  facet normal 0 0 0
    outer loop
      vertex -21.838251 4.540202 7.000000
      vertex -3.728162 21.826408 7.250000
      vertex -21.910213 3.199038 7.250000
    endloop
  endfacet
  facet normal 0 0 0
    outer loop
      vertex -21.838251 4.540202 7.000000
      vertex -21.910213 3.199038 7.250000
      vertex -11.066379 -19.366411 7.000000
    endloop
  endfacet
  facet normal 0 0 0
    outer loop
      vertex -11.066379 -19.366411 7.000000
      vertex -21.910213 3.199038 7.250000
      vertex -9.813094 -19.849294 7.250000
    endloop
  endfacet
  facet normal 0 0 0
    outer loop
      vertex -11.066379 -19.366411 7.000000
      vertex -9.813094 -19.849294 7.250000
      vertex 14.998852 -16.509302 7.000000
    endloop
  endfacet
  facet normal 0 0 0
    outer loop
      vertex 14.998852 -16.509302 7.000000
      vertex -9.813094 -19.849294 7.250000
      vertex 15.845387 -15.466576 7.250000
    endloop
  endfacet
  facet normal 0 0 0
    outer loop
      vertex 14.998852 -16.509302 7.000000
      vertex 15.845387 -15.466576 7.250000
      vertex 20.336179 9.163101 7.000000
    endloop
  endfacet
  facet normal 0 0 0
    outer loop
      vertex 20.336179 9.163101 7.000000
      vertex 15.845387 -15.466576 7.250000
      vertex 19.606082 10.290424 7.250000
    endloop
  endfacet
  facet normal 0 0 0
    outer loop
      vertex 20.336179 9.163101 7.000000
      vertex 19.606082 10.290424 7.250000
      vertex -2.430402 22.172410 7.000000
    endloop
  endfacet
  facet normal 0 0 0
    outer loop
      vertex -2.430402 22.172410 7.000000
      vertex 19.606082 10.290424 7.250000
      vertex -3.728162 21.826408 7.250000
    endloop
  endfacet
  facet normal 0 0 0
    outer loop
      vertex -3.728162 21.826408 7.250000
      vertex -4.990089 21.391493 7.500000
      vertex -21.910213 3.199038 7.250000
    endloop
  endfacet
  facet normal 0 0 0
    outer loop
      vertex -21.910213 3.199038 7.250000
      vertex -4.990089 21.391493 7.500000
      vertex -21.886541 1.864478 7.500000
    endloop
  endfacet
  facet normal 0 0 0
    outer loop
      vertex -21.910213 3.199038 7.250000
      vertex -21.886541 1.864478 7.500000
      vertex -9.813094 -19.849294 7.250000
    endloop
  endfacet
  facet normal 0 0 0
    outer loop
      vertex -9.813094 -19.849294 7.250000
      vertex -21.886541 1.864478 7.500000
      vertex -8.536538 -20.239182 7.500000
    endloop
  endfacet
  facet normal 0 0 0
    outer loop
      vertex -9.813094 -19.849294 7.250000
      vertex -8.536538 -20.239182 7.500000
      vertex 15.845387 -15.466576 7.250000
    endloop
  endfacet
  facet normal 0 0 0
    outer loop
      vertex 15.845387 -15.466576 7.250000
      vertex -8.536538 -20.239182 7.500000
      vertex 16.610671 -14.372981 7.500000
    endloop
  endfacet
  facet normal 0 0 0
    outer loop
      vertex 15.845387 -15.466576 7.250000
      vertex 16.610671 -14.372981 7.500000
      vertex 19.606082 10.290424 7.250000
    endloop
  endfacet
  facet normal 0 0 0
    outer loop
      vertex 19.606082 10.290424 7.250000
      vertex 16.610671 -14.372981 7.500000
      vertex 18.802497 11.356192 7.500000
    endloop
  endfacet
  facet normal 0 0 0
    outer loop
      vertex 19.606082 10.290424 7.250000
      vertex 18.802497 11.356192 7.500000
      vertex -3.728162 21.826408 7.250000
    endloop
  endfacet
  facet normal 0 0 0
    outer loop
      vertex -3.728162 21.826408 7.250000
      vertex 18.802497 11.356192 7.500000
      vertex -4.990089 21.391493 7.500000
    endloop
  endfacet
  facet normal 0 0 0
    outer loop
      vertex -4.990089 21.391493 7.500000
      vertex -6.209752 20.872084 7.750000
      vertex -21.886541 1.864478 7.500000
    endloop
  endfacet
  facet normal 0 0 0
    outer loop
      vertex -21.886541 1.864478 7.500000
      vertex -6.209752 20.872084 7.750000
      vertex -21.769450 0.544003 7.750000
    endloop
  endfacet
  facet normal 0 0 0
    outer loop
      vertex -21.886541 1.864478 7.500000
      vertex -21.769450 0.544003 7.750000
      vertex -8.536538 -20.239182 7.500000
    endloop
  endfacet
  facet normal 0 0 0
    outer loop
      vertex -8.536538 -20.239182 7.500000
      vertex -21.769450 0.544003 7.750000
      vertex -7.244508 -20.535871 7.750000
    endloop
  endfacet
  facet normal 0 0 0
    outer loop
      vertex -8.536538 -20.239182 7.500000
      vertex -7.244508 -20.535871 7.750000
      vertex 16.610671 -14.372981 7.500000
    endloop
  endfacet
  facet normal 0 0 0
    outer loop
      vertex 16.610671 -14.372981 7.500000
      vertex -7.244508 -20.535871 7.750000
      vertex 17.292098 -13.235869 7.750000
    endloop
  endfacet
  facet normal 0 0 0
    outer loop
      vertex 16.610671 -14.372981 7.500000
      vertex 17.292098 -13.235869 7.750000
      vertex 18.802497 11.356192 7.500000
    endloop
  endfacet
  facet normal 0 0 0
    outer loop
      vertex 18.802497 11.356192 7.500000
      vertex 17.292098 -13.235869 7.750000
      vertex 17.931612 12.355654 7.750000
    endloop
  endfacet
  facet normal 0 0 0
    outer loop
      vertex 18.802497 11.356192 7.500000
      vertex 17.931612 12.355654 7.750000
      vertex -4.990089 21.391493 7.500000
    endloop
  endfacet
  facet normal 0 0 0
    outer loop
      vertex -4.990089 21.391493 7.500000
      vertex 17.931612 12.355654 7.750000
      vertex -6.209752 20.872084 7.750000
    endloop
  endfacet
  facet normal 0 0 0
    outer loop
      vertex -6.209752 20.872084 7.750000
      vertex -7.381303 20.273124 8.000000
      vertex -21.769450 0.544003 7.750000
    endloop
  endfacet
  facet normal 0 0 0
    outer loop
      vertex -21.769450 0.544003 7.750000
      vertex -7.381303 20.273124 8.000000
      vertex -21.561834 -0.755296 8.000000
    endloop
  endfacet
  facet normal 0 0 0
    outer loop
      vertex -21.769450 0.544003 7.750000
      vertex -21.561834 -0.755296 8.000000
      vertex -7.244508 -20.535871 7.750000
    endloop
  endfacet
  facet normal 0 0 0
    outer loop
      vertex -7.244508 -20.535871 7.750000
      vertex -21.561834 -0.755296 8.000000
      vertex -5.944644 -20.739922 8.000000
    endloop
  endfacet
  facet normal 0 0 0
    outer loop
      vertex -7.244508 -20.535871 7.750000
      vertex -5.944644 -20.739922 8.000000
      vertex 17.292098 -13.235869 7.750000
    endloop
  endfacet
  facet normal 0 0 0
    outer loop
      vertex 17.292098 -13.235869 7.750000
      vertex -5.944644 -20.739922 8.000000
      vertex 17.887842 -12.062681 8.000000
    endloop
  endfacet
  facet normal 0 0 0
    outer loop
      vertex 17.292098 -13.235869 7.750000
      vertex 17.887842 -12.062681 8.000000
      vertex 17.931612 12.355654 7.750000
    endloop
  endfacet
  facet normal 0 0 0
    outer loop
      vertex 17.931612 12.355654 7.750000
      vertex 17.887842 -12.062681 8.000000
      vertex 16.999939 13.284776 8.000000
    endloop
  endfacet
  facet normal 0 0 0
    outer loop
      vertex 17.931612 12.355654 7.750000
      vertex 16.999939 13.284776 8.000000
      vertex -6.209752 20.872084 7.750000
    endloop
  endfacet
  facet normal 0 0 0
    outer loop
      vertex -6.209752 20.872084 7.750000
      vertex 16.999939 13.284776 8.000000
      vertex -7.381303 20.273124 8.000000
    endloop
  endfacet
  facet normal 0 0 0
    outer loop
      vertex -7.381303 20.273124 8.000000
      vertex -8.499518 19.600007 8.250000
      vertex -21.561834 -0.755296 8.000000
    endloop
  endfacet
  facet normal 0 0 0
    outer loop
      vertex -21.561834 -0.755296 8.000000
      vertex -8.499518 19.600007 8.250000
      vertex -21.267210 -2.026787 8.250000
    endloop
  endfacet
  facet normal 0 0 0
    outer loop
      vertex -21.561834 -0.755296 8.000000
      vertex -21.267210 -2.026787 8.250000
      vertex -5.944644 -20.739922 8.000000
    endloop
  endfacet
  facet normal 0 0 0
    outer loop
      vertex -5.944644 -20.739922 8.000000
      vertex -21.267210 -2.026787 8.250000
      vertex -4.644340 -20.852630 8.250000
    endloop
  endfacet
  facet normal 0 0 0
    outer loop
      vertex -5.944644 -20.739922 8.000000
      vertex -4.644340 -20.852630 8.250000
      vertex 17.887842 -12.062681 8.000000
    endloop
  endfacet
  facet normal 0 0 0
    outer loop
      vertex 17.887842 -12.062681 8.000000
      vertex -4.644340 -20.852630 8.250000
      vertex 18.396850 -10.860847 8.250000
    endloop
  endfacet
  facet normal 0 0 0
    outer loop
      vertex 17.887842 -12.062681 8.000000
      vertex 18.396850 -10.860847 8.250000
      vertex 16.999939 13.284776 8.000000
    endloop
  endfacet
  facet normal 0 0 0
    outer loop
      vertex 16.999939 13.284776 8.000000
      vertex 18.396850 -10.860847 8.250000
      vertex 16.014219 14.140257 8.250000
    endloop
  endfacet
  facet normal 0 0 0
    outer loop
      vertex 16.999939 13.284776 8.000000
      vertex 16.014219 14.140257 8.250000
      vertex -7.381303 20.273124 8.000000
    endloop
  endfacet
  facet normal 0 0 0
    outer loop
      vertex -7.381303 20.273124 8.000000
      vertex 16.014219 14.140257 8.250000
      vertex -8.499518 19.600007 8.250000
    endloop
  endfacet
  facet normal 0 0 0
    outer loop
      vertex -8.499518 19.600007 8.250000
      vertex -9.559843 18.858488 8.500000
      vertex -21.267210 -2.026787 8.250000
    endloop
  endfacet
  facet normal 0 0 0
    outer loop
      vertex -21.267210 -2.026787 8.250000
      vertex -9.559843 18.858488 8.500000
      vertex -20.889642 -3.264358 8.500000
    endloop
  endfacet
  facet normal 0 0 0
    outer loop
      vertex -21.267210 -2.026787 8.250000
      vertex -20.889642 -3.264358 8.500000
      vertex -4.644340 -20.852630 8.250000
    endloop
  endfacet
  facet normal 0 0 0
    outer loop
      vertex -4.644340 -20.852630 8.250000
      vertex -20.889642 -3.264358 8.500000
      vertex -3.350666 -20.875972 8.500000
    endloop
  endfacet
  facet normal 0 0 0
    outer loop
      vertex -4.644340 -20.852630 8.250000
      vertex -3.350666 -20.875972 8.500000
      vertex 18.396850 -10.860847 8.250000
    endloop
  endfacet
  facet normal 0 0 0
    outer loop
      vertex 18.396850 -10.860847 8.250000
      vertex -3.350666 -20.875972 8.500000
      vertex 18.818816 -9.637702 8.500000
    endloop
  endfacet
  facet normal 0 0 0
    outer loop
      vertex 18.396850 -10.860847 8.250000
      vertex 18.818816 -9.637702 8.500000
      vertex 16.014219 14.140257 8.250000
    endloop
  endfacet
  facet normal 0 0 0
    outer loop
      vertex 16.014219 14.140257 8.250000
      vertex 18.818816 -9.637702 8.500000
      vertex 14.981334 14.919544 8.500000
    endloop
  endfacet
  facet normal 0 0 0
    outer loop
      vertex 16.014219 14.140257 8.250000
      vertex 14.981334 14.919544 8.500000
      vertex -8.499518 19.600007 8.250000
    endloop
  endfacet
  facet normal 0 0 0
    outer loop
      vertex -8.499518 19.600007 8.250000
      vertex 14.981334 14.919544 8.500000
      vertex -9.559843 18.858488 8.500000
    endloop
  endfacet
  facet normal 0 0 0
    outer loop
      vertex -9.559843 18.858488 8.500000
      vertex -10.558412 18.054597 8.750000
      vertex -20.889642 -3.264358 8.500000
    endloop
  endfacet
  facet normal 0 0 0
    outer loop
      vertex -20.889642 -3.264358 8.500000
      vertex -10.558412 18.054597 8.750000
      vertex -20.433671 -4.462469 8.750000
    endloop
  endfacet
  facet normal 0 0 0
    outer loop
      vertex -20.889642 -3.264358 8.500000
      vertex -20.433671 -4.462469 8.750000
      vertex -3.350666 -20.875972 8.500000
    endloop
  endfacet
  facet normal 0 0 0
    outer loop
      vertex -3.350666 -20.875972 8.500000
      vertex -20.433671 -4.462469 8.750000
      vertex -2.070291 -20.812555 8.750000
    endloop
  endfacet
  facet normal 0 0 0
    outer loop
      vertex -3.350666 -20.875972 8.500000
      vertex -2.070291 -20.812555 8.750000
      vertex 18.818816 -9.637702 8.500000
    endloop
  endfacet
  facet normal 0 0 0
    outer loop
      vertex 18.818816 -9.637702 8.500000
      vertex -2.070291 -20.812555 8.750000
      vertex 19.154161 -8.400397 8.750000
    endloop
  endfacet
  facet normal 0 0 0
    outer loop
      vertex 18.818816 -9.637702 8.500000
      vertex 19.154161 -8.400397 8.750000
      vertex 14.981334 14.919544 8.500000
    endloop
  endfacet
  facet normal 0 0 0
    outer loop
      vertex 14.981334 14.919544 8.500000
      vertex 19.154161 -8.400397 8.750000
      vertex 13.908214 15.620824 8.750000
    endloop
  endfacet
  facet normal 0 0 0
    outer loop
      vertex 14.981334 14.919544 8.500000
      vertex 13.908214 15.620824 8.750000
      vertex -9.559843 18.858488 8.500000
    endloop
  endfacet
  facet normal 0 0 0
    outer loop
      vertex -9.559843 18.858488 8.500000
      vertex 13.908214 15.620824 8.750000
      vertex -10.558412 18.054597 8.750000
    endloop
  endfacet
  facet normal 0 0 0
    outer loop
      vertex -10.558412 18.054597 8.750000
      vertex -11.492065 17.194550 9.000000
      vertex -20.433671 -4.462469 8.750000
    endloop
  endfacet
  facet normal 0 0 0
    outer loop
      vertex -20.433671 -4.462469 8.750000
      vertex -11.492065 17.194550 9.000000
      vertex -19.904232 -5.616195 9.000000
    endloop
  endfacet
  facet normal 0 0 0
    outer loop
      vertex -20.433671 -4.462469 8.750000
      vertex -19.904232 -5.616195 9.000000
      vertex -2.070291 -20.812555 8.750000
    endloop
  endfacet
  facet normal 0 0 0
    outer loop
      vertex -2.070291 -20.812555 8.750000
      vertex -19.904232 -5.616195 9.000000
      vertex -0.809427 -20.665550 9.000000
    endloop
  endfacet
  facet normal 0 0 0
    outer loop
      vertex -2.070291 -20.812555 8.750000
      vertex -0.809427 -20.665550 9.000000
      vertex 19.154161 -8.400397 8.750000
    endloop
  endfacet
  facet normal 0 0 0
    outer loop
      vertex 19.154161 -8.400397 8.750000
      vertex -0.809427 -20.665550 9.000000
      vertex 19.403979 -7.155817 9.000000
    endloop
  endfacet
  facet normal 0 0 0
    outer loop
      vertex 19.154161 -8.400397 8.750000
      vertex 19.403979 -7.155817 9.000000
      vertex 13.908214 15.620824 8.750000
    endloop
  endfacet
  facet normal 0 0 0
    outer loop
      vertex 13.908214 15.620824 8.750000
      vertex 19.403979 -7.155817 9.000000
      vertex 12.801746 16.243011 9.000000
    endloop
  endfacet
  facet normal 0 0 0
    outer loop
      vertex 13.908214 15.620824 8.750000
      vertex 12.801746 16.243011 9.000000
      vertex -10.558412 18.054597 8.750000
    endloop
  endfacet
  facet normal 0 0 0
    outer loop
      vertex -10.558412 18.054597 8.750000
      vertex 12.801746 16.243011 9.000000
      vertex -11.492065 17.194550 9.000000
    endloop
  endfacet
  facet normal 0 0 0
    outer loop
      vertex -11.492065 17.194550 9.000000
      vertex -12.358346 16.284658 9.250000
      vertex -19.904232 -5.616195 9.000000
    endloop
  endfacet
  facet normal 0 0 0
    outer loop
      vertex -19.904232 -5.616195 9.000000
      vertex -12.358346 16.284658 9.250000
      vertex -19.306569 -6.721249 9.250000
    endloop
  endfacet
  facet normal 0 0 0
    outer loop
      vertex -19.904232 -5.616195 9.000000
      vertex -19.306569 -6.721249 9.250000
      vertex -0.809427 -20.665550 9.000000
    endloop
  endfacet
  facet normal 0 0 0
    outer loop
      vertex -0.809427 -20.665550 9.000000
      vertex -19.306569 -6.721249 9.250000
      vertex 0.426230 -20.438619 9.250000
    endloop
  endfacet
  facet normal 0 0 0
    outer loop
      vertex -0.809427 -20.665550 9.000000
      vertex 0.426230 -20.438619 9.250000
      vertex 19.403979 -7.155817 9.000000
    endloop
  endfacet
  facet normal 0 0 0
    outer loop
      vertex 19.403979 -7.155817 9.000000
      vertex 0.426230 -20.438619 9.250000
      vertex 19.569994 -5.910512 9.250000
    endloop
  endfacet
  facet normal 0 0 0
    outer loop
      vertex 19.403979 -7.155817 9.000000
      vertex 19.569994 -5.910512 9.250000
      vertex 12.801746 16.243011 9.000000
    endloop
  endfacet
  facet normal 0 0 0
    outer loop
      vertex 12.801746 16.243011 9.000000
      vertex 19.569994 -5.910512 9.250000
      vertex 11.668691 16.785722 9.250000
    endloop
  endfacet
  facet normal 0 0 0
    outer loop
      vertex 12.801746 16.243011 9.000000
      vertex 11.668691 16.785722 9.250000
      vertex -11.492065 17.194550 9.000000
    endloop
  endfacet
  facet normal 0 0 0
    outer loop
      vertex -11.492065 17.194550 9.000000
      vertex 11.668691 16.785722 9.250000
      vertex -12.358346 16.284658 9.250000
    endloop
  endfacet
  facet normal 0 0 0
    outer loop
      vertex -12.358346 16.284658 9.250000
      vertex -13.155496 15.331240 9.500000
      vertex -19.306569 -6.721249 9.250000
    endloop
  endfacet
  facet normal 0 0 0
    outer loop
      vertex -19.306569 -6.721249 9.250000
      vertex -13.155496 15.331240 9.500000
      vertex -18.646148 -7.774007 9.500000
    endloop
  endfacet
  facet normal 0 0 0
    outer loop
      vertex -19.306569 -6.721249 9.250000
      vertex -18.646148 -7.774007 9.500000
      vertex 0.426230 -20.438619 9.250000
    endloop
  endfacet
  facet normal 0 0 0
    outer loop
      vertex 0.426230 -20.438619 9.250000
      vertex -18.646148 -7.774007 9.500000
      vertex 1.631543 -20.135840 9.500000
    endloop
  endfacet
  facet normal 0 0 0
    outer loop
      vertex 0.426230 -20.438619 9.250000
      vertex 1.631543 -20.135840 9.500000
      vertex 19.569994 -5.910512 9.250000
    endloop
  endfacet
  facet normal 0 0 0
    outer loop
      vertex 19.569994 -5.910512 9.250000
      vertex 1.631543 -20.135840 9.500000
      vertex 19.654497 -4.670627 9.500000
    endloop
  endfacet
  facet normal 0 0 0
    outer loop
      vertex 19.569994 -5.910512 9.250000
      vertex 19.654497 -4.670627 9.500000
      vertex 11.668691 16.785722 9.250000
    endloop
  endfacet
  facet normal 0 0 0
    outer loop
      vertex 11.668691 16.785722 9.250000
      vertex 19.654497 -4.670627 9.500000
      vertex 10.515604 17.249234 9.500000
    endloop
  endfacet
  facet normal 0 0 0
    outer loop
      vertex 11.668691 16.785722 9.250000
      vertex 10.515604 17.249234 9.500000
      vertex -12.358346 16.284658 9.250000
    endloop
  endfacet
  facet normal 0 0 0
    outer loop
      vertex -12.358346 16.284658 9.250000
      vertex 10.515604 17.249234 9.500000
      vertex -13.155496 15.331240 9.500000
    endloop
  endfacet
  facet normal 0 0 0
    outer loop
      vertex -13.155496 15.331240 9.500000
      vertex -13.882429 14.340538 9.750000
      vertex -18.646148 -7.774007 9.500000
    endloop
  endfacet
  facet normal 0 0 0
    outer loop
      vertex -18.646148 -7.774007 9.500000
      vertex -13.882429 14.340538 9.750000
      vertex -17.928569 -8.771505 9.750000
    endloop
  endfacet
  facet normal 0 0 0
    outer loop
      vertex -18.646148 -7.774007 9.500000
      vertex -17.928569 -8.771505 9.750000
      vertex 1.631543 -20.135840 9.500000
    endloop
  endfacet
  facet normal 0 0 0
    outer loop
      vertex 1.631543 -20.135840 9.500000
      vertex -17.928569 -8.771505 9.750000
      vertex 2.801965 -19.761626 9.750000
    endloop
  endfacet
  facet normal 0 0 0
    outer loop
      vertex 1.631543 -20.135840 9.500000
      vertex 2.801965 -19.761626 9.750000
      vertex 19.654497 -4.670627 9.500000
    endloop
  endfacet
  facet normal 0 0 0
    outer loop
      vertex 19.654497 -4.670627 9.500000
      vertex 2.801965 -19.761626 9.750000
      vertex 19.660278 -3.441852 9.750000
    endloop
  endfacet
  facet normal 0 0 0
    outer loop
      vertex 19.654497 -4.670627 9.500000
      vertex 19.660278 -3.441852 9.750000
      vertex 10.515604 17.249234 9.500000
    endloop
  endfacet
  facet normal 0 0 0
    outer loop
      vertex 10.515604 17.249234 9.500000
      vertex 19.660278 -3.441852 9.750000
      vertex 9.348755 17.634445 9.750000
    endloop
  endfacet
  facet normal 0 0 0
    outer loop
      vertex 10.515604 17.249234 9.500000
      vertex 9.348755 17.634445 9.750000
      vertex -13.155496 15.331240 9.500000
    endloop
  endfacet
  facet normal 0 0 0
    outer loop
      vertex -13.155496 15.331240 9.500000
      vertex 9.348755 17.634445 9.750000
      vertex -13.882429 14.340538 9.750000
    endloop
  endfacet
  facet normal 0 0 0
    outer loop
      vertex -13.882429 14.340538 9.750000
      vertex -14.538699 13.318639 10.000000
      vertex -17.928569 -8.771505 9.750000
    endloop
  endfacet
  facet normal 0 0 0
    outer loop
      vertex -17.928569 -8.771505 9.750000
      vertex -14.538699 13.318639 10.000000
      vertex -17.159483 -9.711438 10.000000
    endloop
  endfacet
  facet normal 0 0 0
    outer loop
      vertex -17.928569 -8.771505 9.750000
      vertex -17.159483 -9.711438 10.000000
      vertex 2.801965 -19.761626 9.750000
    endloop
  endfacet
  facet normal 0 0 0
    outer loop
      vertex 2.801965 -19.761626 9.750000
      vertex -17.159483 -9.711438 10.000000
      vertex 3.933555 -19.320638 10.000000
    endloop
  endfacet
  facet normal 0 0 0
    outer loop
      vertex 2.801965 -19.761626 9.750000
      vertex 3.933555 -19.320638 10.000000
      vertex 19.660278 -3.441852 9.750000
    endloop
  endfacet
  facet normal 0 0 0
    outer loop
      vertex 19.660278 -3.441852 9.750000
      vertex 3.933555 -19.320638 10.000000
      vertex 19.590554 -2.229373 10.000000
    endloop
  endfacet
  facet normal 0 0 0
    outer loop
      vertex 19.660278 -3.441852 9.750000
      vertex 19.590554 -2.229373 10.000000
      vertex 9.348755 17.634445 9.750000
    endloop
  endfacet
  facet normal 0 0 0
    outer loop
      vertex 9.348755 17.634445 9.750000
      vertex 19.590554 -2.229373 10.000000
      vertex 8.174073 17.942810 10.000000
    endloop
  endfacet
  facet normal 0 0 0
    outer loop
      vertex 9.348755 17.634445 9.750000
      vertex 8.174073 17.942810 10.000000
      vertex -13.882429 14.340538 9.750000
    endloop
  endfacet
  facet normal 0 0 0
    outer loop
      vertex -13.882429 14.340538 9.750000
      vertex 8.174073 17.942810 10.000000
      vertex -14.538699 13.318639 10.000000
    endloop
  endfacet
  facet normal 0 0 0
    outer loop
      vertex -14.538699 13.318639 10.000000
      vertex -15.124457 12.271401 10.250000
      vertex -17.159483 -9.711438 10.000000
    endloop
  endfacet
  facet normal 0 0 0
    outer loop
      vertex -17.159483 -9.711438 10.000000
      vertex -15.124457 12.271401 10.250000
      vertex -16.344510 -10.592142 10.250000
    endloop
  endfacet
  facet normal 0 0 0
    outer loop
      vertex -17.159483 -9.711438 10.000000
      vertex -16.344510 -10.592142 10.250000
      vertex 3.933555 -19.320638 10.000000
    endloop
  endfacet
  facet normal 0 0 0
    outer loop
      vertex 3.933555 -19.320638 10.000000
      vertex -16.344510 -10.592142 10.250000
      vertex 5.022994 -18.817704 10.250000
    endloop
  endfacet
  facet normal 0 0 0
    outer loop
      vertex 3.933555 -19.320638 10.000000
      vertex 5.022994 -18.817704 10.250000
      vertex 19.590554 -2.229373 10.000000
    endloop
  endfacet
  facet normal 0 0 0
    outer loop
      vertex 19.590554 -2.229373 10.000000
      vertex 5.022994 -18.817704 10.250000
      vertex 19.448891 -1.037839 10.250000
    endloop
  endfacet
  facet normal 0 0 0
    outer loop
      vertex 19.590554 -2.229373 10.000000
      vertex 19.448891 -1.037839 10.250000
      vertex 8.174073 17.942810 10.000000
    endloop
  endfacet
  facet normal 0 0 0
    outer loop
      vertex 8.174073 17.942810 10.000000
      vertex 19.448891 -1.037839 10.250000
      vertex 6.997081 18.176284 10.250000
    endloop
  endfacet
  facet normal 0 0 0
    outer loop
      vertex 8.174073 17.942810 10.000000
      vertex 6.997081 18.176284 10.250000
      vertex -14.538699 13.318639 10.000000
    endloop
  endfacet
  facet normal 0 0 0
    outer loop
      vertex -14.538699 13.318639 10.000000
      vertex 6.997081 18.176284 10.250000
      vertex -15.124457 12.271401 10.250000
    endloop
  endfacet
  facet normal 0 0 0
    outer loop
      vertex -15.124457 12.271401 10.250000
      vertex -15.640401 11.204385 10.500000
      vertex -16.344510 -10.592142 10.250000
    endloop
  endfacet
  facet normal 0 0 0
    outer loop
      vertex -16.344510 -10.592142 10.250000
      vertex -15.640401 11.204385 10.500000
      vertex -15.489153 -11.412560 10.500000
    endloop
  endfacet
  facet normal 0 0 0
    outer loop
      vertex -16.344510 -10.592142 10.250000
      vertex -15.489153 -11.412560 10.500000
      vertex 5.022994 -18.817704 10.250000
    endloop
  endfacet
  facet normal 0 0 0
    outer loop
      vertex 5.022994 -18.817704 10.250000
      vertex -15.489153 -11.412560 10.500000
      vertex 6.067578 -18.257735 10.500000
    endloop
  endfacet
  facet normal 0 0 0
    outer loop
      vertex 5.022994 -18.817704 10.250000
      vertex 6.067578 -18.257735 10.500000
      vertex 19.448891 -1.037839 10.250000
    endloop
  endfacet
  facet normal 0 0 0
    outer loop
      vertex 19.448891 -1.037839 10.250000
      vertex 6.067578 -18.257735 10.500000
      vertex 19.239122 0.128659 10.500000
    endloop
  endfacet
  facet normal 0 0 0
    outer loop
      vertex 19.448891 -1.037839 10.250000
      vertex 19.239122 0.128659 10.500000
      vertex 6.997081 18.176284 10.250000
    endloop
  endfacet
  facet normal 0 0 0
    outer loop
      vertex 6.997081 18.176284 10.250000
      vertex 19.239122 0.128659 10.500000
      vertex 5.822854 18.337250 10.500000
    endloop
  endfacet
  facet normal 0 0 0
    outer loop
      vertex 6.997081 18.176284 10.250000
      vertex 5.822854 18.337250 10.500000
      vertex -15.124457 12.271401 10.250000
    endloop
  endfacet
  facet normal 0 0 0
    outer loop
      vertex -15.124457 12.271401 10.250000
      vertex 5.822854 18.337250 10.500000
      vertex -15.640401 11.204385 10.500000
    endloop
  endfacet
  facet normal 0 0 0
    outer loop
      vertex -15.640401 11.204385 10.500000
      vertex -16.087715 10.122802 10.750000
      vertex -15.489153 -11.412560 10.500000
    endloop
  endfacet
  facet normal 0 0 0
    outer loop
      vertex -15.489153 -11.412560 10.500000
      vertex -16.087715 10.122802 10.750000
      vertex -14.598735 -12.172209 10.750000
    endloop
  endfacet
  facet normal 0 0 0
    outer loop
      vertex -15.489153 -11.412560 10.500000
      vertex -14.598735 -12.172209 10.750000
      vertex 6.067578 -18.257735 10.500000
    endloop
  endfacet
  facet normal 0 0 0
    outer loop
      vertex 6.067578 -18.257735 10.500000
      vertex -14.598735 -12.172209 10.750000
      vertex 7.065201 -17.645641 10.750000
    endloop
  endfacet
  facet normal 0 0 0
    outer loop
      vertex 6.067578 -18.257735 10.500000
      vertex 7.065201 -17.645641 10.750000
      vertex 19.239122 0.128659 10.500000
    endloop
  endfacet
  facet normal 0 0 0
    outer loop
      vertex 19.239122 0.128659 10.500000
      vertex 7.065201 -17.645641 10.750000
      vertex 18.965269 1.266603 10.750000
    endloop
  endfacet
  facet normal 0 0 0
    outer loop
      vertex 19.239122 0.128659 10.500000
      vertex 18.965269 1.266603 10.750000
      vertex 5.822854 18.337250 10.500000
    endloop
  endfacet
  facet normal 0 0 0
    outer loop
      vertex 5.822854 18.337250 10.500000
      vertex 18.965269 1.266603 10.750000
      vertex 4.655980 18.428444 10.750000
    endloop
  endfacet
  facet normal 0 0 0
    outer loop
      vertex 5.822854 18.337250 10.500000
      vertex 4.655980 18.428444 10.750000
      vertex -15.640401 11.204385 10.500000
    endloop
  endfacet
  facet normal 0 0 0
    outer loop
      vertex -15.640401 11.204385 10.500000
      vertex 4.655980 18.428444 10.750000
      vertex -16.087715 10.122802 10.750000
    endloop
  endfacet
  facet normal 0 0 0
    outer loop
      vertex -16.087715 10.122802 10.750000
      vertex -16.468006 9.031464 11.000000
      vertex -14.598735 -12.172209 10.750000
    endloop
  endfacet
  facet normal 0 0 0
    outer loop
      vertex -14.598735 -12.172209 10.750000
      vertex -16.468006 9.031464 11.000000
      vertex -13.678327 -12.871128 11.000000
    endloop
  endfacet
  facet normal 0 0 0
    outer loop
      vertex -14.598735 -12.172209 10.750000
      vertex -13.678327 -12.871128 11.000000
      vertex 7.065201 -17.645641 10.750000
    endloop
  endfacet
  facet normal 0 0 0
    outer loop
      vertex 7.065201 -17.645641 10.750000
      vertex -13.678327 -12.871128 11.000000
      vertex 8.014335 -16.986259 11.000000
    endloop
  endfacet
  facet normal 0 0 0
    outer loop
      vertex 7.065201 -17.645641 10.750000
      vertex 8.014335 -16.986259 11.000000
      vertex 18.965269 1.266603 10.750000
    endloop
  endfacet
  facet normal 0 0 0
    outer loop
      vertex 18.965269 1.266603 10.750000
      vertex 8.014335 -16.986259 11.000000
      vertex 18.631458 2.373043 11.000000
    endloop
  endfacet
  facet normal 0 0 0
    outer loop
      vertex 18.965269 1.266603 10.750000
      vertex 18.631458 2.373043 11.000000
      vertex 4.655980 18.428444 10.750000
    endloop
  endfacet
  facet normal 0 0 0
    outer loop
      vertex 4.655980 18.428444 10.750000
      vertex 18.631458 2.373043 11.000000
      vertex 3.500539 18.452880 11.000000
    endloop
  endfacet
  facet normal 0 0 0
    outer loop
      vertex 4.655980 18.428444 10.750000
      vertex 3.500539 18.452880 11.000000
      vertex -16.087715 10.122802 10.750000
    endloop
  endfacet
  facet normal 0 0 0
    outer loop
      vertex -16.087715 10.122802 10.750000
      vertex 3.500539 18.452880 11.000000
      vertex -16.468006 9.031464 11.000000
    endloop
  endfacet
  facet normal 0 0 0
    outer loop
      vertex -16.468006 9.031464 11.000000
      vertex -16.783228 7.934745 11.250000
      vertex -13.678327 -12.871128 11.000000
    endloop
  endfacet
  facet normal 0 0 0
    outer loop
      vertex -13.678327 -12.871128 11.000000
      vertex -16.783228 7.934745 11.250000
      vertex -12.732694 -13.509827 11.250000
    endloop
  endfacet
  facet normal 0 0 0
    outer loop
      vertex -13.678327 -12.871128 11.000000
      vertex -12.732694 -13.509827 11.250000
      vertex 8.014335 -16.986259 11.000000
    endloop
  endfacet
  facet normal 0 0 0
    outer loop
      vertex 8.014335 -16.986259 11.000000
      vertex -12.732694 -13.509827 11.250000
      vertex 8.913991 -16.284278 11.250000
    endloop
  endfacet
  facet normal 0 0 0
    outer loop
      vertex 8.014335 -16.986259 11.000000
      vertex 8.913991 -16.284278 11.250000
      vertex 18.631458 2.373043 11.000000
    endloop
  endfacet
  facet normal 0 0 0
    outer loop
      vertex 18.631458 2.373043 11.000000
      vertex 8.913991 -16.284278 11.250000
      vertex 18.241843 3.445590 11.250000
    endloop
  endfacet
  facet normal 0 0 0
    outer loop
      vertex 18.631458 2.373043 11.000000
      vertex 18.241843 3.445590 11.250000
      vertex 3.500539 18.452880 11.000000
    endloop
  endfacet
  facet normal 0 0 0
    outer loop
      vertex 3.500539 18.452880 11.000000
      vertex 18.241843 3.445590 11.250000
      vertex 2.360088 18.413770 11.250000
    endloop
  endfacet
  facet normal 0 0 0
    outer loop
      vertex 3.500539 18.452880 11.000000
      vertex 2.360088 18.413770 11.250000
      vertex -16.468006 9.031464 11.000000
    endloop
  endfacet
  facet normal 0 0 0
    outer loop
      vertex -16.468006 9.031464 11.000000
      vertex 2.360088 18.413770 11.250000
      vertex -16.783228 7.934745 11.250000
    endloop
  endfacet
  facet normal 0 0 0
    outer loop
      vertex -16.783228 7.934745 11.250000
      vertex -17.035614 6.836557 11.500000
      vertex -12.732694 -13.509827 11.250000
    endloop
  endfacet
  facet normal 0 0 0
    outer loop
      vertex -12.732694 -13.509827 11.250000
      vertex -17.035614 6.836557 11.500000
      vertex -11.766247 -14.089219 11.500000
    endloop
  endfacet
  facet normal 0 0 0
    outer loop
      vertex -12.732694 -13.509827 11.250000
      vertex -11.766247 -14.089219 11.500000
      vertex 8.913991 -16.284278 11.250000
    endloop
  endfacet
  facet normal 0 0 0
    outer loop
      vertex 8.913991 -16.284278 11.250000
      vertex -11.766247 -14.089219 11.500000
      vertex 9.763673 -15.544174 11.500000
    endloop
  endfacet
  facet normal 0 0 0
    outer loop
      vertex 8.913991 -16.284278 11.250000
      vertex 9.763673 -15.544174 11.500000
      vertex 18.241843 3.445590 11.250000
    endloop
  endfacet
  facet normal 0 0 0
    outer loop
      vertex 18.241843 3.445590 11.250000
      vertex 9.763673 -15.544174 11.500000
      vertex 17.800528 4.482391 11.500000
    endloop
  endfacet
  facet normal 0 0 0
    outer loop
      vertex 18.241843 3.445590 11.250000
      vertex 17.800528 4.482391 11.500000
      vertex 2.360088 18.413770 11.250000
    endloop
  endfacet
  facet normal 0 0 0
    outer loop
      vertex 2.360088 18.413770 11.250000
      vertex 17.800528 4.482391 11.500000
      vertex 1.237658 18.314444 11.500000
    endloop
  endfacet
  facet normal 0 0 0
    outer loop
      vertex 2.360088 18.413770 11.250000
      vertex 1.237658 18.314444 11.500000
      vertex -16.783228 7.934745 11.250000
    endloop
  endfacet
  facet normal 0 0 0
    outer loop
      vertex -16.783228 7.934745 11.250000
      vertex 1.237658 18.314444 11.500000
      vertex -17.035614 6.836557 11.500000
    endloop
  endfacet
  facet normal 0 0 0
    outer loop
      vertex -17.035614 6.836557 11.500000
      vertex -17.227594 5.740336 11.750000
      vertex -11.766247 -14.089219 11.500000
    endloop
  endfacet
  facet normal 0 0 0
    outer loop
      vertex -11.766247 -14.089219 11.500000
      vertex -17.227594 5.740336 11.750000
      vertex -10.783003 -14.610554 11.750000
    endloop
  endfacet
  facet normal 0 0 0
    outer loop
      vertex -11.766247 -14.089219 11.500000
      vertex -10.783003 -14.610554 11.750000
      vertex 9.763673 -15.544174 11.500000
    endloop
  endfacet
  facet normal 0 0 0
    outer loop
      vertex 9.763673 -15.544174 11.500000
      vertex -10.783003 -14.610554 11.750000
      vertex 10.563331 -14.770155 11.750000
    endloop
  endfacet
  facet normal 0 0 0
    outer loop
      vertex 9.763673 -15.544174 11.500000
      vertex 10.563331 -14.770155 11.750000
      vertex 17.800528 4.482391 11.500000
    endloop
  endfacet
  facet normal 0 0 0
    outer loop
      vertex 17.800528 4.482391 11.500000
      vertex 10.563331 -14.770155 11.750000
      vertex 17.311501 5.482096 11.750000
    endloop
  endfacet
  facet normal 0 0 0
    outer loop
      vertex 17.800528 4.482391 11.500000
      vertex 17.311501 5.482096 11.750000
      vertex 1.237658 18.314444 11.500000
    endloop
  endfacet
  facet normal 0 0 0
    outer loop
      vertex 1.237658 18.314444 11.500000
      vertex 17.311501 5.482096 11.750000
      vertex 0.135765 18.158277 11.750000
    endloop
  endfacet
  facet normal 0 0 0
    outer loop
      vertex 1.237658 18.314444 11.500000
      vertex 0.135765 18.158277 11.750000
      vertex -17.035614 6.836557 11.500000
    endloop
  endfacet
  facet normal 0 0 0
    outer loop
      vertex -17.035614 6.836557 11.500000
      vertex 0.135765 18.158277 11.750000
      vertex -17.227594 5.740336 11.750000
    endloop
  endfacet
  facet normal 0 0 0
    outer loop
      vertex -17.227594 5.740336 11.750000
      vertex -17.361725 4.649034 12.000000
      vertex -10.783003 -14.610554 11.750000
    endloop
  endfacet
  facet normal 0 0 0
    outer loop
      vertex -10.783003 -14.610554 11.750000
      vertex -17.361725 4.649034 12.000000
      vertex -9.786563 -15.075351 12.000000
    endloop
  endfacet
  facet normal 0 0 0
    outer loop
      vertex -10.783003 -14.610554 11.750000
      vertex -9.786563 -15.075351 12.000000
      vertex 10.563331 -14.770155 11.750000
    endloop
  endfacet
  facet normal 0 0 0
    outer loop
      vertex 10.563331 -14.770155 11.750000
      vertex -9.786563 -15.075351 12.000000
      vertex 11.313297 -13.966114 12.000000
    endloop
  endfacet
  facet normal 0 0 0
    outer loop
      vertex 10.563331 -14.770155 11.750000
      vertex 11.313297 -13.966114 12.000000
      vertex 17.311501 5.482096 11.750000
    endloop
  endfacet
  facet normal 0 0 0
    outer loop
      vertex 17.311501 5.482096 11.750000
      vertex 11.313297 -13.966114 12.000000
      vertex 16.778565 6.443818 12.000000
    endloop
  endfacet
  facet normal 0 0 0
    outer loop
      vertex 17.311501 5.482096 11.750000
      vertex 16.778565 6.443818 12.000000
      vertex 0.135765 18.158277 11.750000
    endloop
  endfacet
  facet normal 0 0 0
    outer loop
      vertex 0.135765 18.158277 11.750000
      vertex 16.778565 6.443818 12.000000
      vertex -0.943574 17.948612 12.000000
    endloop
  endfacet
  facet normal 0 0 0
    outer loop
      vertex 0.135765 18.158277 11.750000
      vertex -0.943574 17.948612 12.000000
      vertex -17.227594 5.740336 11.750000
    endloop
  endfacet
  facet normal 0 0 0
    outer loop
      vertex -17.227594 5.740336 11.750000
      vertex -0.943574 17.948612 12.000000
      vertex -17.361725 4.649034 12.000000
    endloop
  endfacet
  facet normal 0 0 0
    outer loop
      vertex -17.361725 4.649034 12.000000
      vertex -17.440612 3.565133 12.250000
      vertex -9.786563 -15.075351 12.000000
    endloop
  endfacet
  facet normal 0 0 0
    outer loop
      vertex -9.786563 -15.075351 12.000000
      vertex -17.440612 3.565133 12.250000
      vertex -8.780089 -15.485321 12.250000
    endloop
  endfacet
  facet normal 0 0 0
    outer loop
      vertex -9.786563 -15.075351 12.000000
      vertex -8.780089 -15.485321 12.250000
      vertex 11.313297 -13.966114 12.000000
    endloop
  endfacet
  facet normal 0 0 0
    outer loop
      vertex 11.313297 -13.966114 12.000000
      vertex -8.780089 -15.485321 12.250000
      vertex 12.014219 -13.135588 12.250000
    endloop
  endfacet
  facet normal 0 0 0
    outer loop
      vertex 11.313297 -13.966114 12.000000
      vertex 12.014219 -13.135588 12.250000
      vertex 16.778565 6.443818 12.000000
    endloop
  endfacet
  facet normal 0 0 0
    outer loop
      vertex 16.778565 6.443818 12.000000
      vertex 12.014219 -13.135588 12.250000
      vertex 16.205284 7.367081 12.250000
    endloop
  endfacet
  facet normal 0 0 0
    outer loop
      vertex 16.778565 6.443818 12.000000
      vertex 16.205284 7.367081 12.250000
      vertex -0.943574 17.948612 12.000000
    endloop
  endfacet
  facet normal 0 0 0
    outer loop
      vertex -0.943574 17.948612 12.000000
      vertex 16.205284 7.367081 12.250000
      vertex -1.998802 17.688695 12.250000
    endloop
  endfacet
  facet normal 0 0 0
    outer loop
      vertex -0.943574 17.948612 12.000000
      vertex -1.998802 17.688695 12.250000
      vertex -17.361725 4.649034 12.000000
    endloop
  endfacet
  facet normal 0 0 0
    outer loop
      vertex -17.361725 4.649034 12.000000
      vertex -1.998802 17.688695 12.250000
      vertex -17.440612 3.565133 12.250000
    endloop
  endfacet
  facet normal 0 0 0
    outer loop
      vertex -17.440612 3.565133 12.250000
      vertex -17.466839 2.490657 12.500000
      vertex -8.780089 -15.485321 12.250000
    endloop
  endfacet
  facet normal 0 0 0
    outer loop
      vertex -8.780089 -15.485321 12.250000
      vertex -17.466839 2.490657 12.500000
      vertex -7.766305 -15.842296 12.500000
    endloop
  endfacet
  facet normal 0 0 0
    outer loop
      vertex -8.780089 -15.485321 12.250000
      vertex -7.766305 -15.842296 12.500000
      vertex 12.014219 -13.135588 12.250000
    endloop
  endfacet
  facet normal 0 0 0
    outer loop
      vertex 12.014219 -13.135588 12.250000
      vertex -7.766305 -15.842296 12.500000
      vertex 12.666998 -12.281734 12.500000
    endloop
  endfacet
  facet normal 0 0 0
    outer loop
      vertex 12.014219 -13.135588 12.250000
      vertex 12.666998 -12.281734 12.500000
      vertex 16.205284 7.367081 12.250000
    endloop
  endfacet
  facet normal 0 0 0
    outer loop
      vertex 16.205284 7.367081 12.250000
      vertex 12.666998 -12.281734 12.500000
      vertex 15.594941 8.251767 12.500000
    endloop
  endfacet
  facet normal 0 0 0
    outer loop
      vertex 16.205284 7.367081 12.250000
      vertex 15.594941 8.251767 12.500000
      vertex -1.998802 17.688695 12.250000
    endloop
  endfacet
  facet normal 0 0 0
    outer loop
      vertex -1.998802 17.688695 12.250000
      vertex 15.594941 8.251767 12.500000
      vertex -3.028795 17.381606 12.500000
    endloop
  endfacet
  facet normal 0 0 0
    outer loop
      vertex -1.998802 17.688695 12.250000
      vertex -3.028795 17.381606 12.500000
      vertex -17.440612 3.565133 12.250000
    endloop
  endfacet
  facet normal 0 0 0
    outer loop
      vertex -17.440612 3.565133 12.250000
      vertex -3.028795 17.381606 12.500000
      vertex -17.466839 2.490657 12.500000
    endloop
  endfacet
  facet normal 0 0 0
    outer loop
      vertex -17.466839 2.490657 12.500000
      vertex -17.442899 1.427202 12.750000
      vertex -7.766305 -15.842296 12.500000
    endloop
  endfacet
  facet normal 0 0 0
    outer loop
      vertex -7.766305 -15.842296 12.500000
      vertex -17.442899 1.427202 12.750000
      vertex -6.747502 -16.148153 12.750000
    endloop
  endfacet
  facet normal 0 0 0
    outer loop
      vertex -7.766305 -15.842296 12.500000
      vertex -6.747502 -16.148153 12.750000
      vertex 12.666998 -12.281734 12.500000
    endloop
  endfacet
  facet normal 0 0 0
    outer loop
      vertex 12.666998 -12.281734 12.500000
      vertex -6.747502 -16.148153 12.750000
      vertex 13.272713 -11.407310 12.750000
    endloop
  endfacet
  facet normal 0 0 0
    outer loop
      vertex 12.666998 -12.281734 12.500000
      vertex 13.272713 -11.407310 12.750000
      vertex 15.594941 8.251767 12.500000
    endloop
  endfacet
  facet normal 0 0 0
    outer loop
      vertex 15.594941 8.251767 12.500000
      vertex 13.272713 -11.407310 12.750000
      vertex 14.950490 9.098048 12.750000
    endloop
  endfacet
  facet normal 0 0 0
    outer loop
      vertex 15.594941 8.251767 12.500000
      vertex 14.950490 9.098048 12.750000
      vertex -3.028795 17.381606 12.500000
    endloop
  endfacet
  facet normal 0 0 0
    outer loop
      vertex -3.028795 17.381606 12.500000
      vertex 14.950490 9.098048 12.750000
      vertex -4.032802 17.030212 12.750000
    endloop
  endfacet
  facet normal 0 0 0
    outer loop
      vertex -3.028795 17.381606 12.500000
      vertex -4.032802 17.030212 12.750000
      vertex -17.466839 2.490657 12.500000
    endloop
  endfacet
  facet normal 0 0 0
    outer loop
      vertex -17.466839 2.490657 12.500000
      vertex -4.032802 17.030212 12.750000
      vertex -17.442899 1.427202 12.750000
    endloop
  endfacet
  facet normal 0 0 0
    outer loop
      vertex -17.442899 1.427202 12.750000
      vertex -17.371135 0.375978 13.000000
      vertex -6.747502 -16.148153 12.750000
    endloop
  endfacet
  facet normal 0 0 0
    outer loop
      vertex -6.747502 -16.148153 12.750000
      vertex -17.371135 0.375978 13.000000
      vertex -5.725552 -16.404748 13.000000
    endloop
  endfacet
  facet normal 0 0 0
    outer loop
      vertex -6.747502 -16.148153 12.750000
      vertex -5.725552 -16.404748 13.000000
      vertex 13.272713 -11.407310 12.750000
    endloop
  endfacet
  facet normal 0 0 0
    outer loop
      vertex 13.272713 -11.407310 12.750000
      vertex -5.725552 -16.404748 13.000000
      vertex 13.832549 -10.514670 13.000000
    endloop
  endfacet
  facet normal 0 0 0
    outer loop
      vertex 13.272713 -11.407310 12.750000
      vertex 13.832549 -10.514670 13.000000
      vertex 14.950490 9.098048 12.750000
    endloop
  endfacet
  facet normal 0 0 0
    outer loop
      vertex 14.950490 9.098048 12.750000
      vertex 13.832549 -10.514670 13.000000
      vertex 14.274538 9.906325 13.000000
    endloop
  endfacet
  facet normal 0 0 0
    outer loop
      vertex 14.950490 9.098048 12.750000
      vertex 14.274538 9.906325 13.000000
      vertex -4.032802 17.030212 12.750000
    endloop
  endfacet
  facet normal 0 0 0
    outer loop
      vertex -4.032802 17.030212 12.750000
      vertex 14.274538 9.906325 13.000000
      vertex -5.010400 16.637115 13.000000
    endloop
  endfacet
  facet normal 0 0 0
    outer loop
      vertex -4.032802 17.030212 12.750000
      vertex -5.010400 16.637115 13.000000
      vertex -17.442899 1.427202 12.750000
    endloop
  endfacet
  facet normal 0 0 0
    outer loop
      vertex -17.442899 1.427202 12.750000
      vertex -5.010400 16.637115 13.000000
      vertex -17.371135 0.375978 13.000000
    endloop
  endfacet
  facet normal 0 0 0
    outer loop
      vertex -17.371135 0.375978 13.000000
      vertex -17.253687 -0.662153 13.250000
      vertex -5.725552 -16.404748 13.000000
    endloop
  endfacet
  facet normal 0 0 0
    outer loop
      vertex -5.725552 -16.404748 13.000000
      vertex -17.253687 -0.662153 13.250000
      vertex -4.701938 -16.613848 13.250000
    endloop
  endfacet
  facet normal 0 0 0
    outer loop
      vertex -5.725552 -16.404748 13.000000
      vertex -4.701938 -16.613848 13.250000
      vertex 13.832549 -10.514670 13.000000
    endloop
  endfacet
  facet normal 0 0 0
    outer loop
      vertex 13.832549 -10.514670 13.000000
      vertex -4.701938 -16.613848 13.250000
      vertex 14.347729 -9.605770 13.250000
    endloop
  endfacet
  facet normal 0 0 0
    outer loop
      vertex 13.832549 -10.514670 13.000000
      vertex 14.347729 -9.605770 13.250000
      vertex 14.274538 9.906325 13.000000
    endloop
  endfacet
  facet normal 0 0 0
    outer loop
      vertex 14.274538 9.906325 13.000000
      vertex 14.347729 -9.605770 13.250000
      vertex 13.569322 10.677155 13.250000
    endloop
  endfacet
  facet normal 0 0 0
    outer loop
      vertex 14.274538 9.906325 13.000000
      vertex 13.569322 10.677155 13.250000
      vertex -5.010400 16.637115 13.000000
    endloop
  endfacet
  facet normal 0 0 0
    outer loop
      vertex -5.010400 16.637115 13.000000
      vertex 13.569322 10.677155 13.250000
      vertex -5.961427 16.204615 13.250000
    endloop
  endfacet
  facet normal 0 0 0
    outer loop
      vertex -5.010400 16.637115 13.000000
      vertex -5.961427 16.204615 13.250000
      vertex -17.371135 0.375978 13.000000
    endloop
  endfacet
  facet normal 0 0 0
    outer loop
      vertex -17.371135 0.375978 13.000000
      vertex -5.961427 16.204615 13.250000
      vertex -17.253687 -0.662153 13.250000
    endloop
  endfacet
  facet normal 0 0 0
    outer loop
      vertex -17.253687 -0.662153 13.250000
      vertex -17.092441 -1.686616 13.500000
      vertex -4.701938 -16.613848 13.250000
    endloop
  endfacet
  facet normal 0 0 0
    outer loop
      vertex -4.701938 -16.613848 13.250000
      vertex -17.092441 -1.686616 13.500000
      vertex -3.677788 -16.777071 13.500000
    endloop
  endfacet
  facet normal 0 0 0
    outer loop
      vertex -4.701938 -16.613848 13.250000
      vertex -3.677788 -16.777071 13.500000
      vertex 14.347729 -9.605770 13.250000
    endloop
  endfacet
  facet normal 0 0 0
    outer loop
      vertex 14.347729 -9.605770 13.250000
      vertex -3.677788 -16.777071 13.500000
      vertex 14.819444 -8.682184 13.500000
    endloop
  endfacet
  facet normal 0 0 0
    outer loop
      vertex 14.347729 -9.605770 13.250000
      vertex 14.819444 -8.682184 13.500000
      vertex 13.569322 10.677155 13.250000
    endloop
  endfacet
  facet normal 0 0 0
    outer loop
      vertex 13.569322 10.677155 13.250000
      vertex 14.819444 -8.682184 13.500000
      vertex 12.836708 11.411186 13.500000
    endloop
  endfacet
  facet normal 0 0 0
    outer loop
      vertex 13.569322 10.677155 13.250000
      vertex 12.836708 11.411186 13.500000
      vertex -5.961427 16.204615 13.250000
    endloop
  endfacet
  facet normal 0 0 0
    outer loop
      vertex -5.961427 16.204615 13.250000
      vertex 12.836708 11.411186 13.500000
      vertex -6.885922 15.734685 13.500000
    endloop
  endfacet
  facet normal 0 0 0
    outer loop
      vertex -5.961427 16.204615 13.250000
      vertex -6.885922 15.734685 13.500000
      vertex -17.253687 -0.662153 13.250000
    endloop
  endfacet
  facet normal 0 0 0
    outer loop
      vertex -17.253687 -0.662153 13.250000
      vertex -6.885922 15.734685 13.500000
      vertex -17.092441 -1.686616 13.500000
    endloop
  endfacet
  facet normal 0 0 0
    outer loop
      vertex -17.092441 -1.686616 13.500000
      vertex -16.889000 -2.697070 13.750000
      vertex -3.677788 -16.777071 13.500000
    endloop
  endfacet
  facet normal 0 0 0
    outer loop
      vertex -3.677788 -16.777071 13.500000
      vertex -16.889000 -2.697070 13.750000
      vertex -2.653922 -16.895834 13.750000
    endloop
  endfacet
  facet normal 0 0 0
    outer loop
      vertex -3.677788 -16.777071 13.500000
      vertex -2.653922 -16.895834 13.750000
      vertex 14.819444 -8.682184 13.500000
    endloop
  endfacet
  facet normal 0 0 0
    outer loop
      vertex 14.819444 -8.682184 13.500000
      vertex -2.653922 -16.895834 13.750000
      vertex 15.248786 -7.745130 13.750000
    endloop
  endfacet
  facet normal 0 0 0
    outer loop
      vertex 14.819444 -8.682184 13.500000
      vertex 15.248786 -7.745130 13.750000
      vertex 12.836708 11.411186 13.500000
    endloop
  endfacet
  facet normal 0 0 0
    outer loop
      vertex 12.836708 11.411186 13.500000
      vertex 15.248786 -7.745130 13.750000
      vertex 12.078190 12.109081 13.750000
    endloop
  endfacet
  facet normal 0 0 0
    outer loop
      vertex 12.836708 11.411186 13.500000
      vertex 12.078190 12.109081 13.750000
      vertex -6.885922 15.734685 13.500000
    endloop
  endfacet
  facet normal 0 0 0
    outer loop
      vertex -6.885922 15.734685 13.500000
      vertex 12.078190 12.109081 13.750000
      vertex -7.784054 15.228953 13.750000
    endloop
  endfacet
  facet normal 0 0 0
    outer loop
      vertex -6.885922 15.734685 13.500000
      vertex -7.784054 15.228953 13.750000
      vertex -17.092441 -1.686616 13.500000
    endloop
  endfacet
  facet normal 0 0 0
    outer loop
      vertex -17.092441 -1.686616 13.500000
      vertex -7.784054 15.228953 13.750000
      vertex -16.889000 -2.697070 13.750000
    endloop
  endfacet
  facet normal 0 0 0
    outer loop
      vertex -16.889000 -2.697070 13.750000
      vertex -16.644650 -3.693343 14.000000
      vertex -2.653922 -16.895834 13.750000
    endloop
  endfacet
  facet normal 0 0 0
    outer loop
      vertex -2.653922 -16.895834 13.750000
      vertex -16.644650 -3.693343 14.000000
      vertex -1.630902 -16.971309 14.000000
    endloop
  endfacet
  facet normal 0 0 0
    outer loop
      vertex -2.653922 -16.895834 13.750000
      vertex -1.630902 -16.971309 14.000000
      vertex 15.248786 -7.745130 13.750000
    endloop
  endfacet
  facet normal 0 0 0
    outer loop
      vertex 15.248786 -7.745130 13.750000
      vertex -1.630902 -16.971309 14.000000
      vertex 15.636697 -6.795502 14.000000
    endloop
  endfacet
  facet normal 0 0 0
    outer loop
      vertex 15.248786 -7.745130 13.750000
      vertex 15.636697 -6.795502 14.000000
      vertex 12.078190 12.109081 13.750000
    endloop
  endfacet
  facet normal 0 0 0
    outer loop
      vertex 12.078190 12.109081 13.750000
      vertex 15.636697 -6.795502 14.000000
      vertex 11.294912 12.771457 14.000000
    endloop
  endfacet
  facet normal 0 0 0
    outer loop
      vertex 12.078190 12.109081 13.750000
      vertex 11.294912 12.771457 14.000000
      vertex -7.784054 15.228953 13.750000
    endloop
  endfacet
  facet normal 0 0 0
    outer loop
      vertex -7.784054 15.228953 13.750000
      vertex 11.294912 12.771457 14.000000
      vertex -8.656058 14.688697 14.000000
    endloop
  endfacet
  facet normal 0 0 0
    outer loop
      vertex -7.784054 15.228953 13.750000
      vertex -8.656058 14.688697 14.000000
      vertex -16.889000 -2.697070 13.750000
    endloop
  endfacet
  facet normal 0 0 0
    outer loop
      vertex -16.889000 -2.697070 13.750000
      vertex -8.656058 14.688697 14.000000
      vertex -16.644650 -3.693343 14.000000
    endloop
  endfacet
  facet normal 0 0 0
    outer loop
      vertex -16.644650 -3.693343 14.000000
      vertex -16.360347 -4.675363 14.250000
      vertex -1.630902 -16.971309 14.000000
    endloop
  endfacet
  facet normal 0 0 0
    outer loop
      vertex -1.630902 -16.971309 14.000000
      vertex -16.360347 -4.675363 14.250000
      vertex -0.609091 -17.004381 14.250000
    endloop
  endfacet
  facet normal 0 0 0
    outer loop
      vertex -1.630902 -16.971309 14.000000
      vertex -0.609091 -17.004381 14.250000
      vertex 15.636697 -6.795502 14.000000
    endloop
  endfacet
  facet normal 0 0 0
    outer loop
      vertex 15.636697 -6.795502 14.000000
      vertex -0.609091 -17.004381 14.250000
      vertex 15.983908 -5.833922 14.250000
    endloop
  endfacet
  facet normal 0 0 0
    outer loop
      vertex 15.636697 -6.795502 14.000000
      vertex 15.983908 -5.833922 14.250000
      vertex 11.294912 12.771457 14.000000
    endloop
  endfacet
  facet normal 0 0 0
    outer loop
      vertex 11.294912 12.771457 14.000000
      vertex 15.983908 -5.833922 14.250000
      vertex 10.487689 13.398819 14.250000
    endloop
  endfacet
  facet normal 0 0 0
    outer loop
      vertex 11.294912 12.771457 14.000000
      vertex 10.487689 13.398819 14.250000
      vertex -8.656058 14.688697 14.000000
    endloop
  endfacet
  facet normal 0 0 0
    outer loop
      vertex -8.656058 14.688697 14.000000
      vertex 10.487689 13.398819 14.250000
      vertex -9.502160 14.114848 14.250000
    endloop
  endfacet
  facet normal 0 0 0
    outer loop
      vertex -8.656058 14.688697 14.000000
      vertex -9.502160 14.114848 14.250000
      vertex -16.644650 -3.693343 14.000000
    endloop
  endfacet
  facet normal 0 0 0
    outer loop
      vertex -16.644650 -3.693343 14.000000
      vertex -9.502160 14.114848 14.250000
      vertex -16.360347 -4.675363 14.250000
    endloop
  endfacet
  facet normal 0 0 0
    outer loop
      vertex -16.360347 -4.675363 14.250000
      vertex -16.036710 -5.643094 14.500000
      vertex -0.609091 -17.004381 14.250000
    endloop
  endfacet
  facet normal 0 0 0
    outer loop
      vertex -0.609091 -17.004381 14.250000
      vertex -16.036710 -5.643094 14.500000
      vertex 0.411286 -16.995630 14.500000
    endloop
  endfacet
  facet normal 0 0 0
    outer loop
      vertex -0.609091 -17.004381 14.250000
      vertex 0.411286 -16.995630 14.500000
      vertex 15.983908 -5.833922 14.250000
    endloop
  endfacet
  facet normal 0 0 0
    outer loop
      vertex 15.983908 -5.833922 14.250000
      vertex 0.411286 -16.995630 14.500000
      vertex 16.290899 -4.860783 14.500000
    endloop
  endfacet
  facet normal 0 0 0
    outer loop
      vertex 15.983908 -5.833922 14.250000
      vertex 16.290899 -4.860783 14.500000
      vertex 10.487689 13.398819 14.250000
    endloop
  endfacet
  facet normal 0 0 0
    outer loop
      vertex 10.487689 13.398819 14.250000
      vertex 16.290899 -4.860783 14.500000
      vertex 9.657044 13.991501 14.500000
    endloop
  endfacet
  facet normal 0 0 0
    outer loop
      vertex 10.487689 13.398819 14.250000
      vertex 9.657044 13.991501 14.500000
      vertex -9.502160 14.114848 14.250000
    endloop
  endfacet
  facet normal 0 0 0
    outer loop
      vertex -9.502160 14.114848 14.250000
      vertex 9.657044 13.991501 14.500000
      vertex -10.322517 13.508006 14.500000
    endloop
  endfacet
  facet normal 0 0 0
    outer loop
      vertex -9.502160 14.114848 14.250000
      vertex -10.322517 13.508006 14.500000
      vertex -16.360347 -4.675363 14.250000
    endloop
  endfacet
  facet normal 0 0 0
    outer loop
      vertex -16.360347 -4.675363 14.250000
      vertex -10.322517 13.508006 14.500000
      vertex -16.036710 -5.643094 14.500000
    endloop
  endfacet
  facet normal 0 0 0
    outer loop
      vertex -16.036710 -5.643094 14.500000
      vertex -15.674029 -6.596467 14.750000
      vertex 0.411286 -16.995630 14.500000
    endloop
  endfacet
  facet normal 0 0 0
    outer loop
      vertex 0.411286 -16.995630 14.500000
      vertex -15.674029 -6.596467 14.750000
      vertex 1.430071 -16.945308 14.750000
    endloop
  endfacet
  facet normal 0 0 0
    outer loop
      vertex 0.411286 -16.995630 14.500000
      vertex 1.430071 -16.945308 14.750000
      vertex 16.290899 -4.860783 14.500000
    endloop
  endfacet
  facet normal 0 0 0
    outer loop
      vertex 16.290899 -4.860783 14.500000
      vertex 1.430071 -16.945308 14.750000
      vertex 16.557862 -3.876310 14.750000
    endloop
  endfacet
  facet normal 0 0 0
    outer loop
      vertex 16.290899 -4.860783 14.500000
      vertex 16.557862 -3.876310 14.750000
      vertex 9.657044 13.991501 14.500000
    endloop
  endfacet
  facet normal 0 0 0
    outer loop
      vertex 9.657044 13.991501 14.500000
      vertex 16.557862 -3.876310 14.750000
      vertex 8.803250 14.549617 14.750000
    endloop
  endfacet
  facet normal 0 0 0
    outer loop
      vertex 9.657044 13.991501 14.500000
      vertex 8.803250 14.549617 14.750000
      vertex -10.322517 13.508006 14.500000
    endloop
  endfacet
  facet normal 0 0 0
    outer loop
      vertex -10.322517 13.508006 14.500000
      vertex 8.803250 14.549617 14.750000
      vertex -11.117154 12.868467 14.750000
    endloop
  endfacet
  facet normal 0 0 0
    outer loop
      vertex -10.322517 13.508006 14.500000
      vertex -11.117154 12.868467 14.750000
      vertex -16.036710 -5.643094 14.500000
    endloop
  endfacet
  facet normal 0 0 0
    outer loop
      vertex -16.036710 -5.643094 14.500000
      vertex -11.117154 12.868467 14.750000
      vertex -15.674029 -6.596467 14.750000
    endloop
  endfacet
  facet normal 0 0 0
    outer loop
      vertex -15.674029 -6.596467 14.750000
      vertex -15.272277 -7.535313 15.000000
      vertex 1.430071 -16.945308 14.750000
    endloop
  endfacet
  facet normal 0 0 0
    outer loop
      vertex 1.430071 -16.945308 14.750000
      vertex -15.272277 -7.535313 15.000000
      vertex 2.447116 -16.853339 15.000000
    endloop
  endfacet
  facet normal 0 0 0
    outer loop
      vertex 1.430071 -16.945308 14.750000
      vertex 2.447116 -16.853339 15.000000
      vertex 16.557862 -3.876310 14.750000
    endloop
  endfacet
  facet normal 0 0 0
    outer loop
      vertex 16.557862 -3.876310 14.750000
      vertex 2.447116 -16.853339 15.000000
      vertex 16.784678 -2.880623 15.000000
    endloop
  endfacet
  facet normal 0 0 0
    outer loop
      vertex 16.557862 -3.876310 14.750000
      vertex 16.784678 -2.880623 15.000000
      vertex 8.803250 14.549617 14.750000
    endloop
  endfacet
  facet normal 0 0 0
    outer loop
      vertex 8.803250 14.549617 14.750000
      vertex 16.784678 -2.880623 15.000000
      vertex 7.926386 15.073016 15.000000
    endloop
  endfacet
  facet normal 0 0 0
    outer loop
      vertex 8.803250 14.549617 14.750000
      vertex 7.926386 15.073016 15.000000
      vertex -11.117154 12.868467 14.750000
    endloop
  endfacet
  facet normal 0 0 0
    outer loop
      vertex -11.117154 12.868467 14.750000
      vertex 7.926386 15.073016 15.000000
      vertex -11.885902 12.196259 15.000000
    endloop
  endfacet
  facet normal 0 0 0
    outer loop
      vertex -11.117154 12.868467 14.750000
      vertex -11.885902 12.196259 15.000000
      vertex -15.674029 -6.596467 14.750000
    endloop
  endfacet
  facet normal 0 0 0
    outer loop
      vertex -15.674029 -6.596467 14.750000
      vertex -11.885902 12.196259 15.000000
      vertex -15.272277 -7.535313 15.000000
    endloop
  endfacet
  facet normal 0 0 0
    outer loop
      vertex -15.272277 -7.535313 15.000000
      vertex -14.831137 -8.459305 15.250000
      vertex 2.447116 -16.853339 15.000000
    endloop
  endfacet
  facet normal 0 0 0
    outer loop
      vertex 2.447116 -16.853339 15.000000
      vertex -14.831137 -8.459305 15.250000
      vertex 3.462204 -16.719319 15.250000
    endloop
  endfacet
  facet normal 0 0 0
    outer loop
      vertex 2.447116 -16.853339 15.000000
      vertex 3.462204 -16.719319 15.250000
      vertex 16.784678 -2.880623 15.000000
    endloop
  endfacet
  facet normal 0 0 0
    outer loop
      vertex 16.784678 -2.880623 15.000000
      vertex 3.462204 -16.719319 15.250000
      vertex 16.970897 -1.873802 15.250000
    endloop
  endfacet
  facet normal 0 0 0
    outer loop
      vertex 16.784678 -2.880623 15.000000
      vertex 16.970897 -1.873802 15.250000
      vertex 7.926386 15.073016 15.000000
    endloop
  endfacet
  facet normal 0 0 0
    outer loop
      vertex 7.926386 15.073016 15.000000
      vertex 16.970897 -1.873802 15.250000
      vertex 7.026387 15.561245 15.250000
    endloop
  endfacet
  facet normal 0 0 0
    outer loop
      vertex 7.926386 15.073016 15.000000
      vertex 7.026387 15.561245 15.250000
      vertex -11.885902 12.196259 15.000000
    endloop
  endfacet
  facet normal 0 0 0
    outer loop
      vertex -11.885902 12.196259 15.000000
      vertex 7.026387 15.561245 15.250000
      vertex -12.628351 11.491181 15.250000
    endloop
  endfacet
  facet normal 0 0 0
    outer loop
      vertex -11.885902 12.196259 15.000000
      vertex -12.628351 11.491181 15.250000
      vertex -15.272277 -7.535313 15.000000
    endloop
  endfacet
  facet normal 0 0 0
    outer loop
      vertex -15.272277 -7.535313 15.000000
      vertex -12.628351 11.491181 15.250000
      vertex -14.831137 -8.459305 15.250000
    endloop
  endfacet
  facet normal 0 0 0
    outer loop
      vertex -14.831137 -8.459305 15.250000
      vertex -14.350039 -9.367895 15.500000
      vertex 3.462204 -16.719319 15.250000
    endloop
  endfacet
  facet normal 0 0 0
    outer loop
      vertex 3.462204 -16.719319 15.250000
      vertex -14.350039 -9.367895 15.500000
      vertex 4.474992 -16.542537 15.500000
    endloop
  endfacet
  facet normal 0 0 0
    outer loop
      vertex 3.462204 -16.719319 15.250000
      vertex 4.474992 -16.542537 15.500000
      vertex 16.970897 -1.873802 15.250000
    endloop
  endfacet
  facet normal 0 0 0
    outer loop
      vertex 16.970897 -1.873802 15.250000
      vertex 4.474992 -16.542537 15.500000
      vertex 17.115736 -0.855955 15.500000
    endloop
  endfacet
  facet normal 0 0 0
    outer loop
      vertex 16.970897 -1.873802 15.250000
      vertex 17.115736 -0.855955 15.500000
      vertex 7.026387 15.561245 15.250000
    endloop
  endfacet
  facet normal 0 0 0
    outer loop
      vertex 7.026387 15.561245 15.250000
      vertex 17.115736 -0.855955 15.500000
      vertex 6.103115 16.013528 15.500000
    endloop
  endfacet
  facet normal 0 0 0
    outer loop
      vertex 7.026387 15.561245 15.250000
      vertex 6.103115 16.013528 15.500000
      vertex -12.628351 11.491181 15.250000
    endloop
  endfacet
  facet normal 0 0 0
    outer loop
      vertex -12.628351 11.491181 15.250000
      vertex 6.103115 16.013528 15.500000
      vertex -13.343804 10.752859 15.500000
    endloop
  endfacet
  facet normal 0 0 0
    outer loop
      vertex -12.628351 11.491181 15.250000
      vertex -13.343804 10.752859 15.500000
      vertex -14.831137 -8.459305 15.250000
    endloop
  endfacet
  facet normal 0 0 0
    outer loop
      vertex -14.831137 -8.459305 15.250000
      vertex -13.343804 10.752859 15.500000
      vertex -14.350039 -9.367895 15.500000
    endloop
  endfacet
  facet normal 0 0 0
    outer loop
      vertex -14.350039 -9.367895 15.500000
      vertex -13.828200 -10.260268 15.750000
      vertex 4.474992 -16.542537 15.500000
    endloop
  endfacet
  facet normal 0 0 0
    outer loop
      vertex 4.474992 -16.542537 15.500000
      vertex -13.828200 -10.260268 15.750000
      vertex 5.484946 -16.321997 15.750000
    endloop
  endfacet
  facet normal 0 0 0
    outer loop
      vertex 4.474992 -16.542537 15.500000
      vertex 5.484946 -16.321997 15.750000
      vertex 17.115736 -0.855955 15.500000
    endloop
  endfacet
  facet normal 0 0 0
    outer loop
      vertex 17.115736 -0.855955 15.500000
      vertex 5.484946 -16.321997 15.750000
      vertex 17.218083 0.172719 15.750000
    endloop
  endfacet
  facet normal 0 0 0
    outer loop
      vertex 17.115736 -0.855955 15.500000
      vertex 17.218083 0.172719 15.750000
      vertex 6.103115 16.013528 15.500000
    endloop
  endfacet
  facet normal 0 0 0
    outer loop
      vertex 6.103115 16.013528 15.500000
      vertex 17.218083 0.172719 15.750000
      vertex 5.156415 16.428743 15.750000
    endloop
  endfacet
  facet normal 0 0 0
    outer loop
      vertex 6.103115 16.013528 15.500000
      vertex 5.156415 16.428743 15.750000
      vertex -13.343804 10.752859 15.500000
    endloop
  endfacet
  facet normal 0 0 0
    outer loop
      vertex -13.343804 10.752859 15.500000
      vertex 5.156415 16.428743 15.750000
      vertex -14.031243 9.980803 15.750000
    endloop
  endfacet
  facet normal 0 0 0
    outer loop
      vertex -13.343804 10.752859 15.500000
      vertex -14.031243 9.980803 15.750000
      vertex -14.350039 -9.367895 15.500000
    endloop
  endfacet
  facet normal 0 0 0
    outer loop
      vertex -14.350039 -9.367895 15.500000
      vertex -14.031243 9.980803 15.750000
      vertex -13.828200 -10.260268 15.750000
    endloop
  endfacet
  facet normal 0 0 0
    outer loop
      vertex -13.828200 -10.260268 15.750000
      vertex -13.264683 -11.135293 16.000000
      vertex 5.484946 -16.321997 15.750000
    endloop
  endfacet
  facet normal 0 0 0
    outer loop
      vertex 5.484946 -16.321997 15.750000
      vertex -13.264683 -11.135293 16.000000
      vertex 6.491280 -16.056458 16.000000
    endloop
  endfacet
  facet normal 0 0 0
    outer loop
      vertex 5.484946 -16.321997 15.750000
      vertex 6.491280 -16.056458 16.000000
      vertex 17.218083 0.172719 15.750000
    endloop
  endfacet
  facet normal 0 0 0
    outer loop
      vertex 17.218083 0.172719 15.750000
      vertex 6.491280 -16.056458 16.000000
      vertex 17.276515 1.211856 16.000000
    endloop
  endfacet
  facet normal 0 0 0
    outer loop
      vertex 17.218083 0.172719 15.750000
      vertex 17.276515 1.211856 16.000000
      vertex 5.156415 16.428743 15.750000
    endloop
  endfacet
  facet normal 0 0 0
    outer loop
      vertex 5.156415 16.428743 15.750000
      vertex 17.276515 1.211856 16.000000
      vertex 4.186193 16.805426 16.000000
    endloop
  endfacet
  facet normal 0 0 0
    outer loop
      vertex 5.156415 16.428743 15.750000
      vertex 4.186193 16.805426 16.000000
      vertex -14.031243 9.980803 15.750000
    endloop
  endfacet
  facet normal 0 0 0
    outer loop
      vertex -14.031243 9.980803 15.750000
      vertex 4.186193 16.805426 16.000000
      vertex -14.689305 9.174469 16.000000
    endloop
  endfacet
  facet normal 0 0 0
    outer loop
      vertex -14.031243 9.980803 15.750000
      vertex -14.689305 9.174469 16.000000
      vertex -13.828200 -10.260268 15.750000
    endloop
  endfacet
  facet normal 0 0 0
    outer loop
      vertex -13.828200 -10.260268 15.750000
      vertex -14.689305 9.174469 16.000000
      vertex -13.264683 -11.135293 16.000000
    endloop
  endfacet
  facet normal 0 0 0
    outer loop
      vertex -13.264683 -11.135293 16.000000
      vertex -12.658449 -11.991492 16.250000
      vertex 6.491280 -16.056458 16.000000
    endloop
  endfacet
  facet normal 0 0 0
    outer loop
      vertex 6.491280 -16.056458 16.000000
      vertex -12.658449 -11.991492 16.250000
      vertex 7.492910 -15.744476 16.250000
    endloop
  endfacet
  facet normal 0 0 0
    outer loop
      vertex 6.491280 -16.056458 16.000000
      vertex 7.492910 -15.744476 16.250000
      vertex 17.276515 1.211856 16.000000
    endloop
  endfacet
  facet normal 0 0 0
    outer loop
      vertex 17.276515 1.211856 16.000000
      vertex 7.492910 -15.744476 16.250000
      vertex 17.289323 2.260871 16.250000
    endloop
  endfacet
  facet normal 0 0 0
    outer loop
      vertex 17.276515 1.211856 16.000000
      vertex 17.289323 2.260871 16.250000
      vertex 4.186193 16.805426 16.000000
    endloop
  endfacet
  facet normal 0 0 0
    outer loop
      vertex 4.186193 16.805426 16.000000
      vertex 17.289323 2.260871 16.250000
      vertex 3.192479 17.141771 16.250000
    endloop
  endfacet
  facet normal 0 0 0
    outer loop
      vertex 4.186193 16.805426 16.000000
      vertex 3.192479 17.141771 16.250000
      vertex -14.689305 9.174469 16.000000
    endloop
  endfacet
  facet normal 0 0 0
    outer loop
      vertex -14.689305 9.174469 16.000000
      vertex 3.192479 17.141771 16.250000
      vertex -15.316263 8.333326 16.250000
    endloop
  endfacet
  facet normal 0 0 0
    outer loop
      vertex -14.689305 9.174469 16.000000
      vertex -15.316263 8.333326 16.250000
      vertex -13.264683 -11.135293 16.000000
    endloop
  endfacet
  facet normal 0 0 0
    outer loop
      vertex -13.264683 -11.135293 16.000000
      vertex -15.316263 8.333326 16.250000
      vertex -12.658449 -11.991492 16.250000
    endloop
  endfacet
  facet normal 0 0 0
    outer loop
      vertex -12.658449 -11.991492 16.250000
      vertex -12.008425 -12.827012 16.500000
      vertex 7.492910 -15.744476 16.250000
    endloop
  endfacet
  facet normal 0 0 0
    outer loop
      vertex 7.492910 -15.744476 16.250000
      vertex -12.008425 -12.827012 16.500000
      vertex 8.488406 -15.384456 16.500000
    endloop
  endfacet
  facet normal 0 0 0
    outer loop
      vertex 7.492910 -15.744476 16.250000
      vertex 8.488406 -15.384456 16.500000
      vertex 17.289323 2.260871 16.250000
    endloop
  endfacet
  facet normal 0 0 0
    outer loop
      vertex 17.289323 2.260871 16.250000
      vertex 8.488406 -15.384456 16.500000
      vertex 17.254549 3.318896 16.500000
    endloop
  endfacet
  facet normal 0 0 0
    outer loop
      vertex 17.289323 2.260871 16.250000
      vertex 17.254549 3.318896 16.500000
      vertex 3.192479 17.141771 16.250000
    endloop
  endfacet
  facet normal 0 0 0
    outer loop
      vertex 3.192479 17.141771 16.250000
      vertex 17.254549 3.318896 16.500000
      vertex 2.175491 17.435646 16.500000
    endloop
  endfacet
  facet normal 0 0 0
    outer loop
      vertex 3.192479 17.141771 16.250000
      vertex 2.175491 17.435646 16.500000
      vertex -15.316263 8.333326 16.250000
    endloop
  endfacet
  facet normal 0 0 0
    outer loop
      vertex -15.316263 8.333326 16.250000
      vertex 2.175491 17.435646 16.500000
      vertex -15.910021 7.456926 16.500000
    endloop
  endfacet
  facet normal 0 0 0
    outer loop
      vertex -15.316263 8.333326 16.250000
      vertex -15.910021 7.456926 16.500000
      vertex -12.658449 -11.991492 16.250000
    endloop
  endfacet
  facet normal 0 0 0
    outer loop
      vertex -12.658449 -11.991492 16.250000
      vertex -15.910021 7.456926 16.500000
      vertex -12.008425 -12.827012 16.500000
    endloop
  endfacet
  facet normal 0 0 0
    outer loop
      vertex -12.008425 -12.827012 16.500000
      vertex -11.313570 -13.639610 16.750000
      vertex 8.488406 -15.384456 16.500000
    endloop
  endfacet
  facet normal 0 0 0
    outer loop
      vertex 8.488406 -15.384456 16.500000
      vertex -11.313570 -13.639610 16.750000
      vertex 9.475955 -14.974716 16.750000
    endloop
  endfacet
  facet normal 0 0 0
    outer loop
      vertex 8.488406 -15.384456 16.500000
      vertex 9.475955 -14.974716 16.750000
      vertex 17.254549 3.318896 16.500000
    endloop
  endfacet
  facet normal 0 0 0
    outer loop
      vertex 17.254549 3.318896 16.500000
      vertex 9.475955 -14.974716 16.750000
      vertex 17.170032 4.384727 16.750000
    endloop
  endfacet
  facet normal 0 0 0
    outer loop
      vertex 17.254549 3.318896 16.500000
      vertex 17.170032 4.384727 16.750000
      vertex 2.175491 17.435646 16.500000
    endloop
  endfacet
  facet normal 0 0 0
    outer loop
      vertex 2.175491 17.435646 16.500000
      vertex 17.170032 4.384727 16.750000
      vertex 1.135709 17.684626 16.750000
    endloop
  endfacet
  facet normal 0 0 0
    outer loop
      vertex 2.175491 17.435646 16.500000
      vertex 1.135709 17.684626 16.750000
      vertex -15.910021 7.456926 16.500000
    endloop
  endfacet
  facet normal 0 0 0
    outer loop
      vertex -15.910021 7.456926 16.500000
      vertex 1.135709 17.684626 16.750000
      vertex -16.468126 6.544973 16.750000
    endloop
  endfacet
  facet normal 0 0 0
    outer loop
      vertex -15.910021 7.456926 16.500000
      vertex -16.468126 6.544973 16.750000
      vertex -12.008425 -12.827012 16.500000
    endloop
  endfacet
  facet normal 0 0 0
    outer loop
      vertex -12.008425 -12.827012 16.500000
      vertex -16.468126 6.544973 16.750000
      vertex -11.313570 -13.639610 16.750000
    endloop
  endfacet
  facet normal 0 0 0
    outer loop
      vertex -11.313570 -13.639610 16.750000
      vertex -10.572946 -14.426648 17.000000
      vertex 9.475955 -14.974716 16.750000
    endloop
  endfacet
  facet normal 0 0 0
    outer loop
      vertex 9.475955 -14.974716 16.750000
      vertex -10.572946 -14.426648 17.000000
      vertex 10.453337 -14.513549 17.000000
    endloop
  endfacet
  facet normal 0 0 0
    outer loop
      vertex 9.475955 -14.974716 16.750000
      vertex 10.453337 -14.513549 17.000000
      vertex 17.170032 4.384727 16.750000
    endloop
  endfacet
  facet normal 0 0 0
    outer loop
      vertex 17.170032 4.384727 16.750000
      vertex 10.453337 -14.513549 17.000000
      vertex 17.033464 5.456781 17.000000
    endloop
  endfacet
  facet normal 0 0 0
    outer loop
      vertex 17.170032 4.384727 16.750000
      vertex 17.033464 5.456781 17.000000
      vertex 1.135709 17.684626 16.750000
    endloop
  endfacet
  facet normal 0 0 0
    outer loop
      vertex 1.135709 17.684626 16.750000
      vertex 17.033464 5.456781 17.000000
      vertex 0.073923 17.886025 17.000000
    endloop
  endfacet
  facet normal 0 0 0
    outer loop
      vertex 1.135709 17.684626 16.750000
      vertex 0.073923 17.886025 17.000000
      vertex -16.468126 6.544973 16.750000
    endloop
  endfacet
  facet normal 0 0 0
    outer loop
      vertex -16.468126 6.544973 16.750000
      vertex 0.073923 17.886025 17.000000
      vertex -16.987777 5.597390 17.000000
    endloop
  endfacet
  facet normal 0 0 0
    outer loop
      vertex -16.468126 6.544973 16.750000
      vertex -16.987777 5.597390 17.000000
      vertex -11.313570 -13.639610 16.750000
    endloop
  endfacet
  facet normal 0 0 0
    outer loop
      vertex -11.313570 -13.639610 16.750000
      vertex -16.987777 5.597390 17.000000
      vertex -10.572946 -14.426648 17.000000
    endloop
  endfacet
  facet normal 0 0 0
    outer loop
      vertex -10.572946 -14.426648 17.000000
      vertex -9.785791 -15.185095 17.250000
      vertex 10.453337 -14.513549 17.000000
    endloop
  endfacet
  facet normal 0 0 0
    outer loop
      vertex 10.453337 -14.513549 17.000000
      vertex -9.785791 -15.185095 17.250000
      vertex 11.417908 -13.999292 17.250000
    endloop
  endfacet
  facet normal 0 0 0
    outer loop
      vertex 10.453337 -14.513549 17.000000
      vertex 11.417908 -13.999292 17.250000
      vertex 17.033464 5.456781 17.000000
    endloop
  endfacet
  facet normal 0 0 0
    outer loop
      vertex 17.033464 5.456781 17.000000
      vertex 11.417908 -13.999292 17.250000
      vertex 16.842446 6.533056 17.250000
    endloop
  endfacet
  facet normal 0 0 0
    outer loop
      vertex 17.033464 5.456781 17.000000
      vertex 16.842446 6.533056 17.250000
      vertex 0.073923 17.886025 17.000000
    endloop
  endfacet
  facet normal 0 0 0
    outer loop
      vertex 0.073923 17.886025 17.000000
      vertex 16.842446 6.533056 17.250000
      vertex -1.008704 18.036943 17.250000
    endloop
  endfacet
  facet normal 0 0 0
    outer loop
      vertex 0.073923 17.886025 17.000000
      vertex -1.008704 18.036943 17.250000
      vertex -16.987777 5.597390 17.000000
    endloop
  endfacet
  facet normal 0 0 0
    outer loop
      vertex -16.987777 5.597390 17.000000
      vertex -1.008704 18.036943 17.250000
      vertex -17.465859 4.614388 17.250000
    endloop
  endfacet
  facet normal 0 0 0
    outer loop
      vertex -16.987777 5.597390 17.000000
      vertex -17.465859 4.614388 17.250000
      vertex -10.572946 -14.426648 17.000000
    endloop
  endfacet
  facet normal 0 0 0
    outer loop
      vertex -10.572946 -14.426648 17.000000
      vertex -17.465859 4.614388 17.250000
      vertex -9.785791 -15.185095 17.250000
    endloop
  endfacet
  facet normal 0 0 0
    outer loop
      vertex -9.785791 -15.185095 17.250000
      vertex -8.951585 -15.911550 17.500000
      vertex 11.417908 -13.999292 17.250000
    endloop
  endfacet
  facet normal 0 0 0
    outer loop
      vertex 11.417908 -13.999292 17.250000
      vertex -8.951585 -15.911550 17.500000
      vertex 12.366591 -13.430402 17.500000
    endloop
  endfacet
  facet normal 0 0 0
    outer loop
      vertex 11.417908 -13.999292 17.250000
      vertex 12.366591 -13.430402 17.500000
      vertex 16.842446 6.533056 17.250000
    endloop
  endfacet
  facet normal 0 0 0
    outer loop
      vertex 16.842446 6.533056 17.250000
      vertex 12.366591 -13.430402 17.500000
      vertex 16.594558 7.611105 17.500000
    endloop
  endfacet
  facet normal 0 0 0
    outer loop
      vertex 16.842446 6.533056 17.250000
      vertex 16.594558 7.611105 17.500000
      vertex -1.008704 18.036943 17.250000
    endloop
  endfacet
  facet normal 0 0 0
    outer loop
      vertex -1.008704 18.036943 17.250000
      vertex 16.594558 7.611105 17.500000
      vertex -2.110590 18.134324 17.500000
    endloop
  endfacet
  facet normal 0 0 0
    outer loop
      vertex -1.008704 18.036943 17.250000
      vertex -2.110590 18.134324 17.500000
      vertex -17.465859 4.614388 17.250000
    endloop
  endfacet
  facet normal 0 0 0
    outer loop
      vertex -17.465859 4.614388 17.250000
      vertex -2.110590 18.134324 17.500000
      vertex -17.898975 3.596524 17.500000
    endloop
  endfacet
  facet normal 0 0 0
    outer loop
      vertex -17.465859 4.614388 17.250000
      vertex -17.898975 3.596524 17.500000
      vertex -9.785791 -15.185095 17.250000
    endloop
  endfacet
  facet normal 0 0 0
    outer loop
      vertex -9.785791 -15.185095 17.250000
      vertex -17.898975 3.596524 17.500000
      vertex -8.951585 -15.911550 17.500000
    endloop
  endfacet
  facet normal 0 0 0
    outer loop
      vertex -8.951585 -15.911550 17.500000
      vertex -8.070122 -16.602265 17.750000
      vertex 12.366591 -13.430402 17.500000
    endloop
  endfacet
  facet normal 0 0 0
    outer loop
      vertex 12.366591 -13.430402 17.500000
      vertex -8.070122 -16.602265 17.750000
      vertex 13.295888 -12.805524 17.750000
    endloop
  endfacet
  facet normal 0 0 0
    outer loop
      vertex 12.366591 -13.430402 17.500000
      vertex 13.295888 -12.805524 17.750000
      vertex 16.594558 7.611105 17.500000
    endloop
  endfacet
  facet normal 0 0 0
    outer loop
      vertex 16.594558 7.611105 17.500000
      vertex 13.295888 -12.805524 17.750000
      vertex 16.287432 8.688016 17.750000
    endloop
  endfacet
  facet normal 0 0 0
    outer loop
      vertex 16.594558 7.611105 17.500000
      vertex 16.287432 8.688016 17.750000
      vertex -2.110590 18.134324 17.500000
    endloop
  endfacet
  facet normal 0 0 0
    outer loop
      vertex -2.110590 18.134324 17.500000
      vertex 16.287432 8.688016 17.750000
      vertex -3.229701 18.175013 17.750000
    endloop
  endfacet
  facet normal 0 0 0
    outer loop
      vertex -2.110590 18.134324 17.500000
      vertex -3.229701 18.175013 17.750000
      vertex -17.898975 3.596524 17.500000
    endloop
  endfacet
  facet normal 0 0 0
    outer loop
      vertex -17.898975 3.596524 17.500000
      vertex -3.229701 18.175013 17.750000
      vertex -18.283497 2.544760 17.750000
    endloop
  endfacet
  facet normal 0 0 0
    outer loop
      vertex -17.898975 3.596524 17.500000
      vertex -18.283497 2.544760 17.750000
      vertex -8.951585 -15.911550 17.500000
    endloop
  endfacet
  facet normal 0 0 0
    outer loop
      vertex -8.951585 -15.911550 17.500000
      vertex -18.283497 2.544760 17.750000
      vertex -8.070122 -16.602265 17.750000
    endloop
  endfacet
  facet normal 0 0 0
    outer loop
      vertex -8.070122 -16.602265 17.750000
      vertex -7.141573 -17.253185 18.000000
      vertex 13.295888 -12.805524 17.750000
    endloop
  endfacet
  facet normal 0 0 0
    outer loop
      vertex 13.295888 -12.805524 17.750000
      vertex -7.141573 -17.253185 18.000000
      vertex 14.201887 -12.123567 18.000000
    endloop
  endfacet
  facet normal 0 0 0
    outer loop
      vertex 13.295888 -12.805524 17.750000
      vertex 14.201887 -12.123567 18.000000
      vertex 16.287432 8.688016 17.750000
    endloop
  endfacet
  facet normal 0 0 0
    outer loop
      vertex 16.287432 8.688016 17.750000
      vertex 14.201887 -12.123567 18.000000
      vertex 15.918822 9.760409 18.000000
    endloop
  endfacet
  facet normal 0 0 0
    outer loop
      vertex 16.287432 8.688016 17.750000
      vertex 15.918822 9.760409 18.000000
      vertex -3.229701 18.175013 17.750000
    endloop
  endfacet
  facet normal 0 0 0
    outer loop
      vertex -3.229701 18.175013 17.750000
      vertex 15.918822 9.760409 18.000000
      vertex -4.363514 18.155832 18.000000
    endloop
  endfacet
  facet normal 0 0 0
    outer loop
      vertex -3.229701 18.175013 17.750000
      vertex -4.363514 18.155832 18.000000
      vertex -18.283497 2.544760 17.750000
    endloop
  endfacet
  facet normal 0 0 0
    outer loop
      vertex -18.283497 2.544760 17.750000
      vertex -4.363514 18.155832 18.000000
      vertex -18.615622 1.460513 18.000000
    endloop
  endfacet
  facet normal 0 0 0
    outer loop
      vertex -18.283497 2.544760 17.750000
      vertex -18.615622 1.460513 18.000000
      vertex -8.070122 -16.602265 17.750000
    endloop
  endfacet
  facet normal 0 0 0
    outer loop
      vertex -8.070122 -16.602265 17.750000
      vertex -18.615622 1.460513 18.000000
      vertex -7.141573 -17.253185 18.000000
    endloop
  endfacet
  facet normal 0 0 0
    outer loop
      vertex -7.141573 -17.253185 18.000000
      vertex -6.166546 -17.859994 18.250000
      vertex 14.201887 -12.123567 18.000000
    endloop
  endfacet
  facet normal 0 0 0
    outer loop
      vertex 14.201887 -12.123567 18.000000
      vertex -6.166546 -17.859994 18.250000
      vertex 15.080297 -11.383775 18.250000
    endloop
  endfacet
  facet normal 0 0 0
    outer loop
      vertex 14.201887 -12.123567 18.000000
      vertex 15.080297 -11.383775 18.250000
      vertex 15.918822 9.760409 18.000000
    endloop
  endfacet
  facet normal 0 0 0
    outer loop
      vertex 15.918822 9.760409 18.000000
      vertex 15.080297 -11.383775 18.250000
      vertex 15.486682 10.824434 18.250000
    endloop
  endfacet
  facet normal 0 0 0
    outer loop
      vertex 15.918822 9.760409 18.000000
      vertex 15.486682 10.824434 18.250000
      vertex -4.363514 18.155832 18.000000
    endloop
  endfacet
  facet normal 0 0 0
    outer loop
      vertex -4.363514 18.155832 18.000000
      vertex 15.486682 10.824434 18.250000
      vertex -5.509001 18.073644 18.250000
    endloop
  endfacet
  facet normal 0 0 0
    outer loop
      vertex -4.363514 18.155832 18.000000
      vertex -5.509001 18.073644 18.250000
      vertex -18.615622 1.460513 18.000000
    endloop
  endfacet
  facet normal 0 0 0
    outer loop
      vertex -18.615622 1.460513 18.000000
      vertex -5.509001 18.073644 18.250000
      vertex -18.891431 0.345692 18.250000
    endloop
  endfacet
  facet normal 0 0 0
    outer loop
      vertex -18.615622 1.460513 18.000000
      vertex -18.891431 0.345692 18.250000
      vertex -7.141573 -17.253185 18.000000
    endloop
  endfacet
  facet normal 0 0 0
    outer loop
      vertex -7.141573 -17.253185 18.000000
      vertex -18.891431 0.345692 18.250000
      vertex -6.166546 -17.859994 18.250000
    endloop
  endfacet
  facet normal 0 0 0
    outer loop
      vertex -6.166546 -17.859994 18.250000
      vertex -5.146132 -18.418173 18.500000
      vertex 15.080297 -11.383775 18.250000
    endloop
  endfacet
  facet normal 0 0 0
    outer loop
      vertex 15.080297 -11.383775 18.250000
      vertex -5.146132 -18.418173 18.500000
      vertex 15.926481 -10.585791 18.500000
    endloop
  endfacet
  facet normal 0 0 0
    outer loop
      vertex 15.080297 -11.383775 18.250000
      vertex 15.926481 -10.585791 18.500000
      vertex 15.486682 10.824434 18.250000
    endloop
  endfacet
  facet normal 0 0 0
    outer loop
      vertex 15.486682 10.824434 18.250000
      vertex 15.926481 -10.585791 18.500000
      vertex 14.989239 11.875794 18.500000
    endloop
  endfacet
  facet normal 0 0 0
    outer loop
      vertex 15.486682 10.824434 18.250000
      vertex 14.989239 11.875794 18.500000
      vertex -5.509001 18.073644 18.250000
    endloop
  endfacet
  facet normal 0 0 0
    outer loop
      vertex -5.509001 18.073644 18.250000
      vertex 14.989239 11.875794 18.500000
      vertex -6.662622 17.925435 18.500000
    endloop
  endfacet
  facet normal 0 0 0
    outer loop
      vertex -5.509001 18.073644 18.250000
      vertex -6.662622 17.925435 18.500000
      vertex -18.891431 0.345692 18.250000
    endloop
  endfacet
  facet normal 0 0 0
    outer loop
      vertex -18.891431 0.345692 18.250000
      vertex -6.662622 17.925435 18.500000
      vertex -19.106966 -0.797266 18.500000
    endloop
  endfacet
  facet normal 0 0 0
    outer loop
      vertex -18.891431 0.345692 18.250000
      vertex -19.106966 -0.797266 18.500000
      vertex -6.166546 -17.859994 18.250000
    endloop
  endfacet
  facet normal 0 0 0
    outer loop
      vertex -6.166546 -17.859994 18.250000
      vertex -19.106966 -0.797266 18.500000
      vertex -5.146132 -18.418173 18.500000
    endloop
  endfacet
  facet normal 0 0 0
    outer loop
      vertex -5.146132 -18.418173 18.500000
      vertex -4.081958 -18.923062 18.750000
      vertex 15.926481 -10.585791 18.500000
    endloop
  endfacet
  facet normal 0 0 0
    outer loop
      vertex 15.926481 -10.585791 18.500000
      vertex -4.081958 -18.923062 18.750000
      vertex 16.735507 -9.729720 18.750000
    endloop
  endfacet
  facet normal 0 0 0
    outer loop
      vertex 15.926481 -10.585791 18.500000
      vertex 16.735507 -9.729720 18.750000
      vertex 14.989239 11.875794 18.500000
    endloop
  endfacet
  facet normal 0 0 0
    outer loop
      vertex 14.989239 11.875794 18.500000
      vertex 16.735507 -9.729720 18.750000
      vertex 14.425070 12.909764 18.750000
    endloop
  endfacet
  facet normal 0 0 0
    outer loop
      vertex 14.989239 11.875794 18.500000
      vertex 14.425070 12.909764 18.750000
      vertex -6.662622 17.925435 18.500000
    endloop
  endfacet
  facet normal 0 0 0
    outer loop
      vertex -6.662622 17.925435 18.500000
      vertex 14.425070 12.909764 18.750000
      vertex -7.820324 17.708393 18.750000
    endloop
  endfacet
  facet normal 0 0 0
    outer loop
      vertex -6.662622 17.925435 18.500000
      vertex -7.820324 17.708393 18.750000
      vertex -19.106966 -0.797266 18.500000
    endloop
  endfacet
  facet normal 0 0 0
    outer loop
      vertex -19.106966 -0.797266 18.500000
      vertex -7.820324 17.708393 18.750000
      vertex -19.258296 -1.965375 18.750000
    endloop
  endfacet
  facet normal 0 0 0
    outer loop
      vertex -19.106966 -0.797266 18.500000
      vertex -19.258296 -1.965375 18.750000
      vertex -5.146132 -18.418173 18.500000
    endloop
  endfacet
  facet normal 0 0 0
    outer loop
      vertex -5.146132 -18.418173 18.500000
      vertex -19.258296 -1.965375 18.750000
      vertex -4.081958 -18.923062 18.750000
    endloop
  endfacet
  facet normal 0 0 0
    outer loop
      vertex -4.081958 -18.923062 18.750000
      vertex -2.976213 -19.369936 19.000000
      vertex 16.735507 -9.729720 18.750000
    endloop
  endfacet
  facet normal 0 0 0
    outer loop
      vertex 16.735507 -9.729720 18.750000
      vertex -2.976213 -19.369936 19.000000
      vertex 17.502203 -8.816186 19.000000
    endloop
  endfacet
  facet normal 0 0 0
    outer loop
      vertex 16.735507 -9.729720 18.750000
      vertex 17.502203 -8.816186 19.000000
      vertex 14.425070 12.909764 18.750000
    endloop
  endfacet
  facet normal 0 0 0
    outer loop
      vertex 14.425070 12.909764 18.750000
      vertex 17.502203 -8.816186 19.000000
      vertex 13.793170 13.921233 19.000000
    endloop
  endfacet
  facet normal 0 0 0
    outer loop
      vertex 14.425070 12.909764 18.750000
      vertex 13.793170 13.921233 19.000000
      vertex -7.820324 17.708393 18.750000
    endloop
  endfacet
  facet normal 0 0 0
    outer loop
      vertex -7.820324 17.708393 18.750000
      vertex 13.793170 13.921233 19.000000
      vertex -8.977556 17.419981 19.000000
    endloop
  endfacet
  facet normal 0 0 0
    outer loop
      vertex -7.820324 17.708393 18.750000
      vertex -8.977556 17.419981 19.000000
      vertex -19.258296 -1.965375 18.750000
    endloop
  endfacet
  facet normal 0 0 0
    outer loop
      vertex -19.258296 -1.965375 18.750000
      vertex -8.977556 17.419981 19.000000
      vertex -19.341604 -3.155092 19.000000
    endloop
  endfacet
  facet normal 0 0 0
    outer loop
      vertex -19.258296 -1.965375 18.750000
      vertex -19.341604 -3.155092 19.000000
      vertex -4.081958 -18.923062 18.750000
    endloop
  endfacet
  facet normal 0 0 0
    outer loop
      vertex -4.081958 -18.923062 18.750000
      vertex -19.341604 -3.155092 19.000000
      vertex -2.976213 -19.369936 19.000000
    endloop
  endfacet
  facet normal 0 0 0
    outer loop
      vertex -2.976213 -19.369936 19.000000
      vertex -1.831680 -19.754076 19.250000
      vertex 17.502203 -8.816186 19.000000
    endloop
  endfacet
  facet normal 0 0 0
    outer loop
      vertex 17.502203 -8.816186 19.000000
      vertex -1.831680 -19.754076 19.250000
      vertex 18.221222 -7.846376 19.250000
    endloop
  endfacet
  facet normal 0 0 0
    outer loop
      vertex 17.502203 -8.816186 19.000000
      vertex 18.221222 -7.846376 19.250000
      vertex 13.793170 13.921233 19.000000
    endloop
  endfacet
  facet normal 0 0 0
    outer loop
      vertex 13.793170 13.921233 19.000000
      vertex 18.221222 -7.846376 19.250000
      vertex 13.093014 14.904749 19.250000
    endloop
  endfacet
  facet normal 0 0 0
    outer loop
      vertex 13.793170 13.921233 19.000000
      vertex 13.093014 14.904749 19.250000
      vertex -8.977556 17.419981 19.000000
    endloop
  endfacet
  facet normal 0 0 0
    outer loop
      vertex -8.977556 17.419981 19.000000
      vertex 13.093014 14.904749 19.250000
      vertex -10.129294 17.058017 19.250000
    endloop
  endfacet
  facet normal 0 0 0
    outer loop
      vertex -8.977556 17.419981 19.000000
      vertex -10.129294 17.058017 19.250000
      vertex -19.341604 -3.155092 19.000000
    endloop
  endfacet
  facet normal 0 0 0
    outer loop
      vertex -19.341604 -3.155092 19.000000
      vertex -10.129294 17.058017 19.250000
      vertex -19.353262 -4.362314 19.250000
    endloop
  endfacet
  facet normal 0 0 0
    outer loop
      vertex -19.341604 -3.155092 19.000000
      vertex -19.353262 -4.362314 19.250000
      vertex -2.976213 -19.369936 19.000000
    endloop
  endfacet
  facet normal 0 0 0
    outer loop
      vertex -2.976213 -19.369936 19.000000
      vertex -19.353262 -4.362314 19.250000
      vertex -1.831680 -19.754076 19.250000
    endloop
  endfacet
  facet normal 0 0 0
    outer loop
      vertex -1.831680 -19.754076 19.250000
      vertex -0.651742 -20.070853 19.500000
      vertex 18.221222 -7.846376 19.250000
    endloop
  endfacet
  facet normal 0 0 0
    outer loop
      vertex 18.221222 -7.846376 19.250000
      vertex -0.651742 -20.070853 19.500000
      vertex 18.887116 -6.822079 19.500000
    endloop
  endfacet
  facet normal 0 0 0
    outer loop
      vertex 18.221222 -7.846376 19.250000
      vertex 18.887116 -6.822079 19.500000
      vertex 13.093014 14.904749 19.250000
    endloop
  endfacet
  facet normal 0 0 0
    outer loop
      vertex 13.093014 14.904749 19.250000
      vertex 18.887116 -6.822079 19.500000
      vertex 12.324622 15.854576 19.500000
    endloop
  endfacet
  facet normal 0 0 0
    outer loop
      vertex 13.093014 14.904749 19.250000
      vertex 12.324622 15.854576 19.500000
      vertex -10.129294 17.058017 19.250000
    endloop
  endfacet
  facet normal 0 0 0
    outer loop
      vertex -10.129294 17.058017 19.250000
      vertex 12.324622 15.854576 19.500000
      vertex -11.270081 16.620746 19.500000
    endloop
  endfacet
  facet normal 0 0 0
    outer loop
      vertex -10.129294 17.058017 19.250000
      vertex -11.270081 16.620746 19.500000
      vertex -19.353262 -4.362314 19.250000
    endloop
  endfacet
  facet normal 0 0 0
    outer loop
      vertex -19.353262 -4.362314 19.250000
      vertex -11.270081 16.620746 19.500000
      vertex -19.289915 -5.582391 19.500000
    endloop
  endfacet
  facet normal 0 0 0
    outer loop
      vertex -19.353262 -4.362314 19.250000
      vertex -19.289915 -5.582391 19.500000
      vertex -1.831680 -19.754076 19.250000
    endloop
  endfacet
  facet normal 0 0 0
    outer loop
      vertex -1.831680 -19.754076 19.250000
      vertex -19.289915 -5.582391 19.500000
      vertex -0.651742 -20.070853 19.500000
    endloop
  endfacet
  facet normal 0 0 0
    outer loop
      vertex -0.651742 -20.070853 19.500000
      vertex 0.559606 -20.315811 19.750000
      vertex 18.887116 -6.822079 19.500000
    endloop
  endfacet
  facet normal 0 0 0
    outer loop
      vertex 18.887116 -6.822079 19.500000
      vertex 0.559606 -20.315811 19.750000
      vertex 19.494412 -5.745713 19.750000
    endloop
  endfacet
  facet normal 0 0 0
    outer loop
      vertex 18.887116 -6.822079 19.500000
      vertex 19.494412 -5.745713 19.750000
      vertex 12.324622 15.854576 19.500000
    endloop
  endfacet
  facet normal 0 0 0
    outer loop
      vertex 12.324622 15.854576 19.500000
      vertex 19.494412 -5.745713 19.750000
      vertex 11.488603 16.764764 19.750000
    endloop
  endfacet
  facet normal 0 0 0
    outer loop
      vertex 12.324622 15.854576 19.500000
      vertex 11.488603 16.764764 19.750000
      vertex -11.270081 16.620746 19.500000
    endloop
  endfacet
  facet normal 0 0 0
    outer loop
      vertex -11.270081 16.620746 19.500000
      vertex 11.488603 16.764764 19.750000
      vertex -12.394065 16.106908 19.750000
    endloop
  endfacet
  facet normal 0 0 0
    outer loop
      vertex -11.270081 16.620746 19.500000
      vertex -12.394065 16.106908 19.750000
      vertex -19.289915 -5.582391 19.500000
    endloop
  endfacet
  facet normal 0 0 0
    outer loop
      vertex -19.289915 -5.582391 19.500000
      vertex -12.394065 16.106908 19.750000
      vertex -19.148556 -6.810148 19.750000
    endloop
  endfacet
  facet normal 0 0 0
    outer loop
      vertex -19.289915 -5.582391 19.500000
      vertex -19.148556 -6.810148 19.750000
      vertex -0.651742 -20.070853 19.500000
    endloop
  endfacet
  facet normal 0 0 0
    outer loop
      vertex -0.651742 -20.070853 19.500000
      vertex -19.148556 -6.810148 19.750000
      vertex 0.559606 -20.315811 19.750000
    endloop
  endfacet
  facet normal 0 0 0
    outer loop
      vertex 0.559606 -20.315811 19.750000
      vertex 1.797778 -20.484748 20.000000
      vertex 19.494412 -5.745713 19.750000
    endloop
  endfacet
  facet normal 0 0 0
    outer loop
      vertex 19.494412 -5.745713 19.750000
      vertex 1.797778 -20.484748 20.000000
      vertex 20.037697 -4.620347 20.000000
    endloop
  endfacet
  facet normal 0 0 0
    outer loop
      vertex 19.494412 -5.745713 19.750000
      vertex 20.037697 -4.620347 20.000000
      vertex 11.488603 16.764764 19.750000
    endloop
  endfacet
  facet normal 0 0 0
    outer loop
      vertex 11.488603 16.764764 19.750000
      vertex 20.037697 -4.620347 20.000000
      vertex 10.586200 17.629217 20.000000
    endloop
  endfacet
  facet normal 0 0 0
    outer loop
      vertex 11.488603 16.764764 19.750000
      vertex 10.586200 17.629217 20.000000
      vertex -12.394065 16.106908 19.750000
    endloop
  endfacet
  facet normal 0 0 0
    outer loop
      vertex -12.394065 16.106908 19.750000
      vertex 10.586200 17.629217 20.000000
      vertex -13.495066 15.515802 20.000000
    endloop
  endfacet
  facet normal 0 0 0
    outer loop
      vertex -12.394065 16.106908 19.750000
      vertex -13.495066 15.515802 20.000000
      vertex -19.148556 -6.810148 19.750000
    endloop
  endfacet
  facet normal 0 0 0
    outer loop
      vertex -19.148556 -6.810148 19.750000
      vertex -13.495066 15.515802 20.000000
      vertex -18.926609 -8.039923 20.000000
    endloop
  endfacet
  facet normal 0 0 0
    outer loop
      vertex -19.148556 -6.810148 19.750000
      vertex -18.926609 -8.039923 20.000000
      vertex 0.559606 -20.315811 19.750000
    endloop
  endfacet
  facet normal 0 0 0
    outer loop
      vertex 0.559606 -20.315811 19.750000
      vertex -18.926609 -8.039923 20.000000
      vertex 1.797778 -20.484748 20.000000
    endloop
  endfacet
  facet normal 0 0 0
    outer loop
      vertex 1.797778 -20.484748 20.000000
      vertex 3.057605 -20.573803 20.250000
      vertex 20.037697 -4.620347 20.000000
    endloop
  endfacet
  facet normal 0 0 0
    outer loop
      vertex 20.037697 -4.620347 20.000000
      vertex 3.057605 -20.573803 20.250000
      vertex 20.511702 -3.449699 20.250000
    endloop
  endfacet
  facet normal 0 0 0
    outer loop
      vertex 20.037697 -4.620347 20.000000
      vertex 20.511702 -3.449699 20.250000
      vertex 10.586200 17.629217 20.000000
    endloop
  endfacet
  facet normal 0 0 0
    outer loop
      vertex 10.586200 17.629217 20.000000
      vertex 20.511702 -3.449699 20.250000
      vertex 9.619323 18.441772 20.250000
    endloop
  endfacet
  facet normal 0 0 0
    outer loop
      vertex 10.586200 17.629217 20.000000
      vertex 9.619323 18.441772 20.250000
      vertex -13.495066 15.515802 20.000000
    endloop
  endfacet
  facet normal 0 0 0
    outer loop
      vertex -13.495066 15.515802 20.000000
      vertex 9.619323 18.441772 20.250000
      vertex -14.566633 14.847341 20.250000
    endloop
  endfacet
  facet normal 0 0 0
    outer loop
      vertex -13.495066 15.515802 20.000000
      vertex -14.566633 14.847341 20.250000
      vertex -18.926609 -8.039923 20.000000
    endloop
  endfacet
  facet normal 0 0 0
    outer loop
      vertex -18.926609 -8.039923 20.000000
      vertex -14.566633 14.847341 20.250000
      vertex -18.621997 -9.265610 20.250000
    endloop
  endfacet
  facet normal 0 0 0
    outer loop
      vertex -18.926609 -8.039923 20.000000
      vertex -18.621997 -9.265610 20.250000
      vertex 1.797778 -20.484748 20.000000
    endloop
  endfacet
  facet normal 0 0 0
    outer loop
      vertex 1.797778 -20.484748 20.000000
      vertex -18.621997 -9.265610 20.250000
      vertex 3.057605 -20.573803 20.250000
    endloop
  endfacet
  facet normal 0 0 0
    outer loop
      vertex 3.057605 -20.573803 20.250000
      vertex 4.333380 -20.579532 20.500000
      vertex 20.511702 -3.449699 20.250000
    endloop
  endfacet
  facet normal 0 0 0
    outer loop
      vertex 20.511702 -3.449699 20.250000
      vertex 4.333380 -20.579532 20.500000
      vertex 20.911386 -2.238136 20.500000
    endloop
  endfacet
  facet normal 0 0 0
    outer loop
      vertex 20.511702 -3.449699 20.250000
      vertex 20.911386 -2.238136 20.500000
      vertex 9.619323 18.441772 20.250000
    endloop
  endfacet
  facet normal 0 0 0
    outer loop
      vertex 9.619323 18.441772 20.250000
      vertex 20.911386 -2.238136 20.500000
      vertex 8.590567 19.196288 20.500000
    endloop
  endfacet
  facet normal 0 0 0
    outer loop
      vertex 9.619323 18.441772 20.250000
      vertex 8.590567 19.196288 20.500000
      vertex -14.566633 14.847341 20.250000
    endloop
  endfacet
  facet normal 0 0 0
    outer loop
      vertex -14.566633 14.847341 20.250000
      vertex 8.590567 19.196288 20.500000
      vertex -15.602123 14.102094 20.500000
    endloop
  endfacet
  facet normal 0 0 0
    outer loop
      vertex -14.566633 14.847341 20.250000
      vertex -15.602123 14.102094 20.500000
      vertex -18.621997 -9.265610 20.250000
    endloop
  endfacet
  facet normal 0 0 0
    outer loop
      vertex -18.621997 -9.265610 20.250000
      vertex -15.602123 14.102094 20.500000
      vertex -18.233210 -10.480714 20.500000
    endloop
  endfacet
  facet normal 0 0 0
    outer loop
      vertex -18.621997 -9.265610 20.250000
      vertex -18.233210 -10.480714 20.500000
      vertex 3.057605 -20.573803 20.250000
    endloop
  endfacet
  facet normal 0 0 0
    outer loop
      vertex 3.057605 -20.573803 20.250000
      vertex -18.233210 -10.480714 20.500000
      vertex 4.333380 -20.579532 20.500000
    endloop
  endfacet
  facet normal 0 0 0
    outer loop
      vertex 4.333380 -20.579532 20.500000
      vertex 5.618892 -20.498986 20.750000
      vertex 20.911386 -2.238136 20.500000
    endloop
  endfacet
  facet normal 0 0 0
    outer loop
      vertex 20.911386 -2.238136 20.500000
      vertex 5.618892 -20.498986 20.750000
      vertex 21.232027 -0.990652 20.750000
    endloop
  endfacet
  facet normal 0 0 0
    outer loop
      vertex 20.911386 -2.238136 20.500000
      vertex 21.232027 -0.990652 20.750000
      vertex 8.590567 19.196288 20.500000
    endloop
  endfacet
  facet normal 0 0 0
    outer loop
      vertex 8.590567 19.196288 20.500000
      vertex 21.232027 -0.990652 20.750000
      vertex 7.503223 19.886730 20.750000
    endloop
  endfacet
  facet normal 0 0 0
    outer loop
      vertex 8.590567 19.196288 20.500000
      vertex 7.503223 19.886730 20.750000
      vertex -15.602123 14.102094 20.500000
    endloop
  endfacet
  facet normal 0 0 0
    outer loop
      vertex -15.602123 14.102094 20.500000
      vertex 7.503223 19.886730 20.750000
      vertex -16.594780 13.281326 20.750000
    endloop
  endfacet
  facet normal 0 0 0
    outer loop
      vertex -15.602123 14.102094 20.500000
      vertex -16.594780 13.281326 20.750000
      vertex -18.233210 -10.480714 20.500000
    endloop
  endfacet
  facet normal 0 0 0
    outer loop
      vertex -18.233210 -10.480714 20.500000
      vertex -16.594780 13.281326 20.750000
      vertex -17.759361 -11.678419 20.750000
    endloop
  endfacet
  facet normal 0 0 0
    outer loop
      vertex -18.233210 -10.480714 20.500000
      vertex -17.759361 -11.678419 20.750000
      vertex 4.333380 -20.579532 20.500000
    endloop
  endfacet
  facet normal 0 0 0
    outer loop
      vertex 4.333380 -20.579532 20.500000
      vertex -17.759361 -11.678419 20.750000
      vertex 5.618892 -20.498986 20.750000
    endloop
  endfacet
  facet normal 0 0 0
    outer loop
      vertex 5.618892 -20.498986 20.750000
      vertex 6.907484 -20.329783 21.000000
      vertex 21.232027 -0.990652 20.750000
    endloop
  endfacet
  facet normal 0 0 0
    outer loop
      vertex 21.232027 -0.990652 20.750000
      vertex 6.907484 -20.329783 21.000000
      vertex 21.469303 0.287159 21.000000
    endloop
  endfacet
  facet normal 0 0 0
    outer loop
      vertex 21.232027 -0.990652 20.750000
      vertex 21.469303 0.287159 21.000000
      vertex 7.503223 19.886730 20.750000
    endloop
  endfacet
  facet normal 0 0 0
    outer loop
      vertex 7.503223 19.886730 20.750000
      vertex 21.469303 0.287159 21.000000
      vertex 6.361275 20.507257 21.000000
    endloop
  endfacet
  facet normal 0 0 0
    outer loop
      vertex 7.503223 19.886730 20.750000
      vertex 6.361275 20.507257 21.000000
      vertex -16.594780 13.281326 20.750000
    endloop
  endfacet
  facet normal 0 0 0
    outer loop
      vertex -16.594780 13.281326 20.750000
      vertex 6.361275 20.507257 21.000000
      vertex -17.537819 12.387023 21.000000
    endloop
  endfacet
  facet normal 0 0 0
    outer loop
      vertex -16.594780 13.281326 20.750000
      vertex -17.537819 12.387023 21.000000
      vertex -17.759361 -11.678419 20.750000
    endloop
  endfacet
  facet normal 0 0 0
    outer loop
      vertex -17.759361 -11.678419 20.750000
      vertex -17.537819 12.387023 21.000000
      vertex -17.200243 -12.851656 21.000000
    endloop
  endfacet
  facet normal 0 0 0
    outer loop
      vertex -17.759361 -11.678419 20.750000
      vertex -17.200243 -12.851656 21.000000
      vertex 5.618892 -20.498986 20.750000
    endloop
  endfacet
  facet normal 0 0 0
    outer loop
      vertex 5.618892 -20.498986 20.750000
      vertex -17.200243 -12.851656 21.000000
      vertex 6.907484 -20.329783 21.000000
    endloop
  endfacet
  facet normal 0 0 0
    outer loop
      vertex 6.907484 -20.329783 21.000000
      vertex 8.192118 -20.070169 21.250000
      vertex 21.469303 0.287159 21.000000
    endloop
  endfacet
  facet normal 0 0 0
    outer loop
      vertex 21.469303 0.287159 21.000000
      vertex 8.192118 -20.070169 21.250000
      vertex 21.619369 1.589144 21.250000
    endloop
  endfacet
  facet normal 0 0 0
    outer loop
      vertex 21.469303 0.287159 21.000000
      vertex 21.619369 1.589144 21.250000
      vertex 6.361275 20.507257 21.000000
    endloop
  endfacet
  facet normal 0 0 0
    outer loop
      vertex 6.361275 20.507257 21.000000
      vertex 21.619369 1.589144 21.250000
      vertex 5.169387 21.052315 21.250000
    endloop
  endfacet
  facet normal 0 0 0
    outer loop
      vertex 6.361275 20.507257 21.000000
      vertex 5.169387 21.052315 21.250000
      vertex -17.537819 12.387023 21.000000
    endloop
  endfacet
  facet normal 0 0 0
    outer loop
      vertex -17.537819 12.387023 21.000000
      vertex 5.169387 21.052315 21.250000
      vertex -18.424513 11.421902 21.250000
    endloop
  endfacet
  facet normal 0 0 0
    outer loop
      vertex -17.537819 12.387023 21.000000
      vertex -18.424513 11.421902 21.250000
      vertex -17.200243 -12.851656 21.000000
    endloop
  endfacet
  facet normal 0 0 0
    outer loop
      vertex -17.200243 -12.851656 21.000000
      vertex -18.424513 11.421902 21.250000
      vertex -16.556362 -13.993191 21.250000
    endloop
  endfacet
  facet normal 0 0 0
    outer loop
      vertex -17.200243 -12.851656 21.000000
      vertex -16.556362 -13.993191 21.250000
      vertex 6.907484 -20.329783 21.000000
    endloop
  endfacet
  facet normal 0 0 0
    outer loop
      vertex 6.907484 -20.329783 21.000000
      vertex -16.556362 -13.993191 21.250000
      vertex 8.192118 -20.070169 21.250000
    endloop
  endfacet
  facet normal 0 0 0
    outer loop
      vertex 8.192118 -20.070169 21.250000
      vertex 9.465447 -19.719076 21.500000
      vertex 21.619369 1.589144 21.250000
    endloop
  endfacet
  facet normal 0 0 0
    outer loop
      vertex 21.619369 1.589144 21.250000
      vertex 9.465447 -19.719076 21.500000
      vertex 21.678940 2.908646 21.500000
    endloop
  endfacet
  facet normal 0 0 0
    outer loop
      vertex 21.619369 1.589144 21.250000
      vertex 21.678940 2.908646 21.500000
      vertex 5.169387 21.052315 21.250000
    endloop
  endfacet
  facet normal 0 0 0
    outer loop
      vertex 5.169387 21.052315 21.250000
      vertex 21.678940 2.908646 21.500000
      vertex 3.932874 21.516718 21.500000
    endloop
  endfacet
  facet normal 0 0 0
    outer loop
      vertex 5.169387 21.052315 21.250000
      vertex 3.932874 21.516718 21.500000
      vertex -18.424513 11.421902 21.250000
    endloop
  endfacet
  facet normal 0 0 0
    outer loop
      vertex -18.424513 11.421902 21.250000
      vertex 3.932874 21.516718 21.500000
      vertex -19.248290 10.389417 21.500000
    endloop
  endfacet
  facet normal 0 0 0
    outer loop
      vertex -18.424513 11.421902 21.250000
      vertex -19.248290 10.389417 21.500000
      vertex -16.556362 -13.993191 21.250000
    endloop
  endfacet
  facet normal 0 0 0
    outer loop
      vertex -16.556362 -13.993191 21.250000
      vertex -19.248290 10.389417 21.500000
      vertex -15.828971 -15.095705 21.500000
    endloop
  endfacet
  facet normal 0 0 0
    outer loop
      vertex -16.556362 -13.993191 21.250000
      vertex -15.828971 -15.095705 21.500000
      vertex 8.192118 -20.070169 21.250000
    endloop
  endfacet
  facet normal 0 0 0
    outer loop
      vertex 8.192118 -20.070169 21.250000
      vertex -15.828971 -15.095705 21.500000
      vertex 9.465447 -19.719076 21.500000
    endloop
  endfacet
  facet normal 0 0 0
    outer loop
      vertex 9.465447 -19.719076 21.500000
      vertex 10.719893 -19.276162 21.750000
      vertex 21.678940 2.908646 21.500000
    endloop
  endfacet
  facet normal 0 0 0
    outer loop
      vertex 21.678940 2.908646 21.500000
      vertex 10.719893 -19.276162 21.750000
      vertex 21.645349 4.238562 21.750000
    endloop
  endfacet
  facet normal 0 0 0
    outer loop
      vertex 21.678940 2.908646 21.500000
      vertex 21.645349 4.238562 21.750000
      vertex 3.932874 21.516718 21.500000
    endloop
  endfacet
  facet normal 0 0 0
    outer loop
      vertex 3.932874 21.516718 21.500000
      vertex 21.645349 4.238562 21.750000
      vertex 2.657668 21.895738 21.750000
    endloop
  endfacet
  facet normal 0 0 0
    outer loop
      vertex 3.932874 21.516718 21.500000
      vertex 2.657668 21.895738 21.750000
      vertex -19.248290 10.389417 21.500000
    endloop
  endfacet
  facet normal 0 0 0
    outer loop
      vertex -19.248290 10.389417 21.500000
      vertex 2.657668 21.895738 21.750000
      vertex -20.002819 9.293748 21.750000
    endloop
  endfacet
  facet normal 0 0 0
    outer loop
      vertex -19.248290 10.389417 21.500000
      vertex -20.002819 9.293748 21.750000
      vertex -15.828971 -15.095705 21.500000
    endloop
  endfacet
  facet normal 0 0 0
    outer loop
      vertex -15.828971 -15.095705 21.500000
      vertex -20.002819 9.293748 21.750000
      vertex -15.020091 -16.151885 21.750000
    endloop
  endfacet
  facet normal 0 0 0
    outer loop
      vertex -15.828971 -15.095705 21.500000
      vertex -15.020091 -16.151885 21.750000
      vertex 9.465447 -19.719076 21.500000
    endloop
  endfacet
  facet normal 0 0 0
    outer loop
      vertex 9.465447 -19.719076 21.500000
      vertex -15.020091 -16.151885 21.750000
      vertex 10.719893 -19.276162 21.750000
    endloop
  endfacet
  facet normal 0 0 0
    outer loop
      vertex 10.719893 -19.276162 21.750000
      vertex 11.947734 -18.741853 22.000000
      vertex 21.645349 4.238562 21.750000
    endloop
  endfacet
  facet normal 0 0 0
    outer loop
      vertex 21.645349 4.238562 21.750000
      vertex 11.947734 -18.741853 22.000000
      vertex 21.516614 5.571419 22.000000
    endloop
  endfacet
  facet normal 0 0 0
    outer loop
      vertex 21.645349 4.238562 21.750000
      vertex 21.516614 5.571419 22.000000
      vertex 2.657668 21.895738 21.750000
    endloop
  endfacet
  facet normal 0 0 0
    outer loop
      vertex 2.657668 21.895738 21.750000
      vertex 21.516614 5.571419 22.000000
      vertex 1.350265 22.185179 22.000000
    endloop
  endfacet
  facet normal 0 0 0
    outer loop
      vertex 2.657668 21.895738 21.750000
      vertex 1.350265 22.185179 22.000000
      vertex -20.002819 9.293748 21.750000
    endloop
  endfacet
  facet normal 0 0 0
    outer loop
      vertex -20.002819 9.293748 21.750000
      vertex 1.350265 22.185179 22.000000
      vertex -20.682105 8.139776 22.000000
    endloop
  endfacet
  facet normal 0 0 0
    outer loop
      vertex -20.002819 9.293748 21.750000
      vertex -20.682105 8.139776 22.000000
      vertex -15.020091 -16.151885 21.750000
    endloop
  endfacet
  facet normal 0 0 0
    outer loop
      vertex -15.020091 -16.151885 21.750000
      vertex -20.682105 8.139776 22.000000
      vertex -14.132509 -17.154521 22.000000
    endloop
  endfacet
  facet normal 0 0 0
    outer loop
      vertex -15.020091 -16.151885 21.750000
      vertex -14.132509 -17.154521 22.000000
      vertex 10.719893 -19.276162 21.750000
    endloop
  endfacet
  facet normal 0 0 0
    outer loop
      vertex 10.719893 -19.276162 21.750000
      vertex -14.132509 -17.154521 22.000000
      vertex 11.947734 -18.741853 22.000000
    endloop
  endfacet
  facet normal 0 0 0
    outer loop
      vertex 11.947734 -18.741853 22.000000
      vertex 13.141197 -18.117361 22.250000
      vertex 21.516614 5.571419 22.000000
    endloop
  endfacet
  facet normal 0 0 0
    outer loop
      vertex 21.516614 5.571419 22.000000
      vertex 13.141197 -18.117361 22.250000
      vertex 21.291488 6.899448 22.250000
    endloop
  endfacet
  facet normal 0 0 0
    outer loop
      vertex 21.516614 5.571419 22.000000
      vertex 21.291488 6.899448 22.250000
      vertex 1.350265 22.185179 22.000000
    endloop
  endfacet
  facet normal 0 0 0
    outer loop
      vertex 1.350265 22.185179 22.000000
      vertex 21.291488 6.899448 22.250000
      vertex 0.017666 22.381455 22.250000
    endloop
  endfacet
  facet normal 0 0 0
    outer loop
      vertex 1.350265 22.185179 22.000000
      vertex 0.017666 22.381455 22.250000
      vertex -20.682105 8.139776 22.000000
    endloop
  endfacet
  facet normal 0 0 0
    outer loop
      vertex -20.682105 8.139776 22.000000
      vertex 0.017666 22.381455 22.250000
      vertex -21.280570 6.933052 22.250000
    endloop
  endfacet
  facet normal 0 0 0
    outer loop
      vertex -20.682105 8.139776 22.000000
      vertex -21.280570 6.933052 22.250000
      vertex -14.132509 -17.154521 22.000000
    endloop
  endfacet
  facet normal 0 0 0
    outer loop
      vertex -14.132509 -17.154521 22.000000
      vertex -21.280570 6.933052 22.250000
      vertex -13.169782 -18.096594 22.250000
    endloop
  endfacet
  facet normal 0 0 0
    outer loop
      vertex -14.132509 -17.154521 22.000000
      vertex -13.169782 -18.096594 22.250000
      vertex 11.947734 -18.741853 22.000000
    endloop
  endfacet
  facet normal 0 0 0
    outer loop
      vertex 11.947734 -18.741853 22.000000
      vertex -13.169782 -18.096594 22.250000
      vertex 13.141197 -18.117361 22.250000
    endloop
  endfacet
  facet normal 0 0 0
    outer loop
      vertex 13.141197 -18.117361 22.250000
      vertex 14.292550 -17.404699 22.500000
      vertex 21.291488 6.899448 22.250000
    endloop
  endfacet
  facet normal 0 0 0
    outer loop
      vertex 21.291488 6.899448 22.250000
      vertex 14.292550 -17.404699 22.500000
      vertex 20.969494 8.214675 22.500000
    endloop
  endfacet
  facet normal 0 0 0
    outer loop
      vertex 21.291488 6.899448 22.250000
      vertex 20.969494 8.214675 22.500000
      vertex 0.017666 22.381455 22.250000
    endloop
  endfacet
  facet normal 0 0 0
    outer loop
      vertex 0.017666 22.381455 22.250000
      vertex 20.969494 8.214675 22.500000
      vertex -1.332691 22.481648 22.500000
    endloop
  endfacet
  facet normal 0 0 0
    outer loop
      vertex 0.017666 22.381455 22.250000
      vertex -1.332691 22.481648 22.500000
      vertex -21.280570 6.933052 22.250000
    endloop
  endfacet
  facet normal 0 0 0
    outer loop
      vertex -21.280570 6.933052 22.250000
      vertex -1.332691 22.481648 22.500000
      vertex -21.793142 5.679747 22.500000
    endloop
  endfacet
  facet normal 0 0 0
    outer loop
      vertex -21.280570 6.933052 22.250000
      vertex -21.793142 5.679747 22.500000
      vertex -13.169782 -18.096594 22.250000
    endloop
  endfacet
  facet normal 0 0 0
    outer loop
      vertex -13.169782 -18.096594 22.250000
      vertex -21.793142 5.679747 22.500000
      vertex -12.136212 -18.971371 22.500000
    endloop
  endfacet
  facet normal 0 0 0
    outer loop
      vertex -13.169782 -18.096594 22.250000
      vertex -12.136212 -18.971371 22.500000
      vertex 13.141197 -18.117361 22.250000
    endloop
  endfacet
  facet normal 0 0 0
    outer loop
      vertex 13.141197 -18.117361 22.250000
      vertex -12.136212 -18.971371 22.500000
      vertex 14.292550 -17.404699 22.500000
    endloop
  endfacet
  facet normal 0 0 0
    outer loop
      vertex 14.292550 -17.404699 22.500000
      vertex 15.394199 -16.606677 22.750000
      vertex 20.969494 8.214675 22.500000
    endloop
  endfacet
  facet normal 0 0 0
    outer loop
      vertex 20.969494 8.214675 22.500000
      vertex 15.394199 -16.606677 22.750000
      vertex 20.550958 9.509008 22.750000
    endloop
  endfacet
  facet normal 0 0 0
    outer loop
      vertex 20.969494 8.214675 22.500000
      vertex 20.550958 9.509008 22.750000
      vertex -1.332691 22.481648 22.500000
    endloop
  endfacet
  facet normal 0 0 0
    outer loop
      vertex -1.332691 22.481648 22.500000
      vertex 20.550958 9.509008 22.750000
      vertex -2.693009 22.483567 22.750000
    endloop
  endfacet
  facet normal 0 0 0
    outer loop
      vertex -1.332691 22.481648 22.500000
      vertex -2.693009 22.483567 22.750000
      vertex -21.793142 5.679747 22.500000
    endloop
  endfacet
  facet normal 0 0 0
    outer loop
      vertex -21.793142 5.679747 22.500000
      vertex -2.693009 22.483567 22.750000
      vertex -22.215329 4.386601 22.750000
    endloop
  endfacet
  facet normal 0 0 0
    outer loop
      vertex -21.793142 5.679747 22.500000
      vertex -22.215329 4.386601 22.750000
      vertex -12.136212 -18.971371 22.500000
    endloop
  endfacet
  facet normal 0 0 0
    outer loop
      vertex -12.136212 -18.971371 22.500000
      vertex -22.215329 4.386601 22.750000
      vertex -11.036820 -19.772499 22.750000
    endloop
  endfacet
  facet normal 0 0 0
    outer loop
      vertex -12.136212 -18.971371 22.500000
      vertex -11.036820 -19.772499 22.750000
      vertex 14.292550 -17.404699 22.500000
    endloop
  endfacet
  facet normal 0 0 0
    outer loop
      vertex 14.292550 -17.404699 22.500000
      vertex -11.036820 -19.772499 22.750000
      vertex 15.394199 -16.606677 22.750000
    endloop
  endfacet
  facet normal 0 0 0
    outer loop
      vertex 15.394199 -16.606677 22.750000
      vertex 16.438780 -15.726893 23.000000
      vertex 20.550958 9.509008 22.750000
    endloop
  endfacet
  facet normal 0 0 0
    outer loop
      vertex 20.550958 9.509008 22.750000
      vertex 16.438780 -15.726893 23.000000
      vertex 20.037026 10.774332 23.000000
    endloop
  endfacet
  facet normal 0 0 0
    outer loop
      vertex 20.550958 9.509008 22.750000
      vertex 20.037026 10.774332 23.000000
      vertex -2.693009 22.483567 22.750000
    endloop
  endfacet
  facet normal 0 0 0
    outer loop
      vertex -2.693009 22.483567 22.750000
      vertex 20.037026 10.774332 23.000000
      vertex -4.055217 22.385796 23.000000
    endloop
  endfacet
  facet normal 0 0 0
    outer loop
      vertex -2.693009 22.483567 22.750000
      vertex -4.055217 22.385796 23.000000
      vertex -22.215329 4.386601 22.750000
    endloop
  endfacet
  facet normal 0 0 0
    outer loop
      vertex -22.215329 4.386601 22.750000
      vertex -4.055217 22.385796 23.000000
      vertex -22.543288 3.060851 23.000000
    endloop
  endfacet
  facet normal 0 0 0
    outer loop
      vertex -22.215329 4.386601 22.750000
      vertex -22.543288 3.060851 23.000000
      vertex -11.036820 -19.772499 22.750000
    endloop
  endfacet
  facet normal 0 0 0
    outer loop
      vertex -11.036820 -19.772499 22.750000
      vertex -22.543288 3.060851 23.000000
      vertex -9.877301 -20.494086 23.000000
    endloop
  endfacet
  facet normal 0 0 0
    outer loop
      vertex -11.036820 -19.772499 22.750000
      vertex -9.877301 -20.494086 23.000000
      vertex 15.394199 -16.606677 22.750000
    endloop
  endfacet
  facet normal 0 0 0
    outer loop
      vertex 15.394199 -16.606677 22.750000
      vertex -9.877301 -20.494086 23.000000
      vertex 16.438780 -15.726893 23.000000
    endloop
  endfacet
  facet normal 0 0 0
    outer loop
      vertex 16.438780 -15.726893 23.000000
      vertex 17.419256 -14.769702 23.250000
      vertex 20.037026 10.774332 23.000000
    endloop
  endfacet
  facet normal 0 0 0
    outer loop
      vertex 20.037026 10.774332 23.000000
      vertex 17.419256 -14.769702 23.250000
      vertex 19.429667 12.002608 23.250000
    endloop
  endfacet
  facet normal 0 0 0
    outer loop
      vertex 20.037026 10.774332 23.000000
      vertex 19.429667 12.002608 23.250000
      vertex -4.055217 22.385796 23.000000
    endloop
  endfacet
  facet normal 0 0 0
    outer loop
      vertex -4.055217 22.385796 23.000000
      vertex 19.429667 12.002608 23.250000
      vertex -5.411061 22.187721 23.250000
    endloop
  endfacet
  facet normal 0 0 0
    outer loop
      vertex -4.055217 22.385796 23.000000
      vertex -5.411061 22.187721 23.250000
      vertex -22.543288 3.060851 23.000000
    endloop
  endfacet
  facet normal 0 0 0
    outer loop
      vertex -22.543288 3.060851 23.000000
      vertex -5.411061 22.187721 23.250000
      vertex -22.773887 1.710158 23.250000
    endloop
  endfacet
  facet normal 0 0 0
    outer loop
      vertex -22.543288 3.060851 23.000000
      vertex -22.773887 1.710158 23.250000
      vertex -9.877301 -20.494086 23.000000
    endloop
  endfacet
  facet normal 0 0 0
    outer loop
      vertex -9.877301 -20.494086 23.000000
      vertex -22.773887 1.710158 23.250000
      vertex -8.663975 -21.130785 23.250000
    endloop
  endfacet
  facet normal 0 0 0
    outer loop
      vertex -9.877301 -20.494086 23.000000
      vertex -8.663975 -21.130785 23.250000
      vertex 16.438780 -15.726893 23.000000
    endloop
  endfacet
  facet normal 0 0 0
    outer loop
      vertex 16.438780 -15.726893 23.000000
      vertex -8.663975 -21.130785 23.250000
      vertex 17.419256 -14.769702 23.250000
    endloop
  endfacet
  facet normal 0 0 0
    outer loop
      vertex 17.419256 -14.769702 23.250000
      vertex 18.329003 -13.740184 23.500000
      vertex 19.429667 12.002608 23.250000
    endloop
  endfacet
  facet normal 0 0 0
    outer loop
      vertex 19.429667 12.002608 23.250000
      vertex 18.329003 -13.740184 23.500000
      vertex 18.731665 13.185968 23.500000
    endloop
  endfacet
  facet normal 0 0 0
    outer loop
      vertex 19.429667 12.002608 23.250000
      vertex 18.731665 13.185968 23.500000
      vertex -5.411061 22.187721 23.250000
    endloop
  endfacet
  facet normal 0 0 0
    outer loop
      vertex -5.411061 22.187721 23.250000
      vertex 18.731665 13.185968 23.500000
      vertex -6.752198 21.889560 23.500000
    endloop
  endfacet
  facet normal 0 0 0
    outer loop
      vertex -5.411061 22.187721 23.250000
      vertex -6.752198 21.889560 23.500000
      vertex -22.773887 1.710158 23.250000
    endloop
  endfacet
  facet normal 0 0 0
    outer loop
      vertex -22.773887 1.710158 23.250000
      vertex -6.752198 21.889560 23.500000
      vertex -22.904753 0.342525 23.500000
    endloop
  endfacet
  facet normal 0 0 0
    outer loop
      vertex -22.773887 1.710158 23.250000
      vertex -22.904753 0.342525 23.500000
      vertex -8.663975 -21.130785 23.250000
    endloop
  endfacet
  facet normal 0 0 0
    outer loop
      vertex -8.663975 -21.130785 23.250000
      vertex -22.904753 0.342525 23.500000
      vertex -7.403718 -21.677869 23.500000
    endloop
  endfacet
  facet normal 0 0 0
    outer loop
      vertex -8.663975 -21.130785 23.250000
      vertex -7.403718 -21.677869 23.500000
      vertex 17.419256 -14.769702 23.250000
    endloop
  endfacet
  facet normal 0 0 0
    outer loop
      vertex 17.419256 -14.769702 23.250000
      vertex -7.403718 -21.677869 23.500000
      vertex 18.329003 -13.740184 23.500000
    endloop
  endfacet
  facet normal 0 0 0
    outer loop
      vertex 18.329003 -13.740184 23.500000
      vertex 19.161900 -12.644093 23.750000
      vertex 18.731665 13.185968 23.500000
    endloop
  endfacet
  facet normal 0 0 0
    outer loop
      vertex 18.731665 13.185968 23.500000
      vertex 19.161900 -12.644093 23.750000
      vertex 17.946600 14.316810 23.750000
    endloop
  endfacet
  facet normal 0 0 0
    outer loop
      vertex 18.731665 13.185968 23.500000
      vertex 17.946600 14.316810 23.750000
      vertex -6.752198 21.889560 23.500000
    endloop
  endfacet
  facet normal 0 0 0
    outer loop
      vertex -6.752198 21.889560 23.500000
      vertex 17.946600 14.316810 23.750000
      vertex -8.070291 21.492369 23.750000
    endloop
  endfacet
  facet normal 0 0 0
    outer loop
      vertex -6.752198 21.889560 23.500000
      vertex -8.070291 21.492369 23.750000
      vertex -22.904753 0.342525 23.500000
    endloop
  endfacet
  facet normal 0 0 0
    outer loop
      vertex -22.904753 0.342525 23.500000
      vertex -8.070291 21.492369 23.750000
      vertex -22.934315 -1.033796 23.750000
    endloop
  endfacet
  facet normal 0 0 0
    outer loop
      vertex -22.904753 0.342525 23.500000
      vertex -22.934315 -1.033796 23.750000
      vertex -7.403718 -21.677869 23.500000
    endloop
  endfacet
  facet normal 0 0 0
    outer loop
      vertex -7.403718 -21.677869 23.500000
      vertex -22.934315 -1.033796 23.750000
      vertex -6.103895 -22.131290 23.750000
    endloop
  endfacet
  facet normal 0 0 0
    outer loop
      vertex -7.403718 -21.677869 23.500000
      vertex -6.103895 -22.131290 23.750000
      vertex 18.329003 -13.740184 23.500000
    endloop
  endfacet
  facet normal 0 0 0
    outer loop
      vertex 18.329003 -13.740184 23.500000
      vertex -6.103895 -22.131290 23.750000
      vertex 19.161900 -12.644093 23.750000
    endloop
  endfacet
  facet normal 0 0 0
    outer loop
      vertex 19.161900 -12.644093 23.750000
      vertex 19.912400 -11.487797 24.000000
      vertex 17.946600 14.316810 23.750000
    endloop
  endfacet
  facet normal 0 0 0
    outer loop
      vertex 17.946600 14.316810 23.750000
      vertex 19.912400 -11.487797 24.000000
      vertex 17.078814 15.387894 24.000000
    endloop
  endfacet
  facet normal 0 0 0
    outer loop
      vertex 17.946600 14.316810 23.750000
      vertex 17.078814 15.387894 24.000000
      vertex -8.070291 21.492369 23.750000
    endloop
  endfacet
  facet normal 0 0 0
    outer loop
      vertex -8.070291 21.492369 23.750000
      vertex 17.078814 15.387894 24.000000
      vertex -9.357113 20.998038 24.000000
    endloop
  endfacet
  facet normal 0 0 0
    outer loop
      vertex -8.070291 21.492369 23.750000
      vertex -9.357113 20.998038 24.000000
      vertex -22.934315 -1.033796 23.750000
    endloop
  endfacet
  facet normal 0 0 0
    outer loop
      vertex -22.934315 -1.033796 23.750000
      vertex -9.357113 20.998038 24.000000
      vertex -22.861828 -2.410392 24.000000
    endloop
  endfacet
  facet normal 0 0 0
    outer loop
      vertex -22.934315 -1.033796 23.750000
      vertex -22.861828 -2.410392 24.000000
      vertex -6.103895 -22.131290 23.750000
    endloop
  endfacet
  facet normal 0 0 0
    outer loop
      vertex -6.103895 -22.131290 23.750000
      vertex -22.861828 -2.410392 24.000000
      vertex -4.772274 -22.487743 24.000000
    endloop
  endfacet
  facet normal 0 0 0
    outer loop
      vertex -6.103895 -22.131290 23.750000
      vertex -4.772274 -22.487743 24.000000
      vertex 19.161900 -12.644093 23.750000
    endloop
  endfacet
  facet normal 0 0 0
    outer loop
      vertex 19.161900 -12.644093 23.750000
      vertex -4.772274 -22.487743 24.000000
      vertex 19.912400 -11.487797 24.000000
    endloop
  endfacet
  facet normal 0 0 0
    outer loop
      vertex 19.912400 -11.487797 24.000000
      vertex 20.575605 -10.278207 24.250000
      vertex 17.078814 15.387894 24.000000
    endloop
  endfacet
  facet normal 0 0 0
    outer loop
      vertex 17.078814 15.387894 24.000000
      vertex 20.575605 -10.278207 24.250000
      vertex 16.133368 16.392422 24.250000
    endloop
  endfacet
  facet normal 0 0 0
    outer loop
      vertex 17.078814 15.387894 24.000000
      vertex 16.133368 16.392422 24.250000
      vertex -9.357113 20.998038 24.000000
    endloop
  endfacet
  facet normal 0 0 0
    outer loop
      vertex -9.357113 20.998038 24.000000
      vertex 16.133368 16.392422 24.250000
      vertex -10.604635 20.409282 24.250000
    endloop
  endfacet
  facet normal 0 0 0
    outer loop
      vertex -9.357113 20.998038 24.000000
      vertex -10.604635 20.409282 24.250000
      vertex -22.861828 -2.410392 24.000000
    endloop
  endfacet
  facet normal 0 0 0
    outer loop
      vertex -22.861828 -2.410392 24.000000
      vertex -10.604635 20.409282 24.250000
      vertex -22.687393 -3.778793 24.250000
    endloop
  endfacet
  facet normal 0 0 0
    outer loop
      vertex -22.861828 -2.410392 24.000000
      vertex -22.687393 -3.778793 24.250000
      vertex -4.772274 -22.487743 24.000000
    endloop
  endfacet
  facet normal 0 0 0
    outer loop
      vertex -4.772274 -22.487743 24.000000
      vertex -22.687393 -3.778793 24.250000
      vertex -3.416945 -22.744704 24.250000
    endloop
  endfacet
  facet normal 0 0 0
    outer loop
      vertex -4.772274 -22.487743 24.000000
      vertex -3.416945 -22.744704 24.250000
      vertex 19.912400 -11.487797 24.000000
    endloop
  endfacet
  facet normal 0 0 0
    outer loop
      vertex 19.912400 -11.487797 24.000000
      vertex -3.416945 -22.744704 24.250000
      vertex 20.575605 -10.278207 24.250000
    endloop
  endfacet
  facet normal 0 0 0
    outer loop
      vertex 20.575605 -10.278207 24.250000
      vertex 21.147322 -9.022705 24.500000
      vertex 16.133368 16.392422 24.250000
    endloop
  endfacet
  facet normal 0 0 0
    outer loop
      vertex 16.133368 16.392422 24.250000
      vertex 21.147322 -9.022705 24.500000
      vertex 15.115985 17.324130 24.500000
    endloop
  endfacet
  facet normal 0 0 0
    outer loop
      vertex 16.133368 16.392422 24.250000
      vertex 15.115985 17.324130 24.500000
      vertex -10.604635 20.409282 24.250000
    endloop
  endfacet
  facet normal 0 0 0
    outer loop
      vertex -10.604635 20.409282 24.250000
      vertex 15.115985 17.324130 24.500000
      vertex -11.805130 19.729606 24.500000
    endloop
  endfacet
  facet normal 0 0 0
    outer loop
      vertex -10.604635 20.409282 24.250000
      vertex -11.805130 19.729606 24.500000
      vertex -22.687393 -3.778793 24.250000
    endloop
  endfacet
  facet normal 0 0 0
    outer loop
      vertex -22.687393 -3.778793 24.250000
      vertex -11.805130 19.729606 24.500000
      vertex -22.411956 -5.130562 24.500000
    endloop
  endfacet
  facet normal 0 0 0
    outer loop
      vertex -22.687393 -3.778793 24.250000
      vertex -22.411956 -5.130562 24.500000
      vertex -3.416945 -22.744704 24.250000
    endloop
  endfacet
  facet normal 0 0 0
    outer loop
      vertex -3.416945 -22.744704 24.250000
      vertex -22.411956 -5.130562 24.500000
      vertex -2.046221 -22.900468 24.500000
    endloop
  endfacet
  facet normal 0 0 0
    outer loop
      vertex -3.416945 -22.744704 24.250000
      vertex -2.046221 -22.900468 24.500000
      vertex 20.575605 -10.278207 24.250000
    endloop
  endfacet
  facet normal 0 0 0
    outer loop
      vertex 20.575605 -10.278207 24.250000
      vertex -2.046221 -22.900468 24.500000
      vertex 21.147322 -9.022705 24.500000
    endloop
  endfacet
  facet normal 0 0 0
    outer loop
      vertex 21.147322 -9.022705 24.500000
      vertex 21.624119 -7.729054 24.750000
      vertex 15.115985 17.324130 24.500000
    endloop
  endfacet
  facet normal 0 0 0
    outer loop
      vertex 15.115985 17.324130 24.500000
      vertex 21.624119 -7.729054 24.750000
      vertex 14.032987 18.177350 24.750000
    endloop
  endfacet
  facet normal 0 0 0
    outer loop
      vertex 15.115985 17.324130 24.500000
      vertex 14.032987 18.177350 24.750000
      vertex -11.805130 19.729606 24.500000
    endloop
  endfacet
  facet normal 0 0 0
    outer loop
      vertex -11.805130 19.729606 24.500000
      vertex 14.032987 18.177350 24.750000
      vertex -12.951256 18.963274 24.750000
    endloop
  endfacet
  facet normal 0 0 0
    outer loop
      vertex -11.805130 19.729606 24.500000
      vertex -12.951256 18.963274 24.750000
      vertex -22.411956 -5.130562 24.500000
    endloop
  endfacet
  facet normal 0 0 0
    outer loop
      vertex -22.411956 -5.130562 24.500000
      vertex -12.951256 18.963274 24.750000
      vertex -22.037303 -6.457402 24.750000
    endloop
  endfacet
  facet normal 0 0 0
    outer loop
      vertex -22.411956 -5.130562 24.500000
      vertex -22.037303 -6.457402 24.750000
      vertex -2.046221 -22.900468 24.500000
    endloop
  endfacet
  facet normal 0 0 0
    outer loop
      vertex -2.046221 -22.900468 24.500000
      vertex -22.037303 -6.457402 24.750000
      vertex -0.668547 -22.954168 24.750000
    endloop
  endfacet
  facet normal 0 0 0
    outer loop
      vertex -2.046221 -22.900468 24.500000
      vertex -0.668547 -22.954168 24.750000
      vertex 21.147322 -9.022705 24.500000
    endloop
  endfacet
  facet normal 0 0 0
    outer loop
      vertex 21.147322 -9.022705 24.500000
      vertex -0.668547 -22.954168 24.750000
      vertex 21.624119 -7.729054 24.750000
    endloop
  endfacet
  facet normal 0 0 0
    outer loop
      vertex 21.624119 -7.729054 24.750000
      vertex 22.003356 -6.405307 25.000000
      vertex 14.032987 18.177350 24.750000
    endloop
  endfacet
  facet normal 0 0 0
    outer loop
      vertex 14.032987 18.177350 24.750000
      vertex 22.003356 -6.405307 25.000000
      vertex 12.891220 18.947087 25.000000
    endloop
  endfacet
  facet normal 0 0 0
    outer loop
      vertex 14.032987 18.177350 24.750000
      vertex 12.891220 18.947087 25.000000
      vertex -12.951256 18.963274 24.750000
    endloop
  endfacet
  facet normal 0 0 0
    outer loop
      vertex -12.951256 18.963274 24.750000
      vertex 12.891220 18.947087 25.000000
      vertex -14.036144 18.115250 25.000000
    endloop
  endfacet
  facet normal 0 0 0
    outer loop
      vertex -12.951256 18.963274 24.750000
      vertex -14.036144 18.115250 25.000000
      vertex -22.037303 -6.457402 24.750000
    endloop
  endfacet
  facet normal 0 0 0
    outer loop
      vertex -22.037303 -6.457402 24.750000
      vertex -14.036144 18.115250 25.000000
      vertex -21.566034 -7.751246 25.000000
    endloop
  endfacet
  facet normal 0 0 0
    outer loop
      vertex -22.037303 -6.457402 24.750000
      vertex -21.566034 -7.751246 25.000000
      vertex -0.668547 -22.954168 24.750000
    endloop
  endfacet
  facet normal 0 0 0
    outer loop
      vertex -0.668547 -22.954168 24.750000
      vertex -21.566034 -7.751246 25.000000
      vertex 0.707602 -22.905784 25.000000
    endloop
  endfacet
  facet normal 0 0 0
    outer loop
      vertex -0.668547 -22.954168 24.750000
      vertex 0.707602 -22.905784 25.000000
      vertex 21.624119 -7.729054 24.750000
    endloop
  endfacet
  facet normal 0 0 0
    outer loop
      vertex 21.624119 -7.729054 24.750000
      vertex 0.707602 -22.905784 25.000000
      vertex 22.003356 -6.405307 25.000000
    endloop
  endfacet
  facet normal 0 0 0
    outer loop
      vertex 22.003356 -6.405307 25.000000
      vertex 22.283220 -5.059718 25.250000
      vertex 12.891220 18.947087 25.000000
    endloop
  endfacet
  facet normal 0 0 0
    outer loop
      vertex 12.891220 18.947087 25.000000
      vertex 22.283220 -5.059718 25.250000
      vertex 11.697971 19.629063 25.250000
    endloop
  endfacet
  facet normal 0 0 0
    outer loop
      vertex 12.891220 18.947087 25.000000
      vertex 11.697971 19.629063 25.250000
      vertex -14.036144 18.115250 25.000000
    endloop
  endfacet
  facet normal 0 0 0
    outer loop
      vertex -14.036144 18.115250 25.000000
      vertex 11.697971 19.629063 25.250000
      vertex -15.053476 17.191146 25.250000
    endloop
  endfacet
  facet normal 0 0 0
    outer loop
      vertex -14.036144 18.115250 25.000000
      vertex -15.053476 17.191146 25.250000
      vertex -21.566034 -7.751246 25.000000
    endloop
  endfacet
  facet normal 0 0 0
    outer loop
      vertex -21.566034 -7.751246 25.000000
      vertex -15.053476 17.191146 25.250000
      vertex -21.001531 -9.004350 25.250000
    endloop
  endfacet
  facet normal 0 0 0
    outer loop
      vertex -21.566034 -7.751246 25.000000
      vertex -21.001531 -9.004350 25.250000
      vertex 0.707602 -22.905784 25.000000
    endloop
  endfacet
  facet normal 0 0 0
    outer loop
      vertex 0.707602 -22.905784 25.000000
      vertex -21.001531 -9.004350 25.250000
      vertex 2.073816 -22.756140 25.250000
    endloop
  endfacet
  facet normal 0 0 0
    outer loop
      vertex 0.707602 -22.905784 25.000000
      vertex 2.073816 -22.756140 25.250000
      vertex 22.003356 -6.405307 25.000000
    endloop
  endfacet
  facet normal 0 0 0
    outer loop
      vertex 22.003356 -6.405307 25.000000
      vertex 2.073816 -22.756140 25.250000
      vertex 22.283220 -5.059718 25.250000
    endloop
  endfacet
  facet normal 0 0 0
    outer loop
      vertex 22.283220 -5.059718 25.250000
      vertex 22.462732 -3.700639 25.500000
      vertex 11.697971 19.629063 25.250000
    endloop
  endfacet
  facet normal 0 0 0
    outer loop
      vertex 11.697971 19.629063 25.250000
      vertex 22.462732 -3.700639 25.500000
      vertex 10.460883 20.219767 25.500000
    endloop
  endfacet
  facet normal 0 0 0
    outer loop
      vertex 11.697971 19.629063 25.250000
      vertex 10.460883 20.219767 25.500000
      vertex -15.053476 17.191146 25.250000
    endloop
  endfacet
  facet normal 0 0 0
    outer loop
      vertex -15.053476 17.191146 25.250000
      vertex 10.460883 20.219767 25.500000
      vertex -15.997551 16.197143 25.500000
    endloop
  endfacet
  facet normal 0 0 0
    outer loop
      vertex -15.053476 17.191146 25.250000
      vertex -15.997551 16.197143 25.500000
      vertex -21.001531 -9.004350 25.250000
    endloop
  endfacet
  facet normal 0 0 0
    outer loop
      vertex -21.001531 -9.004350 25.250000
      vertex -15.997551 16.197143 25.500000
      vertex -20.347913 -10.209383 25.500000
    endloop
  endfacet
  facet normal 0 0 0
    outer loop
      vertex -21.001531 -9.004350 25.250000
      vertex -20.347913 -10.209383 25.500000
      vertex 2.073816 -22.756140 25.250000
    endloop
  endfacet
  facet normal 0 0 0
    outer loop
      vertex 2.073816 -22.756140 25.250000
      vertex -20.347913 -10.209383 25.500000
      vertex 3.421849 -22.506888 25.500000
    endloop
  endfacet
  facet normal 0 0 0
    outer loop
      vertex 2.073816 -22.756140 25.250000
      vertex 3.421849 -22.506888 25.500000
      vertex 22.283220 -5.059718 25.250000
    endloop
  endfacet
  facet normal 0 0 0
    outer loop
      vertex 22.283220 -5.059718 25.250000
      vertex 3.421849 -22.506888 25.500000
      vertex 22.462732 -3.700639 25.500000
    endloop
  endfacet
  facet normal 0 0 0
    outer loop
      vertex 22.462732 -3.700639 25.500000
      vertex 22.541756 -2.336426 25.750000
      vertex 10.460883 20.219767 25.500000
    endloop
  endfacet
  facet normal 0 0 0
    outer loop
      vertex 10.460883 20.219767 25.500000
      vertex 22.541756 -2.336426 25.750000
      vertex 9.187858 20.716489 25.750000
    endloop
  endfacet
  facet normal 0 0 0
    outer loop
      vertex 10.460883 20.219767 25.500000
      vertex 9.187858 20.716489 25.750000
      vertex -15.997551 16.197143 25.500000
    endloop
  endfacet
  facet normal 0 0 0
    outer loop
      vertex -15.997551 16.197143 25.500000
      vertex 9.187858 20.716489 25.750000
      vertex -16.863347 15.139920 25.750000
    endloop
  endfacet
  facet normal 0 0 0
    outer loop
      vertex -15.997551 16.197143 25.500000
      vertex -16.863347 15.139920 25.750000
      vertex -20.347913 -10.209383 25.500000
    endloop
  endfacet
  facet normal 0 0 0
    outer loop
      vertex -20.347913 -10.209383 25.500000
      vertex -16.863347 15.139920 25.750000
      vertex -19.609980 -11.359504 25.750000
    endloop
  endfacet
  facet normal 0 0 0
    outer loop
      vertex -20.347913 -10.209383 25.500000
      vertex -19.609980 -11.359504 25.750000
      vertex 3.421849 -22.506888 25.500000
    endloop
  endfacet
  facet normal 0 0 0
    outer loop
      vertex 3.421849 -22.506888 25.500000
      vertex -19.609980 -11.359504 25.750000
      vertex 4.743713 -22.160479 25.750000
    endloop
  endfacet
  facet normal 0 0 0
    outer loop
      vertex 3.421849 -22.506888 25.500000
      vertex 4.743713 -22.160479 25.750000
      vertex 22.462732 -3.700639 25.500000
    endloop
  endfacet
  facet normal 0 0 0
    outer loop
      vertex 22.462732 -3.700639 25.500000
      vertex 4.743713 -22.160479 25.750000
      vertex 22.541756 -2.336426 25.750000
    endloop
  endfacet
  facet normal 0 0 0
    outer loop
      vertex 22.541756 -2.336426 25.750000
      vertex 22.520982 -0.975338 26.000000
      vertex 9.187858 20.716489 25.750000
    endloop
  endfacet
  facet normal 0 0 0
    outer loop
      vertex 9.187858 20.716489 25.750000
      vertex 22.520982 -0.975338 26.000000
      vertex 7.886967 21.117331 26.000000
    endloop
  endfacet
  facet normal 0 0 0
    outer loop
      vertex 9.187858 20.716489 25.750000
      vertex 7.886967 21.117331 26.000000
      vertex -16.863347 15.139920 25.750000
    endloop
  endfacet
  facet normal 0 0 0
    outer loop
      vertex -16.863347 15.139920 25.750000
      vertex 7.886967 21.117331 26.000000
      vertex -17.646568 14.026566 26.000000
    endloop
  endfacet
  facet normal 0 0 0
    outer loop
      vertex -16.863347 15.139920 25.750000
      vertex -17.646568 14.026566 26.000000
      vertex -19.609980 -11.359504 25.750000
    endloop
  endfacet
  facet normal 0 0 0
    outer loop
      vertex -19.609980 -11.359504 25.750000
      vertex -17.646568 14.026566 26.000000
      vertex -18.793146 -12.448436 26.000000
    endloop
  endfacet
  facet normal 0 0 0
    outer loop
      vertex -19.609980 -11.359504 25.750000
      vertex -18.793146 -12.448436 26.000000
      vertex 4.743713 -22.160479 25.750000
    endloop
  endfacet
  facet normal 0 0 0
    outer loop
      vertex 4.743713 -22.160479 25.750000
      vertex -18.793146 -12.448436 26.000000
      vertex 6.031765 -21.720122 26.000000
    endloop
  endfacet
  facet normal 0 0 0
    outer loop
      vertex 4.743713 -22.160479 25.750000
      vertex 6.031765 -21.720122 26.000000
      vertex 22.541756 -2.336426 25.750000
    endloop
  endfacet
  facet normal 0 0 0
    outer loop
      vertex 22.541756 -2.336426 25.750000
      vertex 6.031765 -21.720122 26.000000
      vertex 22.520982 -0.975338 26.000000
    endloop
  endfacet
  facet normal 0 0 0
    outer loop
      vertex 22.520982 -0.975338 26.000000
      vertex 22.401907 0.374554 26.250000
      vertex 7.886967 21.117331 26.000000
    endloop
  endfacet
  facet normal 0 0 0
    outer loop
      vertex 7.886967 21.117331 26.000000
      vertex 22.401907 0.374554 26.250000
      vertex 6.566348 21.421223 26.250000
    endloop
  endfacet
  facet normal 0 0 0
    outer loop
      vertex 7.886967 21.117331 26.000000
      vertex 6.566348 21.421223 26.250000
      vertex -17.646568 14.026566 26.000000
    endloop
  endfacet
  facet normal 0 0 0
    outer loop
      vertex -17.646568 14.026566 26.000000
      vertex 6.566348 21.421223 26.250000
      vertex -18.343681 12.864490 26.250000
    endloop
  endfacet
  facet normal 0 0 0
    outer loop
      vertex -17.646568 14.026566 26.000000
      vertex -18.343681 12.864490 26.250000
      vertex -18.793146 -12.448436 26.000000
    endloop
  endfacet
  facet normal 0 0 0
    outer loop
      vertex -18.793146 -12.448436 26.000000
      vertex -18.343681 12.864490 26.250000
      vertex -17.903366 -13.470531 26.250000
    endloop
  endfacet
  facet normal 0 0 0
    outer loop
      vertex -18.793146 -12.448436 26.000000
      vertex -17.903366 -13.470531 26.250000
      vertex 6.031765 -21.720122 26.000000
    endloop
  endfacet
  facet normal 0 0 0
    outer loop
      vertex 6.031765 -21.720122 26.000000
      vertex -17.903366 -13.470531 26.250000
      vertex 7.278792 -21.189736 26.250000
    endloop
  endfacet
  facet normal 0 0 0
    outer loop
      vertex 6.031765 -21.720122 26.000000
      vertex 7.278792 -21.189736 26.250000
      vertex 22.520982 -0.975338 26.000000
    endloop
  endfacet
  facet normal 0 0 0
    outer loop
      vertex 22.520982 -0.975338 26.000000
      vertex 7.278792 -21.189736 26.250000
      vertex 22.401907 0.374554 26.250000
    endloop
  endfacet
  facet normal 0 0 0
    outer loop
      vertex 22.401907 0.374554 26.250000
      vertex 22.186801 1.705458 26.500000
      vertex 6.566348 21.421223 26.250000
    endloop
  endfacet
  facet normal 0 0 0
    outer loop
      vertex 6.566348 21.421223 26.250000
      vertex 22.186801 1.705458 26.500000
      vertex 5.234112 21.627917 26.500000
    endloop
  endfacet
  facet normal 0 0 0
    outer loop
      vertex 6.566348 21.421223 26.250000
      vertex 5.234112 21.627917 26.500000
      vertex -18.343681 12.864490 26.250000
    endloop
  endfacet
  facet normal 0 0 0
    outer loop
      vertex -18.343681 12.864490 26.250000
      vertex 5.234112 21.627917 26.500000
      vertex -18.951942 11.661330 26.500000
    endloop
  endfacet
  facet normal 0 0 0
    outer loop
      vertex -18.343681 12.864490 26.250000
      vertex -18.951942 11.661330 26.500000
      vertex -17.903366 -13.470531 26.250000
    endloop
  endfacet
  facet normal 0 0 0
    outer loop
      vertex -17.903366 -13.470531 26.250000
      vertex -18.951942 11.661330 26.500000
      vertex -16.947056 -14.420819 26.500000
    endloop
  endfacet
  facet normal 0 0 0
    outer loop
      vertex -17.903366 -13.470531 26.250000
      vertex -16.947056 -14.420819 26.500000
      vertex 7.278792 -21.189736 26.250000
    endloop
  endfacet
  facet normal 0 0 0
    outer loop
      vertex 7.278792 -21.189736 26.250000
      vertex -16.947056 -14.420819 26.500000
      vertex 8.478085 -20.573886 26.500000
    endloop
  endfacet
  facet normal 0 0 0
    outer loop
      vertex 7.278792 -21.189736 26.250000
      vertex 8.478085 -20.573886 26.500000
      vertex 22.401907 0.374554 26.250000
    endloop
  endfacet
  facet normal 0 0 0
    outer loop
      vertex 22.401907 0.374554 26.250000
      vertex 8.478085 -20.573886 26.500000
      vertex 22.186801 1.705458 26.500000
    endloop
  endfacet
  facet normal 0 0 0
    outer loop
      vertex 22.186801 1.705458 26.500000
      vertex 21.878657 3.009947 26.750000
      vertex 5.234112 21.627917 26.500000
    endloop
  endfacet
  facet normal 0 0 0
    outer loop
      vertex 5.234112 21.627917 26.500000
      vertex 21.878657 3.009947 26.750000
      vertex 3.898248 21.737964 26.750000
    endloop
  endfacet
  facet normal 0 0 0
    outer loop
      vertex 5.234112 21.627917 26.500000
      vertex 3.898248 21.737964 26.750000
      vertex -18.951942 11.661330 26.500000
    endloop
  endfacet
  facet normal 0 0 0
    outer loop
      vertex -18.951942 11.661330 26.500000
      vertex 3.898248 21.737964 26.750000
      vertex -19.469408 10.424854 26.750000
    endloop
  endfacet
  facet normal 0 0 0
    outer loop
      vertex -18.951942 11.661330 26.500000
      vertex -19.469408 10.424854 26.750000
      vertex -16.947056 -14.420819 26.500000
    endloop
  endfacet
  facet normal 0 0 0
    outer loop
      vertex -16.947056 -14.420819 26.500000
      vertex -19.469408 10.424854 26.750000
      vertex -15.931004 -15.295050 26.750000
    endloop
  endfacet
  facet normal 0 0 0
    outer loop
      vertex -16.947056 -14.420819 26.500000
      vertex -15.931004 -15.295050 26.750000
      vertex 8.478085 -20.573886 26.500000
    endloop
  endfacet
  facet normal 0 0 0
    outer loop
      vertex 8.478085 -20.573886 26.500000
      vertex -15.931004 -15.295050 26.750000
      vertex 9.623506 -19.877715 26.750000
    endloop
  endfacet
  facet normal 0 0 0
    outer loop
      vertex 8.478085 -20.573886 26.500000
      vertex 9.623506 -19.877715 26.750000
      vertex 22.186801 1.705458 26.500000
    endloop
  endfacet
  facet normal 0 0 0
    outer loop
      vertex 22.186801 1.705458 26.500000
      vertex 9.623506 -19.877715 26.750000
      vertex 21.878657 3.009947 26.750000
    endloop
  endfacet
  facet normal 0 0 0
    outer loop
      vertex 21.878657 3.009947 26.750000
      vertex 21.481140 4.281035 27.000000
      vertex 3.898248 21.737964 26.750000
    endloop
  endfacet
  facet normal 0 0 0
    outer loop
      vertex 3.898248 21.737964 26.750000
      vertex 21.481140 4.281035 27.000000
      vertex 2.566531 21.752691 27.000000
    endloop
  endfacet
  facet normal 0 0 0
    outer loop
      vertex 3.898248 21.737964 26.750000
      vertex 2.566531 21.752691 27.000000
      vertex -19.469408 10.424854 26.750000
    endloop
  endfacet
  facet normal 0 0 0
    outer loop
      vertex -19.469408 10.424854 26.750000
      vertex 2.566531 21.752691 27.000000
      vertex -19.894937 9.162867 27.000000
    endloop
  endfacet
  facet normal 0 0 0
    outer loop
      vertex -19.469408 10.424854 26.750000
      vertex -19.894937 9.162867 27.000000
      vertex -15.931004 -15.295050 26.750000
    endloop
  endfacet
  facet normal 0 0 0
    outer loop
      vertex -15.931004 -15.295050 26.750000
      vertex -19.894937 9.162867 27.000000
      vertex -14.862278 -16.089728 27.000000
    endloop
  endfacet
  facet normal 0 0 0
    outer loop
      vertex -15.931004 -15.295050 26.750000
      vertex -14.862278 -16.089728 27.000000
      vertex 9.623506 -19.877715 26.750000
    endloop
  endfacet
  facet normal 0 0 0
    outer loop
      vertex 9.623506 -19.877715 26.750000
      vertex -14.862278 -16.089728 27.000000
      vertex 10.709544 -19.106866 27.000000
    endloop
  endfacet
  facet normal 0 0 0
    outer loop
      vertex 9.623506 -19.877715 26.750000
      vertex 10.709544 -19.106866 27.000000
      vertex 21.878657 3.009947 26.750000
    endloop
  endfacet
  facet normal 0 0 0
    outer loop
      vertex 21.878657 3.009947 26.750000
      vertex 10.709544 -19.106866 27.000000
      vertex 21.481140 4.281035 27.000000
    endloop
  endfacet
  facet normal 0 0 0
    outer loop
      vertex 21.481140 4.281035 27.000000
      vertex 20.998519 5.512250 27.250000
      vertex 2.566531 21.752691 27.000000
    endloop
  endfacet
  facet normal 0 0 0
    outer loop
      vertex 2.566531 21.752691 27.000000
      vertex 20.998519 5.512250 27.250000
      vertex 1.246438 21.674157 27.250000
    endloop
  endfacet
  facet normal 0 0 0
    outer loop
      vertex 2.566531 21.752691 27.000000
      vertex 1.246438 21.674157 27.250000
      vertex -19.894937 9.162867 27.000000
    endloop
  endfacet
  facet normal 0 0 0
    outer loop
      vertex -19.894937 9.162867 27.000000
      vertex 1.246438 21.674157 27.250000
      vertex -20.228178 7.883116 27.250000
    endloop
  endfacet
  facet normal 0 0 0
    outer loop
      vertex -19.894937 9.162867 27.000000
      vertex -20.228178 7.883116 27.250000
      vertex -14.862278 -16.089728 27.000000
    endloop
  endfacet
  facet normal 0 0 0
    outer loop
      vertex -14.862278 -16.089728 27.000000
      vertex -20.228178 7.883116 27.250000
      vertex -13.748140 -16.802123 27.250000
    endloop
  endfacet
  facet normal 0 0 0
    outer loop
      vertex -14.862278 -16.089728 27.000000
      vertex -13.748140 -16.802123 27.250000
      vertex 10.709544 -19.106866 27.000000
    endloop
  endfacet
  facet normal 0 0 0
    outer loop
      vertex 10.709544 -19.106866 27.000000
      vertex -13.748140 -16.802123 27.250000
      vertex 11.731360 -18.267399 27.250000
    endloop
  endfacet
  facet normal 0 0 0
    outer loop
      vertex 10.709544 -19.106866 27.000000
      vertex 11.731360 -18.267399 27.250000
      vertex 21.481140 4.281035 27.000000
    endloop
  endfacet
  facet normal 0 0 0
    outer loop
      vertex 21.481140 4.281035 27.000000
      vertex 11.731360 -18.267399 27.250000
      vertex 20.998519 5.512250 27.250000
    endloop
  endfacet
  facet normal 0 0 0
    outer loop
      vertex 20.998519 5.512250 27.250000
      vertex 20.435594 6.697685 27.500000
      vertex 1.246438 21.674157 27.250000
    endloop
  endfacet
  facet normal 0 0 0
    outer loop
      vertex 1.246438 21.674157 27.250000
      vertex 20.435594 6.697685 27.500000
      vertex -0.054931 21.505103 27.500000
    endloop
  endfacet
  facet normal 0 0 0
    outer loop
      vertex 1.246438 21.674157 27.250000
      vertex -0.054931 21.505103 27.500000
      vertex -20.228178 7.883116 27.250000
    endloop
  endfacet
  facet normal 0 0 0
    outer loop
      vertex -20.228178 7.883116 27.250000
      vertex -0.054931 21.505103 27.500000
      vertex -20.469543 6.593200 27.500000
    endloop
  endfacet
  facet normal 0 0 0
    outer loop
      vertex -20.228178 7.883116 27.250000
      vertex -20.469543 6.593200 27.500000
      vertex -13.748140 -16.802123 27.250000
    endloop
  endfacet
  facet normal 0 0 0
    outer loop
      vertex -13.748140 -16.802123 27.250000
      vertex -20.469543 6.593200 27.500000
      vertex -12.595942 -17.430281 27.500000
    endloop
  endfacet
  facet normal 0 0 0
    outer loop
      vertex -13.748140 -16.802123 27.250000
      vertex -12.595942 -17.430281 27.500000
      vertex 11.731360 -18.267399 27.250000
    endloop
  endfacet
  facet normal 0 0 0
    outer loop
      vertex 11.731360 -18.267399 27.250000
      vertex -12.595942 -17.430281 27.500000
      vertex 12.684822 -17.365706 27.500000
    endloop
  endfacet
  facet normal 0 0 0
    outer loop
      vertex 11.731360 -18.267399 27.250000
      vertex 12.684822 -17.365706 27.500000
      vertex 20.998519 5.512250 27.250000
    endloop
  endfacet
  facet normal 0 0 0
    outer loop
      vertex 20.998519 5.512250 27.250000
      vertex 12.684822 -17.365706 27.500000
      vertex 20.435594 6.697685 27.500000
    endloop
  endfacet
  facet normal 0 0 0
    outer loop
      vertex 20.435594 6.697685 27.500000
      vertex 19.797618 7.832055 27.750000
      vertex -0.054931 21.505103 27.500000
    endloop
  endfacet
  facet normal 0 0 0
    outer loop
      vertex -0.054931 21.505103 27.500000
      vertex 19.797618 7.832055 27.750000
      vertex -1.330927 21.248892 27.750000
    endloop
  endfacet
  facet normal 0 0 0
    outer loop
      vertex -0.054931 21.505103 27.500000
      vertex -1.330927 21.248892 27.750000
      vertex -20.469543 6.593200 27.500000
    endloop
  endfacet
  facet normal 0 0 0
    outer loop
      vertex -20.469543 6.593200 27.500000
      vertex -1.330927 21.248892 27.750000
      vertex -20.620176 5.300482 27.750000
    endloop
  endfacet
  facet normal 0 0 0
    outer loop
      vertex -20.469543 6.593200 27.500000
      vertex -20.620176 5.300482 27.750000
      vertex -12.595942 -17.430281 27.500000
    endloop
  endfacet
  facet normal 0 0 0
    outer loop
      vertex -12.595942 -17.430281 27.500000
      vertex -20.620176 5.300482 27.750000
      vertex -11.413043 -17.973014 27.750000
    endloop
  endfacet
  facet normal 0 0 0
    outer loop
      vertex -12.595942 -17.430281 27.500000
      vertex -11.413043 -17.973014 27.750000
      vertex 12.684822 -17.365706 27.500000
    endloop
  endfacet
  facet normal 0 0 0
    outer loop
      vertex 12.684822 -17.365706 27.500000
      vertex -11.413043 -17.973014 27.750000
      vertex 13.566527 -16.408416 27.750000
    endloop
  endfacet
  facet normal 0 0 0
    outer loop
      vertex 12.684822 -17.365706 27.500000
      vertex 13.566527 -16.408416 27.750000
      vertex 20.435594 6.697685 27.500000
    endloop
  endfacet
  facet normal 0 0 0
    outer loop
      vertex 20.435594 6.697685 27.500000
      vertex 13.566527 -16.408416 27.750000
      vertex 19.797618 7.832055 27.750000
    endloop
  endfacet
  facet normal 0 0 0
    outer loop
      vertex 19.797618 7.832055 27.750000
      vertex 19.090214 8.910733 28.000000
      vertex -1.330927 21.248892 27.750000
    endloop
  endfacet
  facet normal 0 0 0
    outer loop
      vertex -1.330927 21.248892 27.750000
      vertex 19.090214 8.910733 28.000000
      vertex -2.575410 20.909440 28.000000
    endloop
  endfacet
  facet normal 0 0 0
    outer loop
      vertex -1.330927 21.248892 27.750000
      vertex -2.575410 20.909440 28.000000
      vertex -20.620176 5.300482 27.750000
    endloop
  endfacet
  facet normal 0 0 0
    outer loop
      vertex -20.620176 5.300482 27.750000
      vertex -2.575410 20.909440 28.000000
      vertex -20.681905 4.012012 28.000000
    endloop
  endfacet
  facet normal 0 0 0
    outer loop
      vertex -20.620176 5.300482 27.750000
      vertex -20.681905 4.012012 28.000000
      vertex -11.413043 -17.973014 27.750000
    endloop
  endfacet
  facet normal 0 0 0
    outer loop
      vertex -11.413043 -17.973014 27.750000
      vertex -20.681905 4.012012 28.000000
      vertex -10.206710 -18.429881 28.000000
    endloop
  endfacet
  facet normal 0 0 0
    outer loop
      vertex -11.413043 -17.973014 27.750000
      vertex -10.206710 -18.429881 28.000000
      vertex 13.566527 -16.408416 27.750000
    endloop
  endfacet
  facet normal 0 0 0
    outer loop
      vertex 13.566527 -16.408416 27.750000
      vertex -10.206710 -18.429881 28.000000
      vertex 14.373811 -15.402305 28.000000
    endloop
  endfacet
  facet normal 0 0 0
    outer loop
      vertex 13.566527 -16.408416 27.750000
      vertex 14.373811 -15.402305 28.000000
      vertex 19.797618 7.832055 27.750000
    endloop
  endfacet
  facet normal 0 0 0
    outer loop
      vertex 19.797618 7.832055 27.750000
      vertex 14.373811 -15.402305 28.000000
      vertex 19.090214 8.910733 28.000000
    endloop
  endfacet
  facet normal 0 0 0
    outer loop
      vertex 19.090214 8.910733 28.000000
      vertex 18.319285 9.929772 28.250000
      vertex -2.575410 20.909440 28.000000
    endloop
  endfacet
  facet normal 0 0 0
    outer loop
      vertex -2.575410 20.909440 28.000000
      vertex 18.319285 9.929772 28.250000
      vertex -3.782804 20.491144 28.250000
    endloop
  endfacet
  facet normal 0 0 0
    outer loop
      vertex -2.575410 20.909440 28.000000
      vertex -3.782804 20.491144 28.250000
      vertex -20.681905 4.012012 28.000000
    endloop
  endfacet
  facet normal 0 0 0
    outer loop
      vertex -20.681905 4.012012 28.000000
      vertex -3.782804 20.491144 28.250000
      vertex -20.657187 2.734451 28.250000
    endloop
  endfacet
  facet normal 0 0 0
    outer loop
      vertex -20.681905 4.012012 28.000000
      vertex -20.657187 2.734451 28.250000
      vertex -10.206710 -18.429881 28.000000
    endloop
  endfacet
  facet normal 0 0 0
    outer loop
      vertex -10.206710 -18.429881 28.000000
      vertex -20.657187 2.734451 28.250000
      vertex -8.984039 -18.801160 28.250000
    endloop
  endfacet
  facet normal 0 0 0
    outer loop
      vertex -10.206710 -18.429881 28.000000
      vertex -8.984039 -18.801160 28.250000
      vertex 14.373811 -15.402305 28.000000
    endloop
  endfacet
  facet normal 0 0 0
    outer loop
      vertex 14.373811 -15.402305 28.000000
      vertex -8.984039 -18.801160 28.250000
      vertex 15.104745 -14.354207 28.250000
    endloop
  endfacet
  facet normal 0 0 0
    outer loop
      vertex 14.373811 -15.402305 28.000000
      vertex 15.104745 -14.354207 28.250000
      vertex 19.090214 8.910733 28.000000
    endloop
  endfacet
  facet normal 0 0 0
    outer loop
      vertex 19.090214 8.910733 28.000000
      vertex 15.104745 -14.354207 28.250000
      vertex 18.319285 9.929772 28.250000
    endloop
  endfacet
  facet normal 0 0 0
    outer loop
      vertex 18.319285 9.929772 28.250000
      vertex 17.490925 10.885926 28.500000
      vertex -3.782804 20.491144 28.250000
    endloop
  endfacet
  facet normal 0 0 0
    outer loop
      vertex -3.782804 20.491144 28.250000
      vertex 17.490925 10.885926 28.500000
      vertex -4.948137 19.998795 28.500000
    endloop
  endfacet
  facet normal 0 0 0
    outer loop
      vertex -3.782804 20.491144 28.250000
      vertex -4.948137 19.998795 28.500000
      vertex -20.657187 2.734451 28.250000
    endloop
  endfacet
  facet normal 0 0 0
    outer loop
      vertex -20.657187 2.734451 28.250000
      vertex -4.948137 19.998795 28.500000
      vertex -20.549042 1.474009 28.500000
    endloop
  endfacet
  facet normal 0 0 0
    outer loop
      vertex -20.657187 2.734451 28.250000
      vertex -20.549042 1.474009 28.500000
      vertex -8.984039 -18.801160 28.250000
    endloop
  endfacet
  facet normal 0 0 0
    outer loop
      vertex -8.984039 -18.801160 28.250000
      vertex -20.549042 1.474009 28.500000
      vertex -7.751869 -19.087807 28.500000
    endloop
  endfacet
  facet normal 0 0 0
    outer loop
      vertex -8.984039 -18.801160 28.250000
      vertex -7.751869 -19.087807 28.500000
      vertex 15.104745 -14.354207 28.250000
    endloop
  endfacet
  facet normal 0 0 0
    outer loop
      vertex 15.104745 -14.354207 28.250000
      vertex -7.751869 -19.087807 28.500000
      vertex 15.758124 -13.270923 28.500000
    endloop
  endfacet
  facet normal 0 0 0
    outer loop
      vertex 15.104745 -14.354207 28.250000
      vertex 15.758124 -13.270923 28.500000
      vertex 18.319285 9.929772 28.250000
    endloop
  endfacet
  facet normal 0 0 0
    outer loop
      vertex 18.319285 9.929772 28.250000
      vertex 15.758124 -13.270923 28.500000
      vertex 17.490925 10.885926 28.500000
    endloop
  endfacet
  facet normal 0 0 0
    outer loop
      vertex 17.490925 10.885926 28.500000
      vertex 16.611334 11.776643 28.750000
      vertex -4.948137 19.998795 28.500000
    endloop
  endfacet
  facet normal 0 0 0
    outer loop
      vertex -4.948137 19.998795 28.500000
      vertex 16.611334 11.776643 28.750000
      vertex -6.067069 19.437500 28.750000
    endloop
  endfacet
  facet normal 0 0 0
    outer loop
      vertex -4.948137 19.998795 28.500000
      vertex -6.067069 19.437500 28.750000
      vertex -20.549042 1.474009 28.500000
    endloop
  endfacet
  facet normal 0 0 0
    outer loop
      vertex -20.549042 1.474009 28.500000
      vertex -6.067069 19.437500 28.750000
      vertex -20.360988 0.236393 28.750000
    endloop
  endfacet
  facet normal 0 0 0
    outer loop
      vertex -20.549042 1.474009 28.500000
      vertex -20.360988 0.236393 28.750000
      vertex -7.751869 -19.087807 28.500000
    endloop
  endfacet
  facet normal 0 0 0
    outer loop
      vertex -7.751869 -19.087807 28.500000
      vertex -20.360988 0.236393 28.750000
      vertex -6.516714 -19.291401 28.750000
    endloop
  endfacet
  facet normal 0 0 0
    outer loop
      vertex -7.751869 -19.087807 28.500000
      vertex -6.516714 -19.291401 28.750000
      vertex 15.758124 -13.270923 28.500000
    endloop
  endfacet
  facet normal 0 0 0
    outer loop
      vertex 15.758124 -13.270923 28.500000
      vertex -6.516714 -19.291401 28.750000
      vertex 16.333438 -12.159134 28.750000
    endloop
  endfacet
  facet normal 0 0 0
    outer loop
      vertex 15.758124 -13.270923 28.500000
      vertex 16.333438 -12.159134 28.750000
      vertex 17.490925 10.885926 28.500000
    endloop
  endfacet
  facet normal 0 0 0
    outer loop
      vertex 17.490925 10.885926 28.500000
      vertex 16.333438 -12.159134 28.750000
      vertex 16.611334 11.776643 28.750000
    endloop
  endfacet
  facet normal 0 0 0
    outer loop
      vertex 16.611334 11.776643 28.750000
      vertex 15.686723 12.600065 29.000000
      vertex -6.067069 19.437500 28.750000
    endloop
  endfacet
  facet normal 0 0 0
    outer loop
      vertex -6.067069 19.437500 28.750000
      vertex 15.686723 12.600065 29.000000
      vertex -7.135910 18.812595 29.000000
    endloop
  endfacet
  facet normal 0 0 0
    outer loop
      vertex -6.067069 19.437500 28.750000
      vertex -7.135910 18.812595 29.000000
      vertex -20.360988 0.236393 28.750000
    endloop
  endfacet
  facet normal 0 0 0
    outer loop
      vertex -20.360988 0.236393 28.750000
      vertex -7.135910 18.812595 29.000000
      vertex -20.096958 -0.973242 29.000000
    endloop
  endfacet
  facet normal 0 0 0
    outer loop
      vertex -20.360988 0.236393 28.750000
      vertex -20.096958 -0.973242 29.000000
      vertex -6.516714 -19.291401 28.750000
    endloop
  endfacet
  facet normal 0 0 0
    outer loop
      vertex -6.516714 -19.291401 28.750000
      vertex -20.096958 -0.973242 29.000000
      vertex -5.284693 -19.414091 29.000000
    endloop
  endfacet
  facet normal 0 0 0
    outer loop
      vertex -6.516714 -19.291401 28.750000
      vertex -5.284693 -19.414091 29.000000
      vertex 16.333438 -12.159134 28.750000
    endloop
  endfacet
  facet normal 0 0 0
    outer loop
      vertex 16.333438 -12.159134 28.750000
      vertex -5.284693 -19.414091 29.000000
      vertex 16.830838 -11.025326 29.000000
    endloop
  endfacet
  facet normal 0 0 0
    outer loop
      vertex 16.333438 -12.159134 28.750000
      vertex 16.830838 -11.025326 29.000000
      vertex 16.611334 11.776643 28.750000
    endloop
  endfacet
  facet normal 0 0 0
    outer loop
      vertex 16.611334 11.776643 28.750000
      vertex 16.830838 -11.025326 29.000000
      vertex 15.686723 12.600065 29.000000
    endloop
  endfacet
  facet normal 0 0 0
    outer loop
      vertex 15.686723 12.600065 29.000000
      vertex 14.723239 13.354999 29.250000
      vertex -7.135910 18.812595 29.000000
    endloop
  endfacet
  facet normal 0 0 0
    outer loop
      vertex -7.135910 18.812595 29.000000
      vertex 14.723239 13.354999 29.250000
      vertex -8.151628 18.129554 29.250000
    endloop
  endfacet
  facet normal 0 0 0
    outer loop
      vertex -7.135910 18.812595 29.000000
      vertex -8.151628 18.129554 29.250000
      vertex -20.096958 -0.973242 29.000000
    endloop
  endfacet
  facet normal 0 0 0
    outer loop
      vertex -20.096958 -0.973242 29.000000
      vertex -8.151628 18.129554 29.250000
      vertex -19.761222 -2.150319 29.250000
    endloop
  endfacet
  facet normal 0 0 0
    outer loop
      vertex -20.096958 -0.973242 29.000000
      vertex -19.761222 -2.150319 29.250000
      vertex -5.284693 -19.414091 29.000000
    endloop
  endfacet
  facet normal 0 0 0
    outer loop
      vertex -5.284693 -19.414091 29.000000
      vertex -19.761222 -2.150319 29.250000
      vertex -4.061479 -19.458524 29.250000
    endloop
  endfacet
  facet normal 0 0 0
    outer loop
      vertex -5.284693 -19.414091 29.000000
      vertex -4.061479 -19.458524 29.250000
      vertex 16.830838 -11.025326 29.000000
    endloop
  endfacet
  facet normal 0 0 0
    outer loop
      vertex 16.830838 -11.025326 29.000000
      vertex -4.061479 -19.458524 29.250000
      vertex 17.251090 -9.875710 29.250000
    endloop
  endfacet
  facet normal 0 0 0
    outer loop
      vertex 16.830838 -11.025326 29.000000
      vertex 17.251090 -9.875710 29.250000
      vertex 15.686723 12.600065 29.000000
    endloop
  endfacet
  facet normal 0 0 0
    outer loop
      vertex 15.686723 12.600065 29.000000
      vertex 17.251090 -9.875710 29.250000
      vertex 14.723239 13.354999 29.250000
    endloop
  endfacet
  facet normal 0 0 0
    outer loop
      vertex 14.723239 13.354999 29.250000
      vertex 13.726877 14.040889 29.500000
      vertex -8.151628 18.129554 29.250000
    endloop
  endfacet
  facet normal 0 0 0
    outer loop
      vertex -8.151628 18.129554 29.250000
      vertex 13.726877 14.040889 29.500000
      vertex -9.111841 17.393909 29.500000
    endloop
  endfacet
  facet normal 0 0 0
    outer loop
      vertex -8.151628 18.129554 29.250000
      vertex -9.111841 17.393909 29.500000
      vertex -19.761222 -2.150319 29.250000
    endloop
  endfacet
  facet normal 0 0 0
    outer loop
      vertex -19.761222 -2.150319 29.250000
      vertex -9.111841 17.393909 29.500000
      vertex -19.358304 -3.290863 29.500000
    endloop
  endfacet
  facet normal 0 0 0
    outer loop
      vertex -19.761222 -2.150319 29.250000
      vertex -19.358304 -3.290863 29.500000
      vertex -4.061479 -19.458524 29.250000
    endloop
  endfacet
  facet normal 0 0 0
    outer loop
      vertex -4.061479 -19.458524 29.250000
      vertex -19.358304 -3.290863 29.500000
      vertex -2.852249 -19.427774 29.500000
    endloop
  endfacet
  facet normal 0 0 0
    outer loop
      vertex -4.061479 -19.458524 29.250000
      vertex -2.852249 -19.427774 29.500000
      vertex 17.251090 -9.875710 29.250000
    endloop
  endfacet
  facet normal 0 0 0
    outer loop
      vertex 17.251090 -9.875710 29.250000
      vertex -2.852249 -19.427774 29.500000
      vertex 17.595518 -8.716162 29.500000
    endloop
  endfacet
  facet normal 0 0 0
    outer loop
      vertex 17.251090 -9.875710 29.250000
      vertex 17.595518 -8.716162 29.500000
      vertex 14.723239 13.354999 29.250000
    endloop
  endfacet
  facet normal 0 0 0
    outer loop
      vertex 14.723239 13.354999 29.250000
      vertex 17.595518 -8.716162 29.500000
      vertex 13.726877 14.040889 29.500000
    endloop
  endfacet
  facet normal 0 0 0
    outer loop
      vertex 13.726877 14.040889 29.500000
      vertex 12.703412 14.657774 29.750000
      vertex -9.111841 17.393909 29.500000
    endloop
  endfacet
  facet normal 0 0 0
    outer loop
      vertex -9.111841 17.393909 29.500000
      vertex 12.703412 14.657774 29.750000
      vertex -10.014801 16.611164 29.750000
    endloop
  endfacet
  facet normal 0 0 0
    outer loop
      vertex -9.111841 17.393909 29.500000
      vertex -10.014801 16.611164 29.750000
      vertex -19.358304 -3.290863 29.500000
    endloop
  endfacet
  facet normal 0 0 0
    outer loop
      vertex -19.358304 -3.290863 29.500000
      vertex -10.014801 16.611164 29.750000
      vertex -18.892899 -4.391510 29.750000
    endloop
  endfacet
  facet normal 0 0 0
    outer loop
      vertex -19.358304 -3.290863 29.500000
      vertex -18.892899 -4.391510 29.750000
      vertex -2.852249 -19.427774 29.500000
    endloop
  endfacet
  facet normal 0 0 0
    outer loop
      vertex -2.852249 -19.427774 29.500000
      vertex -18.892899 -4.391510 29.750000
      vertex -1.661653 -19.325266 29.750000
    endloop
  endfacet
  facet normal 0 0 0
    outer loop
      vertex -2.852249 -19.427774 29.500000
      vertex -1.661653 -19.325266 29.750000
      vertex 17.595518 -8.716162 29.500000
    endloop
  endfacet
  facet normal 0 0 0
    outer loop
      vertex 17.595518 -8.716162 29.500000
      vertex -1.661653 -19.325266 29.750000
      vertex 17.865941 -7.552162 29.750000
    endloop
  endfacet
  facet normal 0 0 0
    outer loop
      vertex 17.595518 -8.716162 29.500000
      vertex 17.865941 -7.552162 29.750000
      vertex 13.726877 14.040889 29.500000
    endloop
  endfacet
  facet normal 0 0 0
    outer loop
      vertex 13.726877 14.040889 29.500000
      vertex 17.865941 -7.552162 29.750000
      vertex 12.703412 14.657774 29.750000
    endloop
  endfacet
  facet normal 0 0 0
    outer loop
      vertex 12.703412 14.657774 29.750000
      vertex 11.658334 15.206232 30.000000
      vertex -10.014801 16.611164 29.750000
    endloop
  endfacet
  facet normal 0 0 0
    outer loop
      vertex -10.014801 16.611164 29.750000
      vertex 11.658334 15.206232 30.000000
      vertex -10.859363 15.786718 30.000000
    endloop
  endfacet
  facet normal 0 0 0
    outer loop
      vertex -10.014801 16.611164 29.750000
      vertex -10.859363 15.786718 30.000000
      vertex -18.892899 -4.391510 29.750000
    endloop
  endfacet
  facet normal 0 0 0
    outer loop
      vertex -18.892899 -4.391510 29.750000
      vertex -10.859363 15.786718 30.000000
      vertex -18.369789 -5.449503 30.000000
    endloop
  endfacet
  facet normal 0 0 0
    outer loop
      vertex -18.892899 -4.391510 29.750000
      vertex -18.369789 -5.449503 30.000000
      vertex -1.661653 -19.325266 29.750000
    endloop
  endfacet
  facet normal 0 0 0
    outer loop
      vertex -1.661653 -19.325266 29.750000
      vertex -18.369789 -5.449503 30.000000
      vertex -0.493791 -19.154697 30.000000
    endloop
  endfacet
  facet normal 0 0 0
    outer loop
      vertex -1.661653 -19.325266 29.750000
      vertex -0.493791 -19.154697 30.000000
      vertex 17.865941 -7.552162 29.750000
    endloop
  endfacet
  facet normal 0 0 0
    outer loop
      vertex 17.865941 -7.552162 29.750000
      vertex -0.493791 -19.154697 30.000000
      vertex 18.064609 -6.388750 30.000000
    endloop
  endfacet
  facet normal 0 0 0
    outer loop
      vertex 17.865941 -7.552162 29.750000
      vertex 18.064609 -6.388750 30.000000
      vertex 12.703412 14.657774 29.750000
    endloop
  endfacet
  facet normal 0 0 0
    outer loop
      vertex 12.703412 14.657774 29.750000
      vertex 18.064609 -6.388750 30.000000
      vertex 11.658334 15.206232 30.000000
    endloop
  endfacet
  facet normal 0 0 0
    outer loop
      vertex 11.658334 15.206232 30.000000
      vertex 10.596785 15.687329 30.250000
      vertex -10.859363 15.786718 30.000000
    endloop
  endfacet
  facet normal 0 0 0
    outer loop
      vertex -10.859363 15.786718 30.000000
      vertex 10.596785 15.687329 30.250000
      vertex -11.644949 14.925793 30.250000
    endloop
  endfacet
  facet normal 0 0 0
    outer loop
      vertex -10.859363 15.786718 30.000000
      vertex -11.644949 14.925793 30.250000
      vertex -18.369789 -5.449503 30.000000
    endloop
  endfacet
  facet normal 0 0 0
    outer loop
      vertex -18.369789 -5.449503 30.000000
      vertex -11.644949 14.925793 30.250000
      vertex -17.793760 -6.462681 30.250000
    endloop
  endfacet
  facet normal 0 0 0
    outer loop
      vertex -18.369789 -5.449503 30.000000
      vertex -17.793760 -6.462681 30.250000
      vertex -0.493791 -19.154697 30.000000
    endloop
  endfacet
  facet normal 0 0 0
    outer loop
      vertex -0.493791 -19.154697 30.000000
      vertex -17.793760 -6.462681 30.250000
      vertex 0.647801 -18.919950 30.250000
    endloop
  endfacet
  facet normal 0 0 0
    outer loop
      vertex -0.493791 -19.154697 30.000000
      vertex 0.647801 -18.919950 30.250000
      vertex 18.064609 -6.388750 30.000000
    endloop
  endfacet
  facet normal 0 0 0
    outer loop
      vertex 18.064609 -6.388750 30.000000
      vertex 0.647801 -18.919950 30.250000
      vertex 18.194123 -5.230491 30.250000
    endloop
  endfacet
  facet normal 0 0 0
    outer loop
      vertex 18.064609 -6.388750 30.000000
      vertex 18.194123 -5.230491 30.250000
      vertex 11.658334 15.206232 30.000000
    endloop
  endfacet
  facet normal 0 0 0
    outer loop
      vertex 11.658334 15.206232 30.000000
      vertex 18.194123 -5.230491 30.250000
      vertex 10.596785 15.687329 30.250000
    endloop
  endfacet
  facet normal 0 0 0
    outer loop
      vertex 10.596785 15.687329 30.250000
      vertex 9.523520 16.102547 30.500000
      vertex -11.644949 14.925793 30.250000
    endloop
  endfacet
  facet normal 0 0 0
    outer loop
      vertex -11.644949 14.925793 30.250000
      vertex 9.523520 16.102547 30.500000
      vertex -12.371503 14.033367 30.500000
    endloop
  endfacet
  facet normal 0 0 0
    outer loop
      vertex -11.644949 14.925793 30.250000
      vertex -12.371503 14.033367 30.500000
      vertex -17.793760 -6.462681 30.250000
    endloop
  endfacet
  facet normal 0 0 0
    outer loop
      vertex -17.793760 -6.462681 30.250000
      vertex -12.371503 14.033367 30.500000
      vertex -17.169530 -7.429449 30.500000
    endloop
  endfacet
  facet normal 0 0 0
    outer loop
      vertex -17.793760 -6.462681 30.250000
      vertex -17.169530 -7.429449 30.500000
      vertex 0.647801 -18.919950 30.250000
    endloop
  endfacet
  facet normal 0 0 0
    outer loop
      vertex 0.647801 -18.919950 30.250000
      vertex -17.169530 -7.429449 30.500000
      vertex 1.760150 -18.625019 30.500000
    endloop
  endfacet
  facet normal 0 0 0
    outer loop
      vertex 0.647801 -18.919950 30.250000
      vertex 1.760150 -18.625019 30.500000
      vertex 18.194123 -5.230491 30.250000
    endloop
  endfacet
  facet normal 0 0 0
    outer loop
      vertex 18.194123 -5.230491 30.250000
      vertex 1.760150 -18.625019 30.500000
      vertex 18.257362 -4.081445 30.500000
    endloop
  endfacet
  facet normal 0 0 0
    outer loop
      vertex 18.194123 -5.230491 30.250000
      vertex 18.257362 -4.081445 30.500000
      vertex 10.596785 15.687329 30.250000
    endloop
  endfacet
  facet normal 0 0 0
    outer loop
      vertex 10.596785 15.687329 30.250000
      vertex 18.257362 -4.081445 30.500000
      vertex 9.523520 16.102547 30.500000
    endloop
  endfacet
  facet normal 0 0 0
    outer loop
      vertex 9.523520 16.102547 30.500000
      vertex 8.442863 16.453719 30.750000
      vertex -12.371503 14.033367 30.500000
    endloop
  endfacet
  facet normal 0 0 0
    outer loop
      vertex -12.371503 14.033367 30.500000
      vertex 8.442863 16.453719 30.750000
      vertex -13.039429 13.114118 30.750000
    endloop
  endfacet
  facet normal 0 0 0
    outer loop
      vertex -12.371503 14.033367 30.500000
      vertex -13.039429 13.114118 30.750000
      vertex -17.169530 -7.429449 30.500000
    endloop
  endfacet
  facet normal 0 0 0
    outer loop
      vertex -17.169530 -7.429449 30.500000
      vertex -13.039429 13.114118 30.750000
      vertex -16.501673 -8.348748 30.750000
    endloop
  endfacet
  facet normal 0 0 0
    outer loop
      vertex -17.169530 -7.429449 30.500000
      vertex -16.501673 -8.348748 30.750000
      vertex 1.760150 -18.625019 30.500000
    endloop
  endfacet
  facet normal 0 0 0
    outer loop
      vertex 1.760150 -18.625019 30.500000
      vertex -16.501673 -8.348748 30.750000
      vertex 2.840834 -18.273928 30.750000
    endloop
  endfacet
  facet normal 0 0 0
    outer loop
      vertex 1.760150 -18.625019 30.500000
      vertex 2.840834 -18.273928 30.750000
      vertex 18.257362 -4.081445 30.500000
    endloop
  endfacet
  facet normal 0 0 0
    outer loop
      vertex 18.257362 -4.081445 30.500000
      vertex 2.840834 -18.273928 30.750000
      vertex 18.257405 -2.945161 30.750000
    endloop
  endfacet
  facet normal 0 0 0
    outer loop
      vertex 18.257362 -4.081445 30.500000
      vertex 18.257405 -2.945161 30.750000
      vertex 9.523520 16.102547 30.500000
    endloop
  endfacet
  facet normal 0 0 0
    outer loop
      vertex 9.523520 16.102547 30.500000
      vertex 18.257405 -2.945161 30.750000
      vertex 8.442863 16.453719 30.750000
    endloop
  endfacet
  facet normal 0 0 0
    outer loop
      vertex 8.442863 16.453719 30.750000
      vertex 7.358681 16.742951 31.000000
      vertex -13.039429 13.114118 30.750000
    endloop
  endfacet
  facet normal 0 0 0
    outer loop
      vertex -13.039429 13.114118 30.750000
      vertex 7.358681 16.742951 31.000000
      vertex -13.649535 12.172378 31.000000
    endloop
  endfacet
  facet normal 0 0 0
    outer loop
      vertex -13.039429 13.114118 30.750000
      vertex -13.649535 12.172378 31.000000
      vertex -16.501673 -8.348748 30.750000
    endloop
  endfacet
  facet normal 0 0 0
    outer loop
      vertex -16.501673 -8.348748 30.750000
      vertex -13.649535 12.172378 31.000000
      vertex -15.794558 -9.220008 31.000000
    endloop
  endfacet
  facet normal 0 0 0
    outer loop
      vertex -16.501673 -8.348748 30.750000
      vertex -15.794558 -9.220008 31.000000
      vertex 2.840834 -18.273928 30.750000
    endloop
  endfacet
  facet normal 0 0 0
    outer loop
      vertex 2.840834 -18.273928 30.750000
      vertex -15.794558 -9.220008 31.000000
      vertex 3.887961 -17.870656 31.000000
    endloop
  endfacet
  facet normal 0 0 0
    outer loop
      vertex 2.840834 -18.273928 30.750000
      vertex 3.887961 -17.870656 31.000000
      vertex 18.257405 -2.945161 30.750000
    endloop
  endfacet
  facet normal 0 0 0
    outer loop
      vertex 18.257405 -2.945161 30.750000
      vertex 3.887961 -17.870656 31.000000
      vertex 18.197450 -1.824665 31.000000
    endloop
  endfacet
  facet normal 0 0 0
    outer loop
      vertex 18.257405 -2.945161 30.750000
      vertex 18.197450 -1.824665 31.000000
      vertex 8.442863 16.453719 30.750000
    endloop
  endfacet
  facet normal 0 0 0
    outer loop
      vertex 8.442863 16.453719 30.750000
      vertex 18.197450 -1.824665 31.000000
      vertex 7.358681 16.742951 31.000000
    endloop
  endfacet
  facet normal 0 0 0
    outer loop
      vertex 7.358681 16.742951 31.000000
      vertex 6.274376 16.972550 31.250000
      vertex -13.649535 12.172378 31.000000
    endloop
  endfacet
  facet normal 0 0 0
    outer loop
      vertex -13.649535 12.172378 31.000000
      vertex 6.274376 16.972550 31.250000
      vertex -14.202965 11.212092 31.250000
    endloop
  endfacet
  facet normal 0 0 0
    outer loop
      vertex -13.649535 12.172378 31.000000
      vertex -14.202965 11.212092 31.250000
      vertex -15.794558 -9.220008 31.000000
    endloop
  endfacet
  facet normal 0 0 0
    outer loop
      vertex -15.794558 -9.220008 31.000000
      vertex -14.202965 11.212092 31.250000
      vertex -15.052291 -10.043096 31.250000
    endloop
  endfacet
  facet normal 0 0 0
    outer loop
      vertex -15.794558 -9.220008 31.000000
      vertex -15.052291 -10.043096 31.250000
      vertex 3.887961 -17.870656 31.000000
    endloop
  endfacet
  facet normal 0 0 0
    outer loop
      vertex 3.887961 -17.870656 31.000000
      vertex -15.052291 -10.043096 31.250000
      vertex 4.900138 -17.419067 31.250000
    endloop
  endfacet
  facet normal 0 0 0
    outer loop
      vertex 3.887961 -17.870656 31.000000
      vertex 4.900138 -17.419067 31.250000
      vertex 18.197450 -1.824665 31.000000
    endloop
  endfacet
  facet normal 0 0 0
    outer loop
      vertex 18.197450 -1.824665 31.000000
      vertex 4.900138 -17.419067 31.250000
      vertex 18.080743 -0.722480 31.250000
    endloop
  endfacet
  facet normal 0 0 0
    outer loop
      vertex 18.197450 -1.824665 31.000000
      vertex 18.080743 -0.722480 31.250000
      vertex 7.358681 16.742951 31.000000
    endloop
  endfacet
  facet normal 0 0 0
    outer loop
      vertex 7.358681 16.742951 31.000000
      vertex 18.080743 -0.722480 31.250000
      vertex 6.274376 16.972550 31.250000
    endloop
  endfacet
  facet normal 0 0 0
    outer loop
      vertex 6.274376 16.972550 31.250000
      vertex 5.192872 17.144945 31.500000
      vertex -14.202965 11.212092 31.250000
    endloop
  endfacet
  facet normal 0 0 0
    outer loop
      vertex -14.202965 11.212092 31.250000
      vertex 5.192872 17.144945 31.500000
      vertex -14.701126 10.236794 31.500000
    endloop
  endfacet
  facet normal 0 0 0
    outer loop
      vertex -14.202965 11.212092 31.250000
      vertex -14.701126 10.236794 31.500000
      vertex -15.052291 -10.043096 31.250000
    endloop
  endfacet
  facet normal 0 0 0
    outer loop
      vertex -15.052291 -10.043096 31.250000
      vertex -14.701126 10.236794 31.500000
      vertex -14.278667 -10.818259 31.500000
    endloop
  endfacet
  facet normal 0 0 0
    outer loop
      vertex -15.052291 -10.043096 31.250000
      vertex -14.278667 -10.818259 31.500000
      vertex 4.900138 -17.419067 31.250000
    endloop
  endfacet
  facet normal 0 0 0
    outer loop
      vertex 4.900138 -17.419067 31.250000
      vertex -14.278667 -10.818259 31.500000
      vertex 5.876425 -16.922845 31.500000
    endloop
  endfacet
  facet normal 0 0 0
    outer loop
      vertex 4.900138 -17.419067 31.250000
      vertex 5.876425 -16.922845 31.500000
      vertex 18.080743 -0.722480 31.250000
    endloop
  endfacet
  facet normal 0 0 0
    outer loop
      vertex 18.080743 -0.722480 31.250000
      vertex 5.876425 -16.922845 31.500000
      vertex 17.910497 0.359365 31.500000
    endloop
  endfacet
  facet normal 0 0 0
    outer loop
      vertex 18.080743 -0.722480 31.250000
      vertex 17.910497 0.359365 31.500000
      vertex 6.274376 16.972550 31.250000
    endloop
  endfacet
  facet normal 0 0 0
    outer loop
      vertex 6.274376 16.972550 31.250000
      vertex 17.910497 0.359365 31.500000
      vertex 5.192872 17.144945 31.500000
    endloop
  endfacet
  facet normal 0 0 0
    outer loop
      vertex 5.192872 17.144945 31.500000
      vertex 4.116627 17.262617 31.750000
      vertex -14.701126 10.236794 31.500000
    endloop
  endfacet
  facet normal 0 0 0
    outer loop
      vertex -14.701126 10.236794 31.500000
      vertex 4.116627 17.262617 31.750000
      vertex -15.145617 9.249587 31.750000
    endloop
  endfacet
  facet normal 0 0 0
    outer loop
      vertex -14.701126 10.236794 31.500000
      vertex -15.145617 9.249587 31.750000
      vertex -14.278667 -10.818259 31.500000
    endloop
  endfacet
  facet normal 0 0 0
    outer loop
      vertex -14.278667 -10.818259 31.500000
      vertex -15.145617 9.249587 31.750000
      vertex -13.477133 -11.546058 31.750000
    endloop
  endfacet
  facet normal 0 0 0
    outer loop
      vertex -14.278667 -10.818259 31.500000
      vertex -13.477133 -11.546058 31.750000
      vertex 5.876425 -16.922845 31.500000
    endloop
  endfacet
  facet normal 0 0 0
    outer loop
      vertex 5.876425 -16.922845 31.500000
      vertex -13.477133 -11.546058 31.750000
      vertex 6.816291 -16.385443 31.750000
    endloop
  endfacet
  facet normal 0 0 0
    outer loop
      vertex 5.876425 -16.922845 31.500000
      vertex 6.816291 -16.385443 31.750000
      vertex 17.910497 0.359365 31.500000
    endloop
  endfacet
  facet normal 0 0 0
    outer loop
      vertex 17.910497 0.359365 31.500000
      vertex 6.816291 -16.385443 31.750000
      vertex 17.689832 1.419297 31.750000
    endloop
  endfacet
  facet normal 0 0 0
    outer loop
      vertex 17.910497 0.359365 31.500000
      vertex 17.689832 1.419297 31.750000
      vertex 5.192872 17.144945 31.500000
    endloop
  endfacet
  facet normal 0 0 0
    outer loop
      vertex 5.192872 17.144945 31.500000
      vertex 17.689832 1.419297 31.750000
      vertex 4.116627 17.262617 31.750000
    endloop
  endfacet
  facet normal 0 0 0
    outer loop
      vertex 4.116627 17.262617 31.750000
      vertex 3.047651 17.328024 32.000000
      vertex -15.145617 9.249587 31.750000
    endloop
  endfacet
  facet normal 0 0 0
    outer loop
      vertex -15.145617 9.249587 31.750000
      vertex 3.047651 17.328024 32.000000
      vertex -15.538155 8.253143 32.000000
    endloop
  endfacet
  facet normal 0 0 0
    outer loop
      vertex -15.145617 9.249587 31.750000
      vertex -15.538155 8.253143 32.000000
      vertex -13.477133 -11.546058 31.750000
    endloop
  endfacet
  facet normal 0 0 0
    outer loop
      vertex -13.477133 -11.546058 31.750000
      vertex -15.538155 8.253143 32.000000
      vertex -12.650759 -12.227302 32.000000
    endloop
  endfacet
  facet normal 0 0 0
    outer loop
      vertex -13.477133 -11.546058 31.750000
      vertex -12.650759 -12.227302 32.000000
      vertex 6.816291 -16.385443 31.750000
    endloop
  endfacet
  facet normal 0 0 0
    outer loop
      vertex 6.816291 -16.385443 31.750000
      vertex -12.650759 -12.227302 32.000000
      vertex 7.719556 -15.810031 32.000000
    endloop
  endfacet
  facet normal 0 0 0
    outer loop
      vertex 6.816291 -16.385443 31.750000
      vertex 7.719556 -15.810031 32.000000
      vertex 17.689832 1.419297 31.750000
    endloop
  endfacet
  facet normal 0 0 0
    outer loop
      vertex 17.689832 1.419297 31.750000
      vertex 7.719556 -15.810031 32.000000
      vertex 17.421707 2.456165 32.000000
    endloop
  endfacet
  facet normal 0 0 0
    outer loop
      vertex 17.689832 1.419297 31.750000
      vertex 17.421707 2.456165 32.000000
      vertex 4.116627 17.262617 31.750000
    endloop
  endfacet
  facet normal 0 0 0
    outer loop
      vertex 4.116627 17.262617 31.750000
      vertex 17.421707 2.456165 32.000000
      vertex 3.047651 17.328024 32.000000
    endloop
  endfacet
  facet normal 0 0 0
    outer loop
      vertex 3.047651 17.328024 32.000000
      vertex 1.987534 17.343536 32.250000
      vertex -15.538155 8.253143 32.000000
    endloop
  endfacet
  facet normal 0 0 0
    outer loop
      vertex -15.538155 8.253143 32.000000
      vertex 1.987534 17.343536 32.250000
      vertex -15.880501 7.249704 32.250000
    endloop
  endfacet
  facet normal 0 0 0
    outer loop
      vertex -15.538155 8.253143 32.000000
      vertex -15.880501 7.249704 32.250000
      vertex -12.650759 -12.227302 32.000000
    endloop
  endfacet
  facet normal 0 0 0
    outer loop
      vertex -12.650759 -12.227302 32.000000
      vertex -15.880501 7.249704 32.250000
      vertex -11.802223 -12.862972 32.250000
    endloop
  endfacet
  facet normal 0 0 0
    outer loop
      vertex -12.650759 -12.227302 32.000000
      vertex -11.802223 -12.862972 32.250000
      vertex 7.719556 -15.810031 32.000000
    endloop
  endfacet
  facet normal 0 0 0
    outer loop
      vertex 7.719556 -15.810031 32.000000
      vertex -11.802223 -12.862972 32.250000
      vertex 8.586326 -15.199459 32.250000
    endloop
  endfacet
  facet normal 0 0 0
    outer loop
      vertex 7.719556 -15.810031 32.000000
      vertex 8.586326 -15.199459 32.250000
      vertex 17.421707 2.456165 32.000000
    endloop
  endfacet
  facet normal 0 0 0
    outer loop
      vertex 17.421707 2.456165 32.000000
      vertex 8.586326 -15.199459 32.250000
      vertex 17.108865 3.469190 32.250000
    endloop
  endfacet
  facet normal 0 0 0
    outer loop
      vertex 17.421707 2.456165 32.000000
      vertex 17.108865 3.469190 32.250000
      vertex 3.047651 17.328024 32.000000
    endloop
  endfacet
  facet normal 0 0 0
    outer loop
      vertex 3.047651 17.328024 32.000000
      vertex 17.108865 3.469190 32.250000
      vertex 1.987534 17.343536 32.250000
    endloop
  endfacet
  facet normal 0 0 0
    outer loop
      vertex 1.987534 17.343536 32.250000
      vertex 0.937480 17.311372 32.500000
      vertex -15.880501 7.249704 32.250000
    endloop
  endfacet
  facet normal 0 0 0
    outer loop
      vertex -15.880501 7.249704 32.250000
      vertex 0.937480 17.311372 32.500000
      vertex -16.174396 6.241104 32.500000
    endloop
  endfacet
  facet normal 0 0 0
    outer loop
      vertex -15.880501 7.249704 32.250000
      vertex -16.174396 6.241104 32.500000
      vertex -11.802223 -12.862972 32.250000
    endloop
  endfacet
  facet normal 0 0 0
    outer loop
      vertex -11.802223 -12.862972 32.250000
      vertex -16.174396 6.241104 32.500000
      vertex -10.933806 -13.454157 32.500000
    endloop
  endfacet
  facet normal 0 0 0
    outer loop
      vertex -11.802223 -12.862972 32.250000
      vertex -10.933806 -13.454157 32.500000
      vertex 8.586326 -15.199459 32.250000
    endloop
  endfacet
  facet normal 0 0 0
    outer loop
      vertex 8.586326 -15.199459 32.250000
      vertex -10.933806 -13.454157 32.500000
      vertex 9.416932 -14.556231 32.500000
    endloop
  endfacet
  facet normal 0 0 0
    outer loop
      vertex 8.586326 -15.199459 32.250000
      vertex 9.416932 -14.556231 32.500000
      vertex 17.108865 3.469190 32.250000
    endloop
  endfacet
  facet normal 0 0 0
    outer loop
      vertex 17.108865 3.469190 32.250000
      vertex 9.416932 -14.556231 32.500000
      vertex 16.753790 4.457912 32.500000
    endloop
  endfacet
  facet normal 0 0 0
    outer loop
      vertex 17.108865 3.469190 32.250000
      vertex 16.753790 4.457912 32.500000
      vertex 1.987534 17.343536 32.250000
    endloop
  endfacet
  facet normal 0 0 0
    outer loop
      vertex 1.987534 17.343536 32.250000
      vertex 16.753790 4.457912 32.500000
      vertex 0.937480 17.311372 32.500000
    endloop
  endfacet
  facet normal 0 0 0
    outer loop
      vertex 0.937480 17.311372 32.500000
      vertex -0.101644 17.233549 32.750000
      vertex -16.174396 6.241104 32.500000
    endloop
  endfacet
  facet normal 0 0 0
    outer loop
      vertex -16.174396 6.241104 32.500000
      vertex -0.101644 17.233549 32.750000
      vertex -16.421489 5.228791 32.750000
    endloop
  endfacet
  facet normal 0 0 0
    outer loop
      vertex -16.174396 6.241104 32.500000
      vertex -16.421489 5.228791 32.750000
      vertex -10.933806 -13.454157 32.500000
    endloop
  endfacet
  facet normal 0 0 0
    outer loop
      vertex -10.933806 -13.454157 32.500000
      vertex -16.421489 5.228791 32.750000
      vertex -10.047395 -14.001979 32.750000
    endloop
  endfacet
  facet normal 0 0 0
    outer loop
      vertex -10.933806 -13.454157 32.500000
      vertex -10.047395 -14.001979 32.750000
      vertex 9.416932 -14.556231 32.500000
    endloop
  endfacet
  facet normal 0 0 0
    outer loop
      vertex 9.416932 -14.556231 32.500000
      vertex -10.047395 -14.001979 32.750000
      vertex 10.211858 -13.882489 32.750000
    endloop
  endfacet
  facet normal 0 0 0
    outer loop
      vertex 9.416932 -14.556231 32.500000
      vertex 10.211858 -13.882489 32.750000
      vertex 16.753790 4.457912 32.500000
    endloop
  endfacet
  facet normal 0 0 0
    outer loop
      vertex 16.753790 4.457912 32.500000
      vertex 10.211858 -13.882489 32.750000
      vertex 16.358670 5.422128 32.750000
    endloop
  endfacet
  facet normal 0 0 0
    outer loop
      vertex 16.753790 4.457912 32.500000
      vertex 16.358670 5.422128 32.750000
      vertex 0.937480 17.311372 32.500000
    endloop
  endfacet
  facet normal 0 0 0
    outer loop
      vertex 0.937480 17.311372 32.500000
      vertex 16.358670 5.422128 32.750000
      vertex -0.101644 17.233549 32.750000
    endloop
  endfacet
  facet normal 0 0 0
    outer loop
      vertex -0.101644 17.233549 32.750000
      vertex -1.129254 17.111834 33.000000
      vertex -16.421489 5.228791 32.750000
    endloop
  endfacet
  facet normal 0 0 0
    outer loop
      vertex -16.421489 5.228791 32.750000
      vertex -1.129254 17.111834 33.000000
      vertex -16.623280 4.213863 33.000000
    endloop
  endfacet
  facet normal 0 0 0
    outer loop
      vertex -16.421489 5.228791 32.750000
      vertex -16.623280 4.213863 33.000000
      vertex -10.047395 -14.001979 32.750000
    endloop
  endfacet
  facet normal 0 0 0
    outer loop
      vertex -10.047395 -14.001979 32.750000
      vertex -16.623280 4.213863 33.000000
      vertex -9.144498 -14.507524 33.000000
    endloop
  endfacet
  facet normal 0 0 0
    outer loop
      vertex -10.047395 -14.001979 32.750000
      vertex -9.144498 -14.507524 33.000000
      vertex 10.211858 -13.882489 32.750000
    endloop
  endfacet
  facet normal 0 0 0
    outer loop
      vertex 10.211858 -13.882489 32.750000
      vertex -9.144498 -14.507524 33.000000
      vertex 10.971669 -13.180006 33.000000
    endloop
  endfacet
  facet normal 0 0 0
    outer loop
      vertex 10.211858 -13.882489 32.750000
      vertex 10.971669 -13.180006 33.000000
      vertex 16.358670 5.422128 32.750000
    endloop
  endfacet
  facet normal 0 0 0
    outer loop
      vertex 16.358670 5.422128 32.750000
      vertex 10.971669 -13.180006 33.000000
      vertex 15.925363 6.361832 33.000000
    endloop
  endfacet
  facet normal 0 0 0
    outer loop
      vertex 16.358670 5.422128 32.750000
      vertex 15.925363 6.361832 33.000000
      vertex -0.101644 17.233549 32.750000
    endloop
  endfacet
  facet normal 0 0 0
    outer loop
      vertex -0.101644 17.233549 32.750000
      vertex 15.925363 6.361832 33.000000
      vertex -1.129254 17.111834 33.000000
    endloop
  endfacet
  facet normal 0 0 0
    outer loop
      vertex -1.129254 17.111834 33.000000
      vertex -2.144995 16.947709 33.250000
      vertex -16.623280 4.213863 33.000000
    endloop
  endfacet
  facet normal 0 0 0
    outer loop
      vertex -16.623280 4.213863 33.000000
      vertex -2.144995 16.947709 33.250000
      vertex -16.781069 3.197118 33.250000
    endloop
  endfacet
  facet normal 0 0 0
    outer loop
      vertex -16.623280 4.213863 33.000000
      vertex -16.781069 3.197118 33.250000
      vertex -9.144498 -14.507524 33.000000
    endloop
  endfacet
  facet normal 0 0 0
    outer loop
      vertex -9.144498 -14.507524 33.000000
      vertex -16.781069 3.197118 33.250000
      vertex -8.226276 -14.971781 33.250000
    endloop
  endfacet
  facet normal 0 0 0
    outer loop
      vertex -9.144498 -14.507524 33.000000
      vertex -8.226276 -14.971781 33.250000
      vertex 10.971669 -13.180006 33.000000
    endloop
  endfacet
  facet normal 0 0 0
    outer loop
      vertex 10.971669 -13.180006 33.000000
      vertex -8.226276 -14.971781 33.250000
      vertex 11.696951 -12.450188 33.250000
    endloop
  endfacet
  facet normal 0 0 0
    outer loop
      vertex 10.971669 -13.180006 33.000000
      vertex 11.696951 -12.450188 33.250000
      vertex 15.925363 6.361832 33.000000
    endloop
  endfacet
  facet normal 0 0 0
    outer loop
      vertex 15.925363 6.361832 33.000000
      vertex 11.696951 -12.450188 33.250000
      vertex 15.455389 7.277142 33.250000
    endloop
  endfacet
  facet normal 0 0 0
    outer loop
      vertex 15.925363 6.361832 33.000000
      vertex 15.455389 7.277142 33.250000
      vertex -1.129254 17.111834 33.000000
    endloop
  endfacet
  facet normal 0 0 0
    outer loop
      vertex -1.129254 17.111834 33.000000
      vertex 15.455389 7.277142 33.250000
      vertex -2.144995 16.947709 33.250000
    endloop
  endfacet
  facet normal 0 0 0
    outer loop
      vertex -2.144995 16.947709 33.250000
      vertex -3.148674 16.742341 33.500000
      vertex -16.781069 3.197118 33.250000
    endloop
  endfacet
  facet normal 0 0 0
    outer loop
      vertex -16.781069 3.197118 33.250000
      vertex -3.148674 16.742341 33.500000
      vertex -16.895906 2.179101 33.500000
    endloop
  endfacet
  facet normal 0 0 0
    outer loop
      vertex -16.781069 3.197118 33.250000
      vertex -16.895906 2.179101 33.500000
      vertex -8.226276 -14.971781 33.250000
    endloop
  endfacet
  facet normal 0 0 0
    outer loop
      vertex -8.226276 -14.971781 33.250000
      vertex -16.895906 2.179101 33.500000
      vertex -7.293570 -15.395582 33.500000
    endloop
  endfacet
  facet normal 0 0 0
    outer loop
      vertex -8.226276 -14.971781 33.250000
      vertex -7.293570 -15.395582 33.500000
      vertex 11.696951 -12.450188 33.250000
    endloop
  endfacet
  facet normal 0 0 0
    outer loop
      vertex 11.696951 -12.450188 33.250000
      vertex -7.293570 -15.395582 33.500000
      vertex 12.388232 -11.694094 33.500000
    endloop
  endfacet
  facet normal 0 0 0
    outer loop
      vertex 11.696951 -12.450188 33.250000
      vertex 12.388232 -11.694094 33.500000
      vertex 15.455389 7.277142 33.250000
    endloop
  endfacet
  facet normal 0 0 0
    outer loop
      vertex 15.455389 7.277142 33.250000
      vertex 12.388232 -11.694094 33.500000
      vertex 14.949918 8.168235 33.500000
    endloop
  endfacet
  facet normal 0 0 0
    outer loop
      vertex 15.455389 7.277142 33.250000
      vertex 14.949918 8.168235 33.500000
      vertex -2.144995 16.947709 33.250000
    endloop
  endfacet
  facet normal 0 0 0
    outer loop
      vertex -2.144995 16.947709 33.250000
      vertex 14.949918 8.168235 33.500000
      vertex -3.148674 16.742341 33.500000
    endloop
  endfacet
  facet normal 0 0 0
    outer loop
      vertex -3.148674 16.742341 33.500000
      vertex -4.140195 16.496570 33.750000
      vertex -16.895906 2.179101 33.500000
    endloop
  endfacet
  facet normal 0 0 0
    outer loop
      vertex -16.895906 2.179101 33.500000
      vertex -4.140195 16.496570 33.750000
      vertex -16.968561 1.160162 33.750000
    endloop
  endfacet
  facet normal 0 0 0
    outer loop
      vertex -16.895906 2.179101 33.500000
      vertex -16.968561 1.160162 33.750000
      vertex -7.293570 -15.395582 33.500000
    endloop
  endfacet
  facet normal 0 0 0
    outer loop
      vertex -7.293570 -15.395582 33.500000
      vertex -16.968561 1.160162 33.750000
      vertex -6.346953 -15.779551 33.750000
    endloop
  endfacet
  facet normal 0 0 0
    outer loop
      vertex -7.293570 -15.395582 33.500000
      vertex -6.346953 -15.779551 33.750000
      vertex 12.388232 -11.694094 33.500000
    endloop
  endfacet
  facet normal 0 0 0
    outer loop
      vertex 12.388232 -11.694094 33.500000
      vertex -6.346953 -15.779551 33.750000
      vertex 13.045929 -10.912460 33.750000
    endloop
  endfacet
  facet normal 0 0 0
    outer loop
      vertex 12.388232 -11.694094 33.500000
      vertex 13.045929 -10.912460 33.750000
      vertex 14.949918 8.168235 33.500000
    endloop
  endfacet
  facet normal 0 0 0
    outer loop
      vertex 14.949918 8.168235 33.500000
      vertex 13.045929 -10.912460 33.750000
      vertex 14.409780 9.035280 33.750000
    endloop
  endfacet
  facet normal 0 0 0
    outer loop
      vertex 14.949918 8.168235 33.500000
      vertex 14.409780 9.035280 33.750000
      vertex -3.148674 16.742341 33.500000
    endloop
  endfacet
  facet normal 0 0 0
    outer loop
      vertex -3.148674 16.742341 33.500000
      vertex 14.409780 9.035280 33.750000
      vertex -4.140195 16.496570 33.750000
    endloop
  endfacet
  facet normal 0 0 0
    outer loop
      vertex -4.140195 16.496570 33.750000
      vertex -5.119490 16.210902 34.000000
      vertex -16.968561 1.160162 33.750000
    endloop
  endfacet
  facet normal 0 0 0
    outer loop
      vertex -16.968561 1.160162 33.750000
      vertex -5.119490 16.210902 34.000000
      vertex -16.999494 0.140520 34.000000
    endloop
  endfacet
  facet normal 0 0 0
    outer loop
      vertex -16.968561 1.160162 33.750000
      vertex -16.999494 0.140520 34.000000
      vertex -6.346953 -15.779551 33.750000
    endloop
  endfacet
  facet normal 0 0 0
    outer loop
      vertex -6.346953 -15.779551 33.750000
      vertex -16.999494 0.140520 34.000000
      vertex -5.386775 -16.124057 34.000000
    endloop
  endfacet
  facet normal 0 0 0
    outer loop
      vertex -6.346953 -15.779551 33.750000
      vertex -5.386775 -16.124057 34.000000
      vertex 13.045929 -10.912460 33.750000
    endloop
  endfacet
  facet normal 0 0 0
    outer loop
      vertex 13.045929 -10.912460 33.750000
      vertex -5.386775 -16.124057 34.000000
      vertex 13.670284 -10.105735 34.000000
    endloop
  endfacet
  facet normal 0 0 0
    outer loop
      vertex 13.045929 -10.912460 33.750000
      vertex 13.670284 -10.105735 34.000000
      vertex 14.409780 9.035280 33.750000
    endloop
  endfacet
  facet normal 0 0 0
    outer loop
      vertex 14.409780 9.035280 33.750000
      vertex 13.670284 -10.105735 34.000000
      vertex 13.835475 9.878369 34.000000
    endloop
  endfacet
  facet normal 0 0 0
    outer loop
      vertex 14.409780 9.035280 33.750000
      vertex 13.835475 9.878369 34.000000
      vertex -4.140195 16.496570 33.750000
    endloop
  endfacet
  facet normal 0 0 0
    outer loop
      vertex -4.140195 16.496570 33.750000
      vertex 13.835475 9.878369 34.000000
      vertex -5.119490 16.210902 34.000000
    endloop
  endfacet
  facet normal 0 0 0
    outer loop
      vertex -5.119490 16.210902 34.000000
      vertex -6.086457 15.885512 34.250000
      vertex -16.999494 0.140520 34.000000
    endloop
  endfacet
  facet normal 0 0 0
    outer loop
      vertex -16.999494 0.140520 34.000000
      vertex -6.086457 15.885512 34.250000
      vertex -16.988838 -0.879671 34.250000
    endloop
  endfacet
  facet normal 0 0 0
    outer loop
      vertex -16.999494 0.140520 34.000000
      vertex -16.988838 -0.879671 34.250000
      vertex -5.386775 -16.124057 34.000000
    endloop
  endfacet
  facet normal 0 0 0
    outer loop
      vertex -5.386775 -16.124057 34.000000
      vertex -16.988838 -0.879671 34.250000
      vertex -4.413223 -16.429179 34.250000
    endloop
  endfacet
  facet normal 0 0 0
    outer loop
      vertex -5.386775 -16.124057 34.000000
      vertex -4.413223 -16.429179 34.250000
      vertex 13.670284 -10.105735 34.000000
    endloop
  endfacet
  facet normal 0 0 0
    outer loop
      vertex 13.670284 -10.105735 34.000000
      vertex -4.413223 -16.429179 34.250000
      vertex 14.261317 -9.274120 34.250000
    endloop
  endfacet
  facet normal 0 0 0
    outer loop
      vertex 13.670284 -10.105735 34.000000
      vertex 14.261317 -9.274120 34.250000
      vertex 13.835475 9.878369 34.000000
    endloop
  endfacet
  facet normal 0 0 0
    outer loop
      vertex 13.835475 9.878369 34.000000
      vertex 14.261317 -9.274120 34.250000
      vertex 13.227201 10.697458 34.250000
    endloop
  endfacet
  facet normal 0 0 0
    outer loop
      vertex 13.835475 9.878369 34.000000
      vertex 13.227201 10.697458 34.250000
      vertex -5.119490 16.210902 34.000000
    endloop
  endfacet
  facet normal 0 0 0
    outer loop
      vertex -5.119490 16.210902 34.000000
      vertex 13.227201 10.697458 34.250000
      vertex -6.086457 15.885512 34.250000
    endloop
  endfacet
  facet normal 0 0 0
    outer loop
      vertex -6.086457 15.885512 34.250000
      vertex -7.040886 15.520261 34.500000
      vertex -16.988838 -0.879671 34.250000
    endloop
  endfacet
  facet normal 0 0 0
    outer loop
      vertex -16.988838 -0.879671 34.250000
      vertex -7.040886 15.520261 34.500000
      vertex -16.936399 -1.900256 34.500000
    endloop
  endfacet
  facet normal 0 0 0
    outer loop
      vertex -16.988838 -0.879671 34.250000
      vertex -16.936399 -1.900256 34.500000
      vertex -4.413223 -16.429179 34.250000
    endloop
  endfacet
  facet normal 0 0 0
    outer loop
      vertex -4.413223 -16.429179 34.250000
      vertex -16.936399 -1.900256 34.500000
      vertex -3.426384 -16.694684 34.500000
    endloop
  endfacet
  facet normal 0 0 0
    outer loop
      vertex -4.413223 -16.429179 34.250000
      vertex -3.426384 -16.694684 34.500000
      vertex 14.261317 -9.274120 34.250000
    endloop
  endfacet
  facet normal 0 0 0
    outer loop
      vertex 14.261317 -9.274120 34.250000
      vertex -3.426384 -16.694684 34.500000
      vertex 14.818777 -8.417626 34.500000
    endloop
  endfacet
  facet normal 0 0 0
    outer loop
      vertex 14.261317 -9.274120 34.250000
      vertex 14.818777 -8.417626 34.500000
      vertex 13.227201 10.697458 34.250000
    endloop
  endfacet
  facet normal 0 0 0
    outer loop
      vertex 13.227201 10.697458 34.250000
      vertex 14.818777 -8.417626 34.500000
      vertex 12.584892 11.492305 34.500000
    endloop
  endfacet
  facet normal 0 0 0
    outer loop
      vertex 13.227201 10.697458 34.250000
      vertex 12.584892 11.492305 34.500000
      vertex -6.086457 15.885512 34.250000
    endloop
  endfacet
  facet normal 0 0 0
    outer loop
      vertex -6.086457 15.885512 34.250000
      vertex 12.584892 11.492305 34.500000
      vertex -7.040886 15.520261 34.500000
    endloop
  endfacet
  facet normal 0 0 0
    outer loop
      vertex -7.040886 15.520261 34.500000
      vertex -7.982404 15.114722 34.750000
      vertex -16.936399 -1.900256 34.500000
    endloop
  endfacet
  facet normal 0 0 0
    outer loop
      vertex -16.936399 -1.900256 34.500000
      vertex -7.982404 15.114722 34.750000
      vertex -16.841653 -2.921011 34.750000
    endloop
  endfacet
  facet normal 0 0 0
    outer loop
      vertex -16.936399 -1.900256 34.500000
      vertex -16.841653 -2.921011 34.750000
      vertex -3.426384 -16.694684 34.500000
    endloop
  endfacet
  facet normal 0 0 0
    outer loop
      vertex -3.426384 -16.694684 34.500000
      vertex -16.841653 -2.921011 34.750000
      vertex -2.426310 -16.920006 34.750000
    endloop
  endfacet
  facet normal 0 0 0
    outer loop
      vertex -3.426384 -16.694684 34.500000
      vertex -2.426310 -16.920006 34.750000
      vertex 14.818777 -8.417626 34.500000
    endloop
  endfacet
  facet normal 0 0 0
    outer loop
      vertex 14.818777 -8.417626 34.500000
      vertex -2.426310 -16.920006 34.750000
      vertex 15.342111 -7.536128 34.750000
    endloop
  endfacet
  facet normal 0 0 0
    outer loop
      vertex 14.818777 -8.417626 34.500000
      vertex 15.342111 -7.536128 34.750000
      vertex 12.584892 11.492305 34.500000
    endloop
  endfacet
  facet normal 0 0 0
    outer loop
      vertex 12.584892 11.492305 34.500000
      vertex 15.342111 -7.536128 34.750000
      vertex 11.908256 12.262423 34.750000
    endloop
  endfacet
  facet normal 0 0 0
    outer loop
      vertex 12.584892 11.492305 34.500000
      vertex 11.908256 12.262423 34.750000
      vertex -7.040886 15.520261 34.500000
    endloop
  endfacet
  facet normal 0 0 0
    outer loop
      vertex -7.040886 15.520261 34.500000
      vertex 11.908256 12.262423 34.750000
      vertex -7.982404 15.114722 34.750000
    endloop
  endfacet
  facet normal 0 0 0
    outer loop
      vertex -7.982404 15.114722 34.750000
      vertex -8.910414 14.668217 35.000000
      vertex -16.841653 -2.921011 34.750000
    endloop
  endfacet
  facet normal 0 0 0
    outer loop
      vertex -16.841653 -2.921011 34.750000
      vertex -8.910414 14.668217 35.000000
      vertex -16.703772 -3.941579 35.000000
    endloop
  endfacet
  facet normal 0 0 0
    outer loop
      vertex -16.841653 -2.921011 34.750000
      vertex -16.703772 -3.941579 35.000000
      vertex -2.426310 -16.920006 34.750000
    endloop
  endfacet
  facet normal 0 0 0
    outer loop
      vertex -2.426310 -16.920006 34.750000
      vertex -16.703772 -3.941579 35.000000
      vertex -1.413085 -17.104246 35.000000
    endloop
  endfacet
  facet normal 0 0 0
    outer loop
      vertex -2.426310 -16.920006 34.750000
      vertex -1.413085 -17.104246 35.000000
      vertex 15.342111 -7.536128 34.750000
    endloop
  endfacet
  facet normal 0 0 0
    outer loop
      vertex 15.342111 -7.536128 34.750000
      vertex -1.413085 -17.104246 35.000000
      vertex 15.830437 -6.629427 35.000000
    endloop
  endfacet
  facet normal 0 0 0
    outer loop
      vertex 15.342111 -7.536128 34.750000
      vertex 15.830437 -6.629427 35.000000
      vertex 11.908256 12.262423 34.750000
    endloop
  endfacet
  facet normal 0 0 0
    outer loop
      vertex 11.908256 12.262423 34.750000
      vertex 15.830437 -6.629427 35.000000
      vertex 11.196834 13.007035 35.000000
    endloop
  endfacet
  facet normal 0 0 0
    outer loop
      vertex 11.908256 12.262423 34.750000
      vertex 11.196834 13.007035 35.000000
      vertex -7.982404 15.114722 34.750000
    endloop
  endfacet
  facet normal 0 0 0
    outer loop
      vertex -7.982404 15.114722 34.750000
      vertex 11.196834 13.007035 35.000000
      vertex -8.910414 14.668217 35.000000
    endloop
  endfacet
  facet normal 0 0 0
    outer loop
      vertex -8.910414 14.668217 35.000000
      vertex -9.824044 14.179857 35.250000
      vertex -16.703772 -3.941579 35.000000
    endloop
  endfacet
  facet normal 0 0 0
    outer loop
      vertex -16.703772 -3.941579 35.000000
      vertex -9.824044 14.179857 35.250000
      vertex -16.521642 -4.961404 35.250000
    endloop
  endfacet
  facet normal 0 0 0
    outer loop
      vertex -16.703772 -3.941579 35.000000
      vertex -16.521642 -4.961404 35.250000
      vertex -1.413085 -17.104246 35.000000
    endloop
  endfacet
  facet normal 0 0 0
    outer loop
      vertex -1.413085 -17.104246 35.000000
      vertex -16.521642 -4.961404 35.250000
      vertex -0.386893 -17.246174 35.250000
    endloop
  endfacet
  facet normal 0 0 0
    outer loop
      vertex -1.413085 -17.104246 35.000000
      vertex -0.386893 -17.246174 35.250000
      vertex 15.830437 -6.629427 35.000000
    endloop
  endfacet
  facet normal 0 0 0
    outer loop
      vertex 15.830437 -6.629427 35.000000
      vertex -0.386893 -17.246174 35.250000
      vertex 16.282529 -5.697318 35.250000
    endloop
  endfacet
  facet normal 0 0 0
    outer loop
      vertex 15.830437 -6.629427 35.000000
      vertex 16.282529 -5.697318 35.250000
      vertex 11.196834 13.007035 35.000000
    endloop
  endfacet
  facet normal 0 0 0
    outer loop
      vertex 11.196834 13.007035 35.000000
      vertex 16.282529 -5.697318 35.250000
      vertex 10.450049 13.725038 35.250000
    endloop
  endfacet
  facet normal 0 0 0
    outer loop
      vertex 11.196834 13.007035 35.000000
      vertex 10.450049 13.725038 35.250000
      vertex -8.910414 14.668217 35.000000
    endloop
  endfacet
  facet normal 0 0 0
    outer loop
      vertex -8.910414 14.668217 35.000000
      vertex 10.450049 13.725038 35.250000
      vertex -9.824044 14.179857 35.250000
    endloop
  endfacet
  facet normal 0 0 0
    outer loop
      vertex -9.824044 14.179857 35.250000
      vertex -10.722104 13.648601 35.500000
      vertex -16.521642 -4.961404 35.250000
    endloop
  endfacet
  facet normal 0 0 0
    outer loop
      vertex -16.521642 -4.961404 35.250000
      vertex -10.722104 13.648601 35.500000
      vertex -16.293904 -5.979677 35.500000
    endloop
  endfacet
  facet normal 0 0 0
    outer loop
      vertex -16.521642 -4.961404 35.250000
      vertex -16.293904 -5.979677 35.500000
      vertex -0.386893 -17.246174 35.250000
    endloop
  endfacet
  facet normal 0 0 0
    outer loop
      vertex -0.386893 -17.246174 35.250000
      vertex -16.293904 -5.979677 35.500000
      vertex 0.651918 -17.344245 35.500000
    endloop
  endfacet
  facet normal 0 0 0
    outer loop
      vertex -0.386893 -17.246174 35.250000
      vertex 0.651918 -17.344245 35.500000
      vertex 16.282529 -5.697318 35.250000
    endloop
  endfacet
  facet normal 0 0 0
    outer loop
      vertex 16.282529 -5.697318 35.250000
      vertex 0.651918 -17.344245 35.500000
      vertex 16.696811 -4.739656 35.500000
    endloop
  endfacet
  facet normal 0 0 0
    outer loop
      vertex 16.282529 -5.697318 35.250000
      vertex 16.696811 -4.739656 35.500000
      vertex 10.450049 13.725038 35.250000
    endloop
  endfacet
  facet normal 0 0 0
    outer loop
      vertex 10.450049 13.725038 35.250000
      vertex 16.696811 -4.739656 35.500000
      vertex 9.667279 14.414977 35.500000
    endloop
  endfacet
  facet normal 0 0 0
    outer loop
      vertex 10.450049 13.725038 35.250000
      vertex 9.667279 14.414977 35.500000
      vertex -9.824044 14.179857 35.250000
    endloop
  endfacet
  facet normal 0 0 0
    outer loop
      vertex -9.824044 14.179857 35.250000
      vertex 9.667279 14.414977 35.500000
      vertex -10.722104 13.648601 35.500000
    endloop
  endfacet
  facet normal 0 0 0
    outer loop
      vertex -10.722104 13.648601 35.500000
      vertex -11.603051 13.073308 35.750000
      vertex -16.293904 -5.979677 35.500000
    endloop
  endfacet
  facet normal 0 0 0
    outer loop
      vertex -16.293904 -5.979677 35.500000
      vertex -11.603051 13.073308 35.750000
      vertex -16.018995 -6.995283 35.750000
    endloop
  endfacet
  facet normal 0 0 0
    outer loop
      vertex -16.293904 -5.979677 35.500000
      vertex -16.018995 -6.995283 35.750000
      vertex 0.651918 -17.344245 35.500000
    endloop
  endfacet
  facet normal 0 0 0
    outer loop
      vertex 0.651918 -17.344245 35.500000
      vertex -16.018995 -6.995283 35.750000
      vertex 1.702768 -17.396631 35.750000
    endloop
  endfacet
  facet normal 0 0 0
    outer loop
      vertex 0.651918 -17.344245 35.500000
      vertex 1.702768 -17.396631 35.750000
      vertex 16.696811 -4.739656 35.500000
    endloop
  endfacet
  facet normal 0 0 0
    outer loop
      vertex 16.696811 -4.739656 35.500000
      vertex 1.702768 -17.396631 35.750000
      vertex 17.071363 -3.756426 35.750000
    endloop
  endfacet
  facet normal 0 0 0
    outer loop
      vertex 16.696811 -4.739656 35.500000
      vertex 17.071363 -3.756426 35.750000
      vertex 9.667279 14.414977 35.500000
    endloop
  endfacet
  facet normal 0 0 0
    outer loop
      vertex 9.667279 14.414977 35.500000
      vertex 17.071363 -3.756426 35.750000
      vertex 8.847915 15.075032 35.750000
    endloop
  endfacet
  facet normal 0 0 0
    outer loop
      vertex 9.667279 14.414977 35.500000
      vertex 8.847915 15.075032 35.750000
      vertex -10.722104 13.648601 35.500000
    endloop
  endfacet
  facet normal 0 0 0
    outer loop
      vertex -10.722104 13.648601 35.500000
      vertex 8.847915 15.075032 35.750000
      vertex -11.603051 13.073308 35.750000
    endloop
  endfacet
  facet normal 0 0 0
    outer loop
      vertex -11.603051 13.073308 35.750000
      vertex -12.464961 12.452805 36.000000
      vertex -16.018995 -6.995283 35.750000
    endloop
  endfacet
  facet normal 0 0 0
    outer loop
      vertex -16.018995 -6.995283 35.750000
      vertex -12.464961 12.452805 36.000000
      vertex -15.695206 -8.006754 36.000000
    endloop
  endfacet
  facet normal 0 0 0
    outer loop
      vertex -16.018995 -6.995283 35.750000
      vertex -15.695206 -8.006754 36.000000
      vertex 1.702768 -17.396631 35.750000
    endloop
  endfacet
  facet normal 0 0 0
    outer loop
      vertex 1.702768 -17.396631 35.750000
      vertex -15.695206 -8.006754 36.000000
      vertex 2.764790 -17.401251 36.000000
    endloop
  endfacet
  facet normal 0 0 0
    outer loop
      vertex 1.702768 -17.396631 35.750000
      vertex 2.764790 -17.401251 36.000000
      vertex 17.071363 -3.756426 35.750000
    endloop
  endfacet
  facet normal 0 0 0
    outer loop
      vertex 17.071363 -3.756426 35.750000
      vertex 2.764790 -17.401251 36.000000
      vertex 17.403941 -2.747811 36.000000
    endloop
  endfacet
  facet normal 0 0 0
    outer loop
      vertex 17.071363 -3.756426 35.750000
      vertex 17.403941 -2.747811 36.000000
      vertex 8.847915 15.075032 35.750000
    endloop
  endfacet
  facet normal 0 0 0
    outer loop
      vertex 8.847915 15.075032 35.750000
      vertex 17.403941 -2.747811 36.000000
      vertex 7.991437 15.703011 36.000000
    endloop
  endfacet
  facet normal 0 0 0
    outer loop
      vertex 8.847915 15.075032 35.750000
      vertex 7.991437 15.703011 36.000000
      vertex -11.603051 13.073308 35.750000
    endloop
  endfacet
  facet normal 0 0 0
    outer loop
      vertex -11.603051 13.073308 35.750000
      vertex 7.991437 15.703011 36.000000
      vertex -12.464961 12.452805 36.000000
    endloop
  endfacet
  facet normal 0 0 0
    outer loop
      vertex -12.464961 12.452805 36.000000
      vertex -13.305514 11.785955 36.250000
      vertex -15.695206 -8.006754 36.000000
    endloop
  endfacet
  facet normal 0 0 0
    outer loop
      vertex -15.695206 -8.006754 36.000000
      vertex -13.305514 11.785955 36.250000
      vertex -15.320739 -9.012235 36.250000
    endloop
  endfacet
  facet normal 0 0 0
    outer loop
      vertex -15.695206 -8.006754 36.000000
      vertex -15.320739 -9.012235 36.250000
      vertex 2.764790 -17.401251 36.000000
    endloop
  endfacet
  facet normal 0 0 0
    outer loop
      vertex 2.764790 -17.401251 36.000000
      vertex -15.320739 -9.012235 36.250000
      vertex 3.836776 -17.355823 36.250000
    endloop
  endfacet
  facet normal 0 0 0
    outer loop
      vertex 2.764790 -17.401251 36.000000
      vertex 3.836776 -17.355823 36.250000
      vertex 17.403941 -2.747811 36.000000
    endloop
  endfacet
  facet normal 0 0 0
    outer loop
      vertex 17.403941 -2.747811 36.000000
      vertex 3.836776 -17.355823 36.250000
      vertex 17.691997 -1.714253 36.250000
    endloop
  endfacet
  facet normal 0 0 0
    outer loop
      vertex 17.403941 -2.747811 36.000000
      vertex 17.691997 -1.714253 36.250000
      vertex 7.991437 15.703011 36.000000
    endloop
  endfacet
  facet normal 0 0 0
    outer loop
      vertex 7.991437 15.703011 36.000000
      vertex 17.691997 -1.714253 36.250000
      vertex 7.097479 16.296356 36.250000
    endloop
  endfacet
  facet normal 0 0 0
    outer loop
      vertex 7.991437 15.703011 36.000000
      vertex 7.097479 16.296356 36.250000
      vertex -12.464961 12.452805 36.000000
    endloop
  endfacet
  facet normal 0 0 0
    outer loop
      vertex -12.464961 12.452805 36.000000
      vertex 7.097479 16.296356 36.250000
      vertex -13.305514 11.785955 36.250000
    endloop
  endfacet
  facet normal 0 0 0
    outer loop
      vertex -13.305514 11.785955 36.250000
      vertex -14.121990 11.071726 36.500000
      vertex -15.320739 -9.012235 36.250000
    endloop
  endfacet
  facet normal 0 0 0
    outer loop
      vertex -15.320739 -9.012235 36.250000
      vertex -14.121990 11.071726 36.500000
      vertex -14.893772 -10.009459 36.500000
    endloop
  endfacet
  facet normal 0 0 0
    outer loop
      vertex -15.320739 -9.012235 36.250000
      vertex -14.893772 -10.009459 36.500000
      vertex 3.836776 -17.355823 36.250000
    endloop
  endfacet
  facet normal 0 0 0
    outer loop
      vertex 3.836776 -17.355823 36.250000
      vertex -14.893772 -10.009459 36.500000
      vertex 4.917133 -17.257912 36.500000
    endloop
  endfacet
  facet normal 0 0 0
    outer loop
      vertex 3.836776 -17.355823 36.250000
      vertex 4.917133 -17.257912 36.500000
      vertex 17.691997 -1.714253 36.250000
    endloop
  endfacet
  facet normal 0 0 0
    outer loop
      vertex 17.691997 -1.714253 36.250000
      vertex 4.917133 -17.257912 36.500000
      vertex 17.932727 -0.656517 36.500000
    endloop
  endfacet
  facet normal 0 0 0
    outer loop
      vertex 17.691997 -1.714253 36.250000
      vertex 17.932727 -0.656517 36.500000
      vertex 7.097479 16.296356 36.250000
    endloop
  endfacet
  facet normal 0 0 0
    outer loop
      vertex 7.097479 16.296356 36.250000
      vertex 17.932727 -0.656517 36.500000
      vertex 6.165902 16.852162 36.500000
    endloop
  endfacet
  facet normal 0 0 0
    outer loop
      vertex 7.097479 16.296356 36.250000
      vertex 6.165902 16.852162 36.500000
      vertex -13.305514 11.785955 36.250000
    endloop
  endfacet
  facet normal 0 0 0
    outer loop
      vertex -13.305514 11.785955 36.250000
      vertex 6.165902 16.852162 36.500000
      vertex -14.121990 11.071726 36.500000
    endloop
  endfacet
  facet normal 0 0 0
    outer loop
      vertex -14.121990 11.071726 36.500000
      vertex -14.911273 10.309264 36.750000
      vertex -14.893772 -10.009459 36.500000
    endloop
  endfacet
  facet normal 0 0 0
    outer loop
      vertex -14.893772 -10.009459 36.500000
      vertex -14.911273 10.309264 36.750000
      vertex -14.412529 -10.995725 36.750000
    endloop
  endfacet
  facet normal 0 0 0
    outer loop
      vertex -14.893772 -10.009459 36.500000
      vertex -14.412529 -10.995725 36.750000
      vertex 4.917133 -17.257912 36.500000
    endloop
  endfacet
  facet normal 0 0 0
    outer loop
      vertex 4.917133 -17.257912 36.500000
      vertex -14.412529 -10.995725 36.750000
      vertex 6.003840 -17.104996 36.750000
    endloop
  endfacet
  facet normal 0 0 0
    outer loop
      vertex 4.917133 -17.257912 36.500000
      vertex 6.003840 -17.104996 36.750000
      vertex 17.932727 -0.656517 36.500000
    endloop
  endfacet
  facet normal 0 0 0
    outer loop
      vertex 17.932727 -0.656517 36.500000
      vertex 6.003840 -17.104996 36.750000
      vertex 18.123106 0.424257 36.750000
    endloop
  endfacet
  facet normal 0 0 0
    outer loop
      vertex 17.932727 -0.656517 36.500000
      vertex 18.123106 0.424257 36.750000
      vertex 6.165902 16.852162 36.500000
    endloop
  endfacet
  facet normal 0 0 0
    outer loop
      vertex 6.165902 16.852162 36.500000
      vertex 18.123106 0.424257 36.750000
      vertex 5.196856 17.367201 36.750000
    endloop
  endfacet
  facet normal 0 0 0
    outer loop
      vertex 6.165902 16.852162 36.500000
      vertex 5.196856 17.367201 36.750000
      vertex -14.121990 11.071726 36.500000
    endloop
  endfacet
  facet normal 0 0 0
    outer loop
      vertex -14.121990 11.071726 36.500000
      vertex 5.196856 17.367201 36.750000
      vertex -14.911273 10.309264 36.750000
    endloop
  endfacet
  facet normal 0 0 0
    outer loop
      vertex -14.911273 10.309264 36.750000
      vertex -15.669868 9.497963 37.000000
      vertex -14.412529 -10.995725 36.750000
    endloop
  endfacet
  facet normal 0 0 0
    outer loop
      vertex -14.412529 -10.995725 36.750000
      vertex -15.669868 9.497963 37.000000
      vertex -13.875355 -11.967898 37.000000
    endloop
  endfacet
  facet normal 0 0 0
    outer loop
      vertex -14.412529 -10.995725 36.750000
      vertex -13.875355 -11.967898 37.000000
      vertex 6.003840 -17.104996 36.750000
    endloop
  endfacet
  facet normal 0 0 0
    outer loop
      vertex 6.003840 -17.104996 36.750000
      vertex -13.875355 -11.967898 37.000000
      vertex 7.094427 -16.894530 37.000000
    endloop
  endfacet
  facet normal 0 0 0
    outer loop
      vertex 6.003840 -17.104996 36.750000
      vertex 7.094427 -16.894530 37.000000
      vertex 18.123106 0.424257 36.750000
    endloop
  endfacet
  facet normal 0 0 0
    outer loop
      vertex 18.123106 0.424257 36.750000
      vertex 7.094427 -16.894530 37.000000
      vertex 18.259952 1.526504 37.000000
    endloop
  endfacet
  facet normal 0 0 0
    outer loop
      vertex 18.123106 0.424257 36.750000
      vertex 18.259952 1.526504 37.000000
      vertex 5.196856 17.367201 36.750000
    endloop
  endfacet
  facet normal 0 0 0
    outer loop
      vertex 5.196856 17.367201 36.750000
      vertex 18.259952 1.526504 37.000000
      vertex 4.190844 17.837962 37.000000
    endloop
  endfacet
  facet normal 0 0 0
    outer loop
      vertex 5.196856 17.367201 36.750000
      vertex 4.190844 17.837962 37.000000
      vertex -14.911273 10.309264 36.750000
    endloop
  endfacet
  facet normal 0 0 0
    outer loop
      vertex -14.911273 10.309264 36.750000
      vertex 4.190844 17.837962 37.000000
      vertex -15.669868 9.497963 37.000000
    endloop
  endfacet
  facet normal 0 0 0
    outer loop
      vertex -15.669868 9.497963 37.000000
      vertex -16.393929 8.637535 37.250000
      vertex -13.875355 -11.967898 37.000000
    endloop
  endfacet
  facet normal 0 0 0
    outer loop
      vertex -13.875355 -11.967898 37.000000
      vertex -16.393929 8.637535 37.250000
      vertex -13.280786 -12.922408 37.250000
    endloop
  endfacet
  facet normal 0 0 0
    outer loop
      vertex -13.875355 -11.967898 37.000000
      vertex -13.280786 -12.922408 37.250000
      vertex 7.094427 -16.894530 37.000000
    endloop
  endfacet
  facet normal 0 0 0
    outer loop
      vertex 7.094427 -16.894530 37.000000
      vertex -13.280786 -12.922408 37.250000
      vertex 8.185952 -16.624022 37.250000
    endloop
  endfacet
  facet normal 0 0 0
    outer loop
      vertex 7.094427 -16.894530 37.000000
      vertex 8.185952 -16.624022 37.250000
      vertex 18.259952 1.526504 37.000000
    endloop
  endfacet
  facet normal 0 0 0
    outer loop
      vertex 18.259952 1.526504 37.000000
      vertex 8.185952 -16.624022 37.250000
      vertex 18.339983 2.648198 37.250000
    endloop
  endfacet
  facet normal 0 0 0
    outer loop
      vertex 18.259952 1.526504 37.000000
      vertex 18.339983 2.648198 37.250000
      vertex 4.190844 17.837962 37.000000
    endloop
  endfacet
  facet normal 0 0 0
    outer loop
      vertex 4.190844 17.837962 37.000000
      vertex 18.339983 2.648198 37.250000
      vertex 3.148781 18.260698 37.250000
    endloop
  endfacet
  facet normal 0 0 0
    outer loop
      vertex 4.190844 17.837962 37.000000
      vertex 3.148781 18.260698 37.250000
      vertex -15.669868 9.497963 37.000000
    endloop
  endfacet
  facet normal 0 0 0
    outer loop
      vertex -15.669868 9.497963 37.000000
      vertex 3.148781 18.260698 37.250000
      vertex -16.393929 8.637535 37.250000
    endloop
  endfacet
  facet normal 0 0 0
    outer loop
      vertex -16.393929 8.637535 37.250000
      vertex -17.079298 7.728071 37.500000
      vertex -13.280786 -12.922408 37.250000
    endloop
  endfacet
  facet normal 0 0 0
    outer loop
      vertex -13.280786 -12.922408 37.250000
      vertex -17.079298 7.728071 37.500000
      vertex -12.627625 -13.855272 37.500000
    endloop
  endfacet
  facet normal 0 0 0
    outer loop
      vertex -13.280786 -12.922408 37.250000
      vertex -12.627625 -13.855272 37.500000
      vertex 8.185952 -16.624022 37.250000
    endloop
  endfacet
  facet normal 0 0 0
    outer loop
      vertex 8.185952 -16.624022 37.250000
      vertex -12.627625 -13.855272 37.500000
      vertex 9.274996 -16.291100 37.500000
    endloop
  endfacet
  facet normal 0 0 0
    outer loop
      vertex 8.185952 -16.624022 37.250000
      vertex 9.274996 -16.291100 37.500000
      vertex 18.339983 2.648198 37.250000
    endloop
  endfacet
  facet normal 0 0 0
    outer loop
      vertex 18.339983 2.648198 37.250000
      vertex 9.274996 -16.291100 37.500000
      vertex 18.359888 3.786819 37.500000
    endloop
  endfacet
  facet normal 0 0 0
    outer loop
      vertex 18.339983 2.648198 37.250000
      vertex 18.359888 3.786819 37.500000
      vertex 3.148781 18.260698 37.250000
    endloop
  endfacet
  facet normal 0 0 0
    outer loop
      vertex 3.148781 18.260698 37.250000
      vertex 18.359888 3.786819 37.500000
      vertex 2.072039 18.631483 37.500000
    endloop
  endfacet
  facet normal 0 0 0
    outer loop
      vertex 3.148781 18.260698 37.250000
      vertex 2.072039 18.631483 37.500000
      vertex -16.393929 8.637535 37.250000
    endloop
  endfacet
  facet normal 0 0 0
    outer loop
      vertex -16.393929 8.637535 37.250000
      vertex 2.072039 18.631483 37.500000
      vertex -17.079298 7.728071 37.500000
    endloop
  endfacet
  facet normal 0 0 0
    outer loop
      vertex -17.079298 7.728071 37.500000
      vertex -17.721548 6.770104 37.750000
      vertex -12.627625 -13.855272 37.500000
    endloop
  endfacet
  facet normal 0 0 0
    outer loop
      vertex -12.627625 -13.855272 37.500000
      vertex -17.721548 6.770104 37.750000
      vertex -11.915011 -14.762117 37.750000
    endloop
  endfacet
  facet normal 0 0 0
    outer loop
      vertex -12.627625 -13.855272 37.500000
      vertex -11.915011 -14.762117 37.750000
      vertex 9.274996 -16.291100 37.500000
    endloop
  endfacet
  facet normal 0 0 0
    outer loop
      vertex 9.274996 -16.291100 37.500000
      vertex -11.915011 -14.762117 37.750000
      vertex 10.357666 -15.893594 37.750000
    endloop
  endfacet
  facet normal 0 0 0
    outer loop
      vertex 9.274996 -16.291100 37.500000
      vertex 10.357666 -15.893594 37.750000
      vertex 18.359888 3.786819 37.500000
    endloop
  endfacet
  facet normal 0 0 0
    outer loop
      vertex 18.359888 3.786819 37.500000
      vertex 10.357666 -15.893594 37.750000
      vertex 18.316401 4.939335 37.750000
    endloop
  endfacet
  facet normal 0 0 0
    outer loop
      vertex 18.359888 3.786819 37.500000
      vertex 18.316401 4.939335 37.750000
      vertex 2.072039 18.631483 37.500000
    endloop
  endfacet
  facet normal 0 0 0
    outer loop
      vertex 2.072039 18.631483 37.500000
      vertex 18.316401 4.939335 37.750000
      vertex 0.962492 18.946271 37.750000
    endloop
  endfacet
  facet normal 0 0 0
    outer loop
      vertex 2.072039 18.631483 37.500000
      vertex 0.962492 18.946271 37.750000
      vertex -17.079298 7.728071 37.500000
    endloop
  endfacet
  facet normal 0 0 0
    outer loop
      vertex -17.079298 7.728071 37.500000
      vertex 0.962492 18.946271 37.750000
      vertex -17.721548 6.770104 37.750000
    endloop
  endfacet
  facet normal 0 0 0
    outer loop
      vertex -17.721548 6.770104 37.750000
      vertex -18.316047 5.764660 38.000000
      vertex -11.915011 -14.762117 37.750000
    endloop
  endfacet
  facet normal 0 0 0
    outer loop
      vertex -11.915011 -14.762117 37.750000
      vertex -18.316047 5.764660 38.000000
      vertex -11.142488 -15.638218 38.000000
    endloop
  endfacet
  facet normal 0 0 0
    outer loop
      vertex -11.915011 -14.762117 37.750000
      vertex -11.142488 -15.638218 38.000000
      vertex 10.357666 -15.893594 37.750000
    endloop
  endfacet
  facet normal 0 0 0
    outer loop
      vertex 10.357666 -15.893594 37.750000
      vertex -11.142488 -15.638218 38.000000
      vertex 11.429611 -15.429611 38.000000
    endloop
  endfacet
  facet normal 0 0 0
    outer loop
      vertex 10.357666 -15.893594 37.750000
      vertex 11.429611 -15.429611 38.000000
      vertex 18.316401 4.939335 37.750000
    endloop
  endfacet
  facet normal 0 0 0
    outer loop
      vertex 18.316401 4.939335 37.750000
      vertex 11.429611 -15.429611 38.000000
      vertex 18.206376 6.102195 38.000000
    endloop
  endfacet
  facet normal 0 0 0
    outer loop
      vertex 18.316401 4.939335 37.750000
      vertex 18.206376 6.102195 38.000000
      vertex 0.962492 18.946271 37.750000
    endloop
  endfacet
  facet normal 0 0 0
    outer loop
      vertex 0.962492 18.946271 37.750000
      vertex 18.206376 6.102195 38.000000
      vertex -0.177452 19.200974 38.000000
    endloop
  endfacet
  facet normal 0 0 0
    outer loop
      vertex 0.962492 18.946271 37.750000
      vertex -0.177452 19.200974 38.000000
      vertex -17.721548 6.770104 37.750000
    endloop
  endfacet
  facet normal 0 0 0
    outer loop
      vertex -17.721548 6.770104 37.750000
      vertex -0.177452 19.200974 38.000000
      vertex -18.316047 5.764660 38.000000
    endloop
  endfacet
  facet normal 0 0 0
    outer loop
      vertex -18.316047 5.764660 38.000000
      vertex -18.858016 4.713301 38.250000
      vertex -11.142488 -15.638218 38.000000
    endloop
  endfacet
  facet normal 0 0 0
    outer loop
      vertex -11.142488 -15.638218 38.000000
      vertex -18.858016 4.713301 38.250000
      vertex -10.310063 -16.478549 38.250000
    endloop
  endfacet
  facet normal 0 0 0
    outer loop
      vertex -11.142488 -15.638218 38.000000
      vertex -10.310063 -16.478549 38.250000
      vertex 11.429611 -15.429611 38.000000
    endloop
  endfacet
  facet normal 0 0 0
    outer loop
      vertex 11.429611 -15.429611 38.000000
      vertex -10.310063 -16.478549 38.250000
      vertex 12.486047 -14.897604 38.250000
    endloop
  endfacet
  facet normal 0 0 0
    outer loop
      vertex 11.429611 -15.429611 38.000000
      vertex 12.486047 -14.897604 38.250000
      vertex 18.206376 6.102195 38.000000
    endloop
  endfacet
  facet normal 0 0 0
    outer loop
      vertex 18.206376 6.102195 38.000000
      vertex 12.486047 -14.897604 38.250000
      vertex 18.026864 7.271323 38.250000
    endloop
  endfacet
  facet normal 0 0 0
    outer loop
      vertex 18.206376 6.102195 38.000000
      vertex 18.026864 7.271323 38.250000
      vertex -0.177452 19.200974 38.000000
    endloop
  endfacet
  facet normal 0 0 0
    outer loop
      vertex -0.177452 19.200974 38.000000
      vertex 18.026864 7.271323 38.250000
      vertex -1.344832 19.391529 38.250000
    endloop
  endfacet
  facet normal 0 0 0
    outer loop
      vertex -0.177452 19.200974 38.000000
      vertex -1.344832 19.391529 38.250000
      vertex -18.316047 5.764660 38.000000
    endloop
  endfacet
  facet normal 0 0 0
    outer loop
      vertex -18.316047 5.764660 38.000000
      vertex -1.344832 19.391529 38.250000
      vertex -18.858016 4.713301 38.250000
    endloop
  endfacet
  facet normal 0 0 0
    outer loop
      vertex -18.858016 4.713301 38.250000
      vertex -19.342603 3.618161 38.500000
      vertex -10.310063 -16.478549 38.250000
    endloop
  endfacet
  facet normal 0 0 0
    outer loop
      vertex -10.310063 -16.478549 38.250000
      vertex -19.342603 3.618161 38.500000
      vertex -9.418268 -17.277836 38.500000
    endloop
  endfacet
  facet normal 0 0 0
    outer loop
      vertex -10.310063 -16.478549 38.250000
      vertex -9.418268 -17.277836 38.500000
      vertex 12.486047 -14.897604 38.250000
    endloop
  endfacet
  facet normal 0 0 0
    outer loop
      vertex 12.486047 -14.897604 38.250000
      vertex -9.418268 -17.277836 38.500000
      vertex 13.521793 -14.296450 38.500000
    endloop
  endfacet
  facet normal 0 0 0
    outer loop
      vertex 12.486047 -14.897604 38.250000
      vertex 13.521793 -14.296450 38.500000
      vertex 18.026864 7.271323 38.250000
    endloop
  endfacet
  facet normal 0 0 0
    outer loop
      vertex 18.026864 7.271323 38.250000
      vertex 13.521793 -14.296450 38.500000
      vertex 17.775196 8.442144 38.500000
    endloop
  endfacet
  facet normal 0 0 0
    outer loop
      vertex 18.026864 7.271323 38.250000
      vertex 17.775196 8.442144 38.500000
      vertex -1.344832 19.391529 38.250000
    endloop
  endfacet
  facet normal 0 0 0
    outer loop
      vertex -1.344832 19.391529 38.250000
      vertex 17.775196 8.442144 38.500000
      vertex -2.536118 19.513982 38.500000
    endloop
  endfacet
  facet normal 0 0 0
    outer loop
      vertex -1.344832 19.391529 38.250000
      vertex -2.536118 19.513982 38.500000
      vertex -18.858016 4.713301 38.250000
    endloop
  endfacet
  facet normal 0 0 0
    outer loop
      vertex -18.858016 4.713301 38.250000
      vertex -2.536118 19.513982 38.500000
      vertex -19.342603 3.618161 38.500000
    endloop
  endfacet
  facet normal 0 0 0
    outer loop
      vertex -19.342603 3.618161 38.500000
      vertex -19.764961 2.481972 38.750000
      vertex -9.418268 -17.277836 38.500000
    endloop
  endfacet
  facet normal 0 0 0
    outer loop
      vertex -9.418268 -17.277836 38.500000
      vertex -19.764961 2.481972 38.750000
      vertex -8.468204 -18.030624 38.750000
    endloop
  endfacet
  facet normal 0 0 0
    outer loop
      vertex -9.418268 -17.277836 38.500000
      vertex -8.468204 -18.030624 38.750000
      vertex 13.521793 -14.296450 38.500000
    endloop
  endfacet
  facet normal 0 0 0
    outer loop
      vertex 13.521793 -14.296450 38.500000
      vertex -8.468204 -18.030624 38.750000
      vertex 14.531323 -13.625510 38.750000
    endloop
  endfacet
  facet normal 0 0 0
    outer loop
      vertex 13.521793 -14.296450 38.500000
      vertex 14.531323 -13.625510 38.750000
      vertex 17.775196 8.442144 38.500000
    endloop
  endfacet
  facet normal 0 0 0
    outer loop
      vertex 17.775196 8.442144 38.500000
      vertex 14.531323 -13.625510 38.750000
      vertex 17.449056 9.609596 38.750000
    endloop
  endfacet
  facet normal 0 0 0
    outer loop
      vertex 17.775196 8.442144 38.500000
      vertex 17.449056 9.609596 38.750000
      vertex -2.536118 19.513982 38.500000
    endloop
  endfacet
  facet normal 0 0 0
    outer loop
      vertex -2.536118 19.513982 38.500000
      vertex 17.449056 9.609596 38.750000
      vertex -3.747214 19.564567 38.750000
    endloop
  endfacet
  facet normal 0 0 0
    outer loop
      vertex -2.536118 19.513982 38.500000
      vertex -3.747214 19.564567 38.750000
      vertex -19.342603 3.618161 38.500000
    endloop
  endfacet
  facet normal 0 0 0
    outer loop
      vertex -19.342603 3.618161 38.500000
      vertex -3.747214 19.564567 38.750000
      vertex -19.764961 2.481972 38.750000
    endloop
  endfacet
  facet normal 0 0 0
    outer loop
      vertex -19.764961 2.481972 38.750000
      vertex -20.120327 1.308077 39.000000
      vertex -8.468204 -18.030624 38.750000
    endloop
  endfacet
  facet normal 0 0 0
    outer loop
      vertex -8.468204 -18.030624 38.750000
      vertex -20.120327 1.308077 39.000000
      vertex -7.461579 -18.731350 39.000000
    endloop
  endfacet
  facet normal 0 0 0
    outer loop
      vertex -8.468204 -18.030624 38.750000
      vertex -7.461579 -18.731350 39.000000
      vertex 14.531323 -13.625510 38.750000
    endloop
  endfacet
  facet normal 0 0 0
    outer loop
      vertex 14.531323 -13.625510 38.750000
      vertex -7.461579 -18.731350 39.000000
      vertex 15.508818 -12.884689 39.000000
    endloop
  endfacet
  facet normal 0 0 0
    outer loop
      vertex 14.531323 -13.625510 38.750000
      vertex 15.508818 -12.884689 39.000000
      vertex 17.449056 9.609596 38.750000
    endloop
  endfacet
  facet normal 0 0 0
    outer loop
      vertex 17.449056 9.609596 38.750000
      vertex 15.508818 -12.884689 39.000000
      vertex 17.046555 10.768175 39.000000
    endloop
  endfacet
  facet normal 0 0 0
    outer loop
      vertex 17.449056 9.609596 38.750000
      vertex 17.046555 10.768175 39.000000
      vertex -3.747214 19.564567 38.750000
    endloop
  endfacet
  facet normal 0 0 0
    outer loop
      vertex -3.747214 19.564567 38.750000
      vertex 17.046555 10.768175 39.000000
      vertex -4.973468 19.539787 39.000000
    endloop
  endfacet
  facet normal 0 0 0
    outer loop
      vertex -3.747214 19.564567 38.750000
      vertex -4.973468 19.539787 39.000000
      vertex -19.764961 2.481972 38.750000
    endloop
  endfacet
  facet normal 0 0 0
    outer loop
      vertex -19.764961 2.481972 38.750000
      vertex -4.973468 19.539787 39.000000
      vertex -20.120327 1.308077 39.000000
    endloop
  endfacet
  facet normal 0 0 0
    outer loop
      vertex -20.120327 1.308077 39.000000
      vertex -20.404107 0.100436 39.250000
      vertex -7.461579 -18.731350 39.000000
    endloop
  endfacet
  facet normal 0 0 0
    outer loop
      vertex -7.461579 -18.731350 39.000000
      vertex -20.404107 0.100436 39.250000
      vertex -6.400736 -19.374423 39.250000
    endloop
  endfacet
  facet normal 0 0 0
    outer loop
      vertex -7.461579 -18.731350 39.000000
      vertex -6.400736 -19.374423 39.250000
      vertex 15.508818 -12.884689 39.000000
    endloop
  endfacet
  facet normal 0 0 0
    outer loop
      vertex 15.508818 -12.884689 39.000000
      vertex -6.400736 -19.374423 39.250000
      vertex 16.448235 -12.074487 39.250000
    endloop
  endfacet
  facet normal 0 0 0
    outer loop
      vertex 15.508818 -12.884689 39.000000
      vertex 16.448235 -12.074487 39.250000
      vertex 17.046555 10.768175 39.000000
    endloop
  endfacet
  facet normal 0 0 0
    outer loop
      vertex 17.046555 10.768175 39.000000
      vertex 16.448235 -12.074487 39.250000
      vertex 16.566304 11.911979 39.250000
    endloop
  endfacet
  facet normal 0 0 0
    outer loop
      vertex 17.046555 10.768175 39.000000
      vertex 16.566304 11.911979 39.250000
      vertex -4.973468 19.539787 39.000000
    endloop
  endfacet
  facet normal 0 0 0
    outer loop
      vertex -4.973468 19.539787 39.000000
      vertex 16.566304 11.911979 39.250000
      vertex -6.209696 19.436495 39.250000
    endloop
  endfacet
  facet normal 0 0 0
    outer loop
      vertex -4.973468 19.539787 39.000000
      vertex -6.209696 19.436495 39.250000
      vertex -20.120327 1.308077 39.000000
    endloop
  endfacet
  facet normal 0 0 0
    outer loop
      vertex -20.120327 1.308077 39.000000
      vertex -6.209696 19.436495 39.250000
      vertex -20.404107 0.100436 39.250000
    endloop
  endfacet
  facet normal 0 0 0
    outer loop
      vertex -20.404107 0.100436 39.250000
      vertex -20.611957 -1.136390 39.500000
      vertex -6.400736 -19.374423 39.250000
    endloop
  endfacet
  facet normal 0 0 0
    outer loop
      vertex -6.400736 -19.374423 39.250000
      vertex -20.611957 -1.136390 39.500000
      vertex -5.288674 -19.954300 39.500000
    endloop
  endfacet
  facet normal 0 0 0
    outer loop
      vertex -6.400736 -19.374423 39.250000
      vertex -5.288674 -19.954300 39.500000
      vertex 16.448235 -12.074487 39.250000
    endloop
  endfacet
  facet normal 0 0 0
    outer loop
      vertex 16.448235 -12.074487 39.250000
      vertex -5.288674 -19.954300 39.500000
      vertex 17.343377 -11.196046 39.500000
    endloop
  endfacet
  facet normal 0 0 0
    outer loop
      vertex 16.448235 -12.074487 39.250000
      vertex 17.343377 -11.196046 39.500000
      vertex 16.566304 11.911979 39.250000
    endloop
  endfacet
  facet normal 0 0 0
    outer loop
      vertex 16.566304 11.911979 39.250000
      vertex 17.343377 -11.196046 39.500000
      vertex 16.007471 13.034763 39.500000
    endloop
  endfacet
  facet normal 0 0 0
    outer loop
      vertex 16.566304 11.911979 39.250000
      vertex 16.007471 13.034763 39.500000
      vertex -6.209696 19.436495 39.250000
    endloop
  endfacet
  facet normal 0 0 0
    outer loop
      vertex -6.209696 19.436495 39.250000
      vertex 16.007471 13.034763 39.500000
      vertex -7.450216 19.251973 39.500000
    endloop
  endfacet
  facet normal 0 0 0
    outer loop
      vertex -6.209696 19.436495 39.250000
      vertex -7.450216 19.251973 39.500000
      vertex -20.404107 0.100436 39.250000
    endloop
  endfacet
  facet normal 0 0 0
    outer loop
      vertex -20.404107 0.100436 39.250000
      vertex -7.450216 19.251973 39.500000
      vertex -20.611957 -1.136390 39.500000
    endloop
  endfacet
  facet normal 0 0 0
    outer loop
      vertex -20.611957 -1.136390 39.500000
      vertex -20.739872 -2.397250 39.750000
      vertex -5.288674 -19.954300 39.500000
    endloop
  endfacet
  facet normal 0 0 0
    outer loop
      vertex -5.288674 -19.954300 39.500000
      vertex -20.739872 -2.397250 39.750000
      vertex -4.129053 -20.465582 39.750000
    endloop
  endfacet
  facet normal 0 0 0
    outer loop
      vertex -5.288674 -19.954300 39.500000
      vertex -4.129053 -20.465582 39.750000
      vertex 17.343377 -11.196046 39.500000
    endloop
  endfacet
  facet normal 0 0 0
    outer loop
      vertex 17.343377 -11.196046 39.500000
      vertex -4.129053 -20.465582 39.750000
      vertex 18.187977 -10.251175 39.750000
    endloop
  endfacet
  facet normal 0 0 0
    outer loop
      vertex 17.343377 -11.196046 39.500000
      vertex 18.187977 -10.251175 39.750000
      vertex 16.007471 13.034763 39.500000
    endloop
  endfacet
  facet normal 0 0 0
    outer loop
      vertex 16.007471 13.034763 39.500000
      vertex 18.187977 -10.251175 39.750000
      vertex 15.369841 14.130007 39.750000
    endloop
  endfacet
  facet normal 0 0 0
    outer loop
      vertex 16.007471 13.034763 39.500000
      vertex 15.369841 14.130007 39.750000
      vertex -7.450216 19.251973 39.500000
    endloop
  endfacet
  facet normal 0 0 0
    outer loop
      vertex -7.450216 19.251973 39.500000
      vertex 15.369841 14.130007 39.750000
      vertex -8.688893 18.984000 39.750000
    endloop
  endfacet
  facet normal 0 0 0
    outer loop
      vertex -7.450216 19.251973 39.500000
      vertex -8.688893 18.984000 39.750000
      vertex -20.611957 -1.136390 39.500000
    endloop
  endfacet
  facet normal 0 0 0
    outer loop
      vertex -20.611957 -1.136390 39.500000
      vertex -8.688893 18.984000 39.750000
      vertex -20.739872 -2.397250 39.750000
    endloop
  endfacet
  facet normal 0 0 0
    outer loop
      vertex -20.739872 -2.397250 39.750000
      vertex -20.784261 -3.676443 40.000000
      vertex -4.129053 -20.465582 39.750000
    endloop
  endfacet
  facet normal 0 0 0
    outer loop
      vertex -4.129053 -20.465582 39.750000
      vertex -20.784261 -3.676443 40.000000
      vertex -2.926185 -20.903090 40.000000
    endloop
  endfacet
  facet normal 0 0 0
    outer loop
      vertex -4.129053 -20.465582 39.750000
      vertex -2.926185 -20.903090 40.000000
      vertex 18.187977 -10.251175 39.750000
    endloop
  endfacet
  facet normal 0 0 0
    outer loop
      vertex 18.187977 -10.251175 39.750000
      vertex -2.926185 -20.903090 40.000000
      vertex 18.975779 -9.242377 40.000000
    endloop
  endfacet
  facet normal 0 0 0
    outer loop
      vertex 18.187977 -10.251175 39.750000
      vertex 18.975779 -9.242377 40.000000
      vertex 15.369841 14.130007 39.750000
    endloop
  endfacet
  facet normal 0 0 0
    outer loop
      vertex 15.369841 14.130007 39.750000
      vertex 18.975779 -9.242377 40.000000
      vertex 14.653861 15.190987 40.000000
    endloop
  endfacet
  facet normal 0 0 0
    outer loop
      vertex 15.369841 14.130007 39.750000
      vertex 14.653861 15.190987 40.000000
      vertex -8.688893 18.984000 39.750000
    endloop
  endfacet
  facet normal 0 0 0
    outer loop
      vertex -8.688893 18.984000 39.750000
      vertex 14.653861 15.190987 40.000000
      vertex -9.919195 18.630923 40.000000
    endloop
  endfacet
  facet normal 0 0 0
    outer loop
      vertex -8.688893 18.984000 39.750000
      vertex -9.919195 18.630923 40.000000
      vertex -20.739872 -2.397250 39.750000
    endloop
  endfacet
  facet normal 0 0 0
    outer loop
      vertex -20.739872 -2.397250 39.750000
      vertex -9.919195 18.630923 40.000000
      vertex -20.784261 -3.676443 40.000000
    endloop
  endfacet
  facet normal 0 0 0
    outer loop
      vertex -20.784261 -3.676443 40.000000
      vertex -20.742027 -4.967757 40.250000
      vertex -2.926185 -20.903090 40.000000
    endloop
  endfacet
  facet normal 0 0 0
    outer loop
      vertex -2.926185 -20.903090 40.000000
      vertex -20.742027 -4.967757 40.250000
      vertex -1.685021 -21.261961 40.250000
    endloop
  endfacet
  facet normal 0 0 0
    outer loop
      vertex -2.926185 -20.903090 40.000000
      vertex -1.685021 -21.261961 40.250000
      vertex 18.975779 -9.242377 40.000000
    endloop
  endfacet
  facet normal 0 0 0
    outer loop
      vertex 18.975779 -9.242377 40.000000
      vertex -1.685021 -21.261961 40.250000
      vertex 19.700626 -8.172858 40.250000
    endloop
  endfacet
  facet normal 0 0 0
    outer loop
      vertex 18.975779 -9.242377 40.000000
      vertex 19.700626 -8.172858 40.250000
      vertex 14.653861 15.190987 40.000000
    endloop
  endfacet
  facet normal 0 0 0
    outer loop
      vertex 14.653861 15.190987 40.000000
      vertex 19.700626 -8.172858 40.250000
      vertex 13.860678 16.210857 40.250000
    endloop
  endfacet
  facet normal 0 0 0
    outer loop
      vertex 14.653861 15.190987 40.000000
      vertex 13.860678 16.210857 40.250000
      vertex -9.919195 18.630923 40.000000
    endloop
  endfacet
  facet normal 0 0 0
    outer loop
      vertex -9.919195 18.630923 40.000000
      vertex 13.860678 16.210857 40.250000
      vertex -11.134256 18.191718 40.250000
    endloop
  endfacet
  facet normal 0 0 0
    outer loop
      vertex -9.919195 18.630923 40.000000
      vertex -11.134256 18.191718 40.250000
      vertex -20.784261 -3.676443 40.000000
    endloop
  endfacet
  facet normal 0 0 0
    outer loop
      vertex -20.784261 -3.676443 40.000000
      vertex -11.134256 18.191718 40.250000
      vertex -20.742027 -4.967757 40.250000
    endloop
  endfacet
  facet normal 0 0 0
    outer loop
      vertex -20.742027 -4.967757 40.250000
      vertex -20.610637 -6.264523 40.500000
      vertex -1.685021 -21.261961 40.250000
    endloop
  endfacet
  facet normal 0 0 0
    outer loop
      vertex -1.685021 -21.261961 40.250000
      vertex -20.610637 -6.264523 40.500000
      vertex -0.411122 -21.537725 40.500000
    endloop
  endfacet
  facet normal 0 0 0
    outer loop
      vertex -1.685021 -21.261961 40.250000
      vertex -0.411122 -21.537725 40.500000
      vertex 19.700626 -8.172858 40.250000
    endloop
  endfacet
  facet normal 0 0 0
    outer loop
      vertex 19.700626 -8.172858 40.250000
      vertex -0.411122 -21.537725 40.500000
      vertex 20.356550 -7.046523 40.500000
    endloop
  endfacet
  facet normal 0 0 0
    outer loop
      vertex 19.700626 -8.172858 40.250000
      vertex 20.356550 -7.046523 40.500000
      vertex 13.860678 16.210857 40.250000
    endloop
  endfacet
  facet normal 0 0 0
    outer loop
      vertex 13.860678 16.210857 40.250000
      vertex 20.356550 -7.046523 40.500000
      vertex 12.992162 17.182734 40.500000
    endloop
  endfacet
  facet normal 0 0 0
    outer loop
      vertex 13.860678 16.210857 40.250000
      vertex 12.992162 17.182734 40.500000
      vertex -11.134256 18.191718 40.250000
    endloop
  endfacet
  facet normal 0 0 0
    outer loop
      vertex -11.134256 18.191718 40.250000
      vertex 12.992162 17.182734 40.500000
      vertex -12.326952 17.666037 40.500000
    endloop
  endfacet
  facet normal 0 0 0
    outer loop
      vertex -11.134256 18.191718 40.250000
      vertex -12.326952 17.666037 40.500000
      vertex -20.742027 -4.967757 40.250000
    endloop
  endfacet
  facet normal 0 0 0
    outer loop
      vertex -20.742027 -4.967757 40.250000
      vertex -12.326952 17.666037 40.500000
      vertex -20.610637 -6.264523 40.500000
    endloop
  endfacet
  facet normal 0 0 0
    outer loop
      vertex -20.610637 -6.264523 40.500000
      vertex -20.388189 -7.559681 40.750000
      vertex -0.411122 -21.537725 40.500000
    endloop
  endfacet
  facet normal 0 0 0
    outer loop
      vertex -0.411122 -21.537725 40.500000
      vertex -20.388189 -7.559681 40.750000
      vertex 0.889387 -21.726390 40.750000
    endloop
  endfacet
  facet normal 0 0 0
    outer loop
      vertex -0.411122 -21.537725 40.500000
      vertex 0.889387 -21.726390 40.750000
      vertex 20.356550 -7.046523 40.500000
    endloop
  endfacet
  facet normal 0 0 0
    outer loop
      vertex 20.356550 -7.046523 40.500000
      vertex 0.889387 -21.726390 40.750000
      vertex 20.937860 -5.867967 40.750000
    endloop
  endfacet
  facet normal 0 0 0
    outer loop
      vertex 20.356550 -7.046523 40.500000
      vertex 20.937860 -5.867967 40.750000
      vertex 12.992162 17.182734 40.500000
    endloop
  endfacet
  facet normal 0 0 0
    outer loop
      vertex 12.992162 17.182734 40.500000
      vertex 20.937860 -5.867967 40.750000
      vertex 12.050922 18.099787 40.750000
    endloop
  endfacet
  facet normal 0 0 0
    outer loop
      vertex 12.992162 17.182734 40.500000
      vertex 12.050922 18.099787 40.750000
      vertex -12.326952 17.666037 40.500000
    endloop
  endfacet
  facet normal 0 0 0
    outer loop
      vertex -12.326952 17.666037 40.500000
      vertex 12.050922 18.099787 40.750000
      vertex -13.489980 17.054250 40.750000
    endloop
  endfacet
  facet normal 0 0 0
    outer loop
      vertex -12.326952 17.666037 40.500000
      vertex -13.489980 17.054250 40.750000
      vertex -20.610637 -6.264523 40.500000
    endloop
  endfacet
  facet normal 0 0 0
    outer loop
      vertex -20.610637 -6.264523 40.500000
      vertex -13.489980 17.054250 40.750000
      vertex -20.388189 -7.559681 40.750000
    endloop
  endfacet
  facet normal 0 0 0
    outer loop
      vertex -20.388189 -7.559681 40.750000
      vertex -20.073463 -8.845850 41.000000
      vertex 0.889387 -21.726390 40.750000
    endloop
  endfacet
  facet normal 0 0 0
    outer loop
      vertex 0.889387 -21.726390 40.750000
      vertex -20.073463 -8.845850 41.000000
      vertex 2.209862 -21.824516 41.000000
    endloop
  endfacet
  facet normal 0 0 0
    outer loop
      vertex 0.889387 -21.726390 40.750000
      vertex 2.209862 -21.824516 41.000000
      vertex 20.937860 -5.867967 40.750000
    endloop
  endfacet
  facet normal 0 0 0
    outer loop
      vertex 20.937860 -5.867967 40.750000
      vertex 2.209862 -21.824516 41.000000
      vertex 21.439233 -4.642442 41.000000
    endloop
  endfacet
  facet normal 0 0 0
    outer loop
      vertex 20.937860 -5.867967 40.750000
      vertex 21.439233 -4.642442 41.000000
      vertex 12.050922 18.099787 40.750000
    endloop
  endfacet
  facet normal 0 0 0
    outer loop
      vertex 12.050922 18.099787 40.750000
      vertex 21.439233 -4.642442 41.000000
      vertex 11.040312 18.955328 41.000000
    endloop
  endfacet
  facet normal 0 0 0
    outer loop
      vertex 12.050922 18.099787 40.750000
      vertex 11.040312 18.955328 41.000000
      vertex -13.489980 17.054250 40.750000
    endloop
  endfacet
  facet normal 0 0 0
    outer loop
      vertex -13.489980 17.054250 40.750000
      vertex 11.040312 18.955328 41.000000
      vertex -14.615945 16.357480 41.000000
    endloop
  endfacet
  facet normal 0 0 0
    outer loop
      vertex -13.489980 17.054250 40.750000
      vertex -14.615945 16.357480 41.000000
      vertex -20.388189 -7.559681 40.750000
    endloop
  endfacet
  facet normal 0 0 0
    outer loop
      vertex -20.388189 -7.559681 40.750000
      vertex -14.615945 16.357480 41.000000
      vertex -20.073463 -8.845850 41.000000
    endloop
  endfacet
  facet normal 0 0 0
    outer loop
      vertex -20.073463 -8.845850 41.000000
      vertex -19.665972 -10.115411 41.250000
      vertex 2.209862 -21.824516 41.000000
    endloop
  endfacet
  facet normal 0 0 0
    outer loop
      vertex 2.209862 -21.824516 41.000000
      vertex -19.665972 -10.115411 41.250000
      vertex 3.543208 -21.829284 41.250000
    endloop
  endfacet
  facet normal 0 0 0
    outer loop
      vertex 2.209862 -21.824516 41.000000
      vertex 3.543208 -21.829284 41.250000
      vertex 21.439233 -4.642442 41.000000
    endloop
  endfacet
  facet normal 0 0 0
    outer loop
      vertex 21.439233 -4.642442 41.000000
      vertex 3.543208 -21.829284 41.250000
      vertex 21.855794 -3.375829 41.250000
    endloop
  endfacet
  facet normal 0 0 0
    outer loop
      vertex 21.439233 -4.642442 41.000000
      vertex 21.855794 -3.375829 41.250000
      vertex 11.040312 18.955328 41.000000
    endloop
  endfacet
  facet normal 0 0 0
    outer loop
      vertex 11.040312 18.955328 41.000000
      vertex 21.855794 -3.375829 41.250000
      vertex 9.964416 19.742907 41.250000
    endloop
  endfacet
  facet normal 0 0 0
    outer loop
      vertex 11.040312 18.955328 41.000000
      vertex 9.964416 19.742907 41.250000
      vertex -14.615945 16.357480 41.000000
    endloop
  endfacet
  facet normal 0 0 0
    outer loop
      vertex -14.615945 16.357480 41.000000
      vertex 9.964416 19.742907 41.250000
      vertex -15.697447 15.577617 41.250000
    endloop
  endfacet
  facet normal 0 0 0
    outer loop
      vertex -14.615945 16.357480 41.000000
      vertex -15.697447 15.577617 41.250000
      vertex -20.073463 -8.845850 41.000000
    endloop
  endfacet
  facet normal 0 0 0
    outer loop
      vertex -20.073463 -8.845850 41.000000
      vertex -15.697447 15.577617 41.250000
      vertex -19.665972 -10.115411 41.250000
    endloop
  endfacet
  facet normal 0 0 0
    outer loop
      vertex -19.665972 -10.115411 41.250000
      vertex -19.165993 -11.360588 41.500000
      vertex 3.543208 -21.829284 41.250000
    endloop
  endfacet
  facet normal 0 0 0
    outer loop
      vertex 3.543208 -21.829284 41.250000
      vertex -19.165993 -11.360588 41.500000
      vertex 4.881943 -21.738558 41.500000
    endloop
  endfacet
  facet normal 0 0 0
    outer loop
      vertex 3.543208 -21.829284 41.250000
      vertex 4.881943 -21.738558 41.500000
      vertex 21.855794 -3.375829 41.250000
    endloop
  endfacet
  facet normal 0 0 0
    outer loop
      vertex 21.855794 -3.375829 41.250000
      vertex 4.881943 -21.738558 41.500000
      vertex 22.183200 -2.074580 41.500000
    endloop
  endfacet
  facet normal 0 0 0
    outer loop
      vertex 21.855794 -3.375829 41.250000
      vertex 22.183200 -2.074580 41.500000
      vertex 9.964416 19.742907 41.250000
    endloop
  endfacet
  facet normal 0 0 0
    outer loop
      vertex 9.964416 19.742907 41.250000
      vertex 22.183200 -2.074580 41.500000
      vertex 8.828028 20.456397 41.500000
    endloop
  endfacet
  facet normal 0 0 0
    outer loop
      vertex 9.964416 19.742907 41.250000
      vertex 8.828028 20.456397 41.500000
      vertex -15.697447 15.577617 41.250000
    endloop
  endfacet
  facet normal 0 0 0
    outer loop
      vertex -15.697447 15.577617 41.250000
      vertex 8.828028 20.456397 41.500000
      vertex -16.727179 14.717328 41.500000
    endloop
  endfacet
  facet normal 0 0 0
    outer loop
      vertex -15.697447 15.577617 41.250000
      vertex -16.727179 14.717328 41.500000
      vertex -19.665972 -10.115411 41.250000
    endloop
  endfacet
  facet normal 0 0 0
    outer loop
      vertex -19.665972 -10.115411 41.250000
      vertex -16.727179 14.717328 41.500000
      vertex -19.165993 -11.360588 41.500000
    endloop
  endfacet
  facet normal 0 0 0
    outer loop
      vertex -19.165993 -11.360588 41.500000
      vertex -18.574598 -12.573544 41.750000
      vertex 4.881943 -21.738558 41.500000
    endloop
  endfacet
  facet normal 0 0 0
    outer loop
      vertex 4.881943 -21.738558 41.500000
      vertex -18.574598 -12.573544 41.750000
      vertex 6.218285 -21.550932 41.750000
    endloop
  endfacet
  facet normal 0 0 0
    outer loop
      vertex 4.881943 -21.738558 41.500000
      vertex 6.218285 -21.550932 41.750000
      vertex 22.183200 -2.074580 41.500000
    endloop
  endfacet
  facet normal 0 0 0
    outer loop
      vertex 22.183200 -2.074580 41.500000
      vertex 6.218285 -21.550932 41.750000
      vertex 22.417710 -0.745664 41.750000
    endloop
  endfacet
  facet normal 0 0 0
    outer loop
      vertex 22.183200 -2.074580 41.500000
      vertex 22.417710 -0.745664 41.750000
      vertex 8.828028 20.456397 41.500000
    endloop
  endfacet
  facet normal 0 0 0
    outer loop
      vertex 8.828028 20.456397 41.500000
      vertex 22.417710 -0.745664 41.750000
      vertex 7.636622 21.090086 41.750000
    endloop
  endfacet
  facet normal 0 0 0
    outer loop
      vertex 8.828028 20.456397 41.500000
      vertex 7.636622 21.090086 41.750000
      vertex -16.727179 14.717328 41.500000
    endloop
  endfacet
  facet normal 0 0 0
    outer loop
      vertex -16.727179 14.717328 41.500000
      vertex 7.636622 21.090086 41.750000
      vertex -17.698018 13.780054 41.750000
    endloop
  endfacet
  facet normal 0 0 0
    outer loop
      vertex -16.727179 14.717328 41.500000
      vertex -17.698018 13.780054 41.750000
      vertex -19.165993 -11.360588 41.500000
    endloop
  endfacet
  facet normal 0 0 0
    outer loop
      vertex -19.165993 -11.360588 41.500000
      vertex -17.698018 13.780054 41.750000
      vertex -18.574598 -12.573544 41.750000
    endloop
  endfacet
  facet normal 0 0 0
    outer loop
      vertex -18.574598 -12.573544 41.750000
      vertex -17.893659 -13.746475 42.000000
      vertex 6.218285 -21.550932 41.750000
    endloop
  endfacet
  facet normal 0 0 0
    outer loop
      vertex 6.218285 -21.550932 41.750000
      vertex -17.893659 -13.746475 42.000000
      vertex 7.544230 -21.265775 42.000000
    endloop
  endfacet
  facet normal 0 0 0
    outer loop
      vertex 6.218285 -21.550932 41.750000
      vertex 7.544230 -21.265775 42.000000
      vertex 22.417710 -0.745664 41.750000
    endloop
  endfacet
  facet normal 0 0 0
    outer loop
      vertex 22.417710 -0.745664 41.750000
      vertex 7.544230 -21.265775 42.000000
      vertex 22.556249 0.603503 42.000000
    endloop
  endfacet
  facet normal 0 0 0
    outer loop
      vertex 22.417710 -0.745664 41.750000
      vertex 22.556249 0.603503 42.000000
      vertex 7.636622 21.090086 41.750000
    endloop
  endfacet
  facet normal 0 0 0
    outer loop
      vertex 7.636622 21.090086 41.750000
      vertex 22.556249 0.603503 42.000000
      vertex 6.396299 21.638761 42.000000
    endloop
  endfacet
  facet normal 0 0 0
    outer loop
      vertex 7.636622 21.090086 41.750000
      vertex 6.396299 21.638761 42.000000
      vertex -17.698018 13.780054 41.750000
    endloop
  endfacet
  facet normal 0 0 0
    outer loop
      vertex -17.698018 13.780054 41.750000
      vertex 6.396299 21.638761 42.000000
      vertex -18.603119 12.769987 42.000000
    endloop
  endfacet
  facet normal 0 0 0
    outer loop
      vertex -17.698018 13.780054 41.750000
      vertex -18.603119 12.769987 42.000000
      vertex -18.574598 -12.573544 41.750000
    endloop
  endfacet
  facet normal 0 0 0
    outer loop
      vertex -18.574598 -12.573544 41.750000
      vertex -18.603119 12.769987 42.000000
      vertex -17.893659 -13.746475 42.000000
    endloop
  endfacet
  facet normal 0 0 0
    outer loop
      vertex -17.893659 -13.746475 42.000000
      vertex -17.125853 -14.871700 42.250000
      vertex 7.544230 -21.265775 42.000000
    endloop
  endfacet
  facet normal 0 0 0
    outer loop
      vertex 7.544230 -21.265775 42.000000
      vertex -17.125853 -14.871700 42.250000
      vertex 8.851647 -20.883262 42.250000
    endloop
  endfacet
  facet normal 0 0 0
    outer loop
      vertex 7.544230 -21.265775 42.000000
      vertex 8.851647 -20.883262 42.250000
      vertex 22.556249 0.603503 42.000000
    endloop
  endfacet
  facet normal 0 0 0
    outer loop
      vertex 22.556249 0.603503 42.000000
      vertex 8.851647 -20.883262 42.250000
      vertex 22.596472 1.965134 42.250000
    endloop
  endfacet
  facet normal 0 0 0
    outer loop
      vertex 22.556249 0.603503 42.000000
      vertex 22.596472 1.965134 42.250000
      vertex 6.396299 21.638761 42.000000
    endloop
  endfacet
  facet normal 0 0 0
    outer loop
      vertex 6.396299 21.638761 42.000000
      vertex 22.596472 1.965134 42.250000
      vertex 5.113740 22.097781 42.250000
    endloop
  endfacet
  facet normal 0 0 0
    outer loop
      vertex 6.396299 21.638761 42.000000
      vertex 5.113740 22.097781 42.250000
      vertex -18.603119 12.769987 42.000000
    endloop
  endfacet
  facet normal 0 0 0
    outer loop
      vertex -18.603119 12.769987 42.000000
      vertex 5.113740 22.097781 42.250000
      vertex -19.436006 11.692046 42.250000
    endloop
  endfacet
  facet normal 0 0 0
    outer loop
      vertex -18.603119 12.769987 42.000000
      vertex -19.436006 11.692046 42.250000
      vertex -17.893659 -13.746475 42.000000
    endloop
  endfacet
  facet normal 0 0 0
    outer loop
      vertex -17.893659 -13.746475 42.000000
      vertex -19.436006 11.692046 42.250000
      vertex -17.125853 -14.871700 42.250000
    endloop
  endfacet
  facet normal 0 0 0
    outer loop
      vertex -17.125853 -14.871700 42.250000
      vertex -16.274647 -15.941762 42.500000
      vertex 8.851647 -20.883262 42.250000
    endloop
  endfacet
  facet normal 0 0 0
    outer loop
      vertex 8.851647 -20.883262 42.250000
      vertex -16.274647 -15.941762 42.500000
      vertex 10.132375 -20.404385 42.500000
    endloop
  endfacet
  facet normal 0 0 0
    outer loop
      vertex 8.851647 -20.883262 42.250000
      vertex 10.132375 -20.404385 42.500000
      vertex 22.596472 1.965134 42.250000
    endloop
  endfacet
  facet normal 0 0 0
    outer loop
      vertex 22.596472 1.965134 42.250000
      vertex 10.132375 -20.404385 42.500000
      vertex 22.536799 3.331159 42.500000
    endloop
  endfacet
  facet normal 0 0 0
    outer loop
      vertex 22.596472 1.965134 42.250000
      vertex 22.536799 3.331159 42.500000
      vertex 5.113740 22.097781 42.250000
    endloop
  endfacet
  facet normal 0 0 0
    outer loop
      vertex 5.113740 22.097781 42.250000
      vertex 22.536799 3.331159 42.500000
      vertex 3.796133 22.463154 42.500000
    endloop
  endfacet
  facet normal 0 0 0
    outer loop
      vertex 5.113740 22.097781 42.250000
      vertex 3.796133 22.463154 42.500000
      vertex -19.436006 11.692046 42.250000
    endloop
  endfacet
  facet normal 0 0 0
    outer loop
      vertex -19.436006 11.692046 42.250000
      vertex 3.796133 22.463154 42.500000
      vertex -20.190660 10.551834 42.500000
    endloop
  endfacet
  facet normal 0 0 0
    outer loop
      vertex -19.436006 11.692046 42.250000
      vertex -20.190660 10.551834 42.500000
      vertex -17.125853 -14.871700 42.250000
    endloop
  endfacet
  facet normal 0 0 0
    outer loop
      vertex -17.125853 -14.871700 42.250000
      vertex -20.190660 10.551834 42.500000
      vertex -16.274647 -15.941762 42.500000
    endloop
  endfacet
  facet normal 0 0 0
    outer loop
      vertex -16.274647 -15.941762 42.500000
      vertex -15.344277 -16.949523 42.750000
      vertex 10.132375 -20.404385 42.500000
    endloop
  endfacet
  facet normal 0 0 0
    outer loop
      vertex 10.132375 -20.404385 42.500000
      vertex -15.344277 -16.949523 42.750000
      vertex 11.378312 -19.830965 42.750000
    endloop
  endfacet
  facet normal 0 0 0
    outer loop
      vertex 10.132375 -20.404385 42.500000
      vertex 11.378312 -19.830965 42.750000
      vertex 22.536799 3.331159 42.500000
    endloop
  endfacet
  facet normal 0 0 0
    outer loop
      vertex 22.536799 3.331159 42.500000
      vertex 11.378312 -19.830965 42.750000
      vertex 22.376460 4.693312 42.750000
    endloop
  endfacet
  facet normal 0 0 0
    outer loop
      vertex 22.536799 3.331159 42.500000
      vertex 22.376460 4.693312 42.750000
      vertex 3.796133 22.463154 42.500000
    endloop
  endfacet
  facet normal 0 0 0
    outer loop
      vertex 3.796133 22.463154 42.500000
      vertex 22.376460 4.693312 42.750000
      vertex 2.451101 22.731591 42.750000
    endloop
  endfacet
  facet normal 0 0 0
    outer loop
      vertex 3.796133 22.463154 42.500000
      vertex 2.451101 22.731591 42.750000
      vertex -20.190660 10.551834 42.500000
    endloop
  endfacet
  facet normal 0 0 0
    outer loop
      vertex -20.190660 10.551834 42.500000
      vertex 2.451101 22.731591 42.750000
      vertex -20.861596 9.355584 42.750000
    endloop
  endfacet
  facet normal 0 0 0
    outer loop
      vertex -20.190660 10.551834 42.500000
      vertex -20.861596 9.355584 42.750000
      vertex -16.274647 -15.941762 42.500000
    endloop
  endfacet
  facet normal 0 0 0
    outer loop
      vertex -16.274647 -15.941762 42.500000
      vertex -20.861596 9.355584 42.750000
      vertex -15.344277 -16.949523 42.750000
    endloop
  endfacet
  facet normal 0 0 0
    outer loop
      vertex -15.344277 -16.949523 42.750000
      vertex -14.339706 -17.888246 43.000000
      vertex 11.378312 -19.830965 42.750000
    endloop
  endfacet
  facet normal 0 0 0
    outer loop
      vertex 11.378312 -19.830965 42.750000
      vertex -14.339706 -17.888246 43.000000
      vertex 12.581520 -19.165643 43.000000
    endloop
  endfacet
  facet normal 0 0 0
    outer loop
      vertex 11.378312 -19.830965 42.750000
      vertex 12.581520 -19.165643 43.000000
      vertex 22.376460 4.693312 42.750000
    endloop
  endfacet
  facet normal 0 0 0
    outer loop
      vertex 22.376460 4.693312 42.750000
      vertex 12.581520 -19.165643 43.000000
      vertex 22.115513 6.043227 43.000000
    endloop
  endfacet
  facet normal 0 0 0
    outer loop
      vertex 22.376460 4.693312 42.750000
      vertex 22.115513 6.043227 43.000000
      vertex 2.451101 22.731591 42.750000
    endloop
  endfacet
  facet normal 0 0 0
    outer loop
      vertex 2.451101 22.731591 42.750000
      vertex 22.115513 6.043227 43.000000
      vertex 1.086619 22.900563 43.000000
    endloop
  endfacet
  facet normal 0 0 0
    outer loop
      vertex 2.451101 22.731591 42.750000
      vertex 1.086619 22.900563 43.000000
      vertex -20.861596 9.355584 42.750000
    endloop
  endfacet
  facet normal 0 0 0
    outer loop
      vertex -20.861596 9.355584 42.750000
      vertex 1.086619 22.900563 43.000000
      vertex -21.443946 8.110099 43.000000
    endloop
  endfacet
  facet normal 0 0 0
    outer loop
      vertex -20.861596 9.355584 42.750000
      vertex -21.443946 8.110099 43.000000
      vertex -15.344277 -16.949523 42.750000
    endloop
  endfacet
  facet normal 0 0 0
    outer loop
      vertex -15.344277 -16.949523 42.750000
      vertex -21.443946 8.110099 43.000000
      vertex -14.339706 -17.888246 43.000000
    endloop
  endfacet
  facet normal 0 0 0
    outer loop
      vertex -14.339706 -17.888246 43.000000
      vertex -13.266581 -18.751689 43.250000
      vertex 12.581520 -19.165643 43.000000
    endloop
  endfacet
  facet normal 0 0 0
    outer loop
      vertex 12.581520 -19.165643 43.000000
      vertex -13.266581 -18.751689 43.250000
      vertex 13.734317 -18.411859 43.250000
    endloop
  endfacet
  facet normal 0 0 0
    outer loop
      vertex 12.581520 -19.165643 43.000000
      vertex 13.734317 -18.411859 43.250000
      vertex 22.115513 6.043227 43.000000
    endloop
  endfacet
  facet normal 0 0 0
    outer loop
      vertex 22.115513 6.043227 43.000000
      vertex 13.734317 -18.411859 43.250000
      vertex 21.754856 7.372534 43.250000
    endloop
  endfacet
  facet normal 0 0 0
    outer loop
      vertex 22.115513 6.043227 43.000000
      vertex 21.754856 7.372534 43.250000
      vertex 1.086619 22.900563 43.000000
    endloop
  endfacet
  facet normal 0 0 0
    outer loop
      vertex 1.086619 22.900563 43.000000
      vertex 21.754856 7.372534 43.250000
      vertex -0.289077 22.968336 43.250000
    endloop
  endfacet
  facet normal 0 0 0
    outer loop
      vertex 1.086619 22.900563 43.000000
      vertex -0.289077 22.968336 43.250000
      vertex -21.443946 8.110099 43.000000
    endloop
  endfacet
  facet normal 0 0 0
    outer loop
      vertex -21.443946 8.110099 43.000000
      vertex -0.289077 22.968336 43.250000
      vertex -21.933515 6.822678 43.250000
    endloop
  endfacet
  facet normal 0 0 0
    outer loop
      vertex -21.443946 8.110099 43.000000
      vertex -21.933515 6.822678 43.250000
      vertex -14.339706 -17.888246 43.000000
    endloop
  endfacet
  facet normal 0 0 0
    outer loop
      vertex -14.339706 -17.888246 43.000000
      vertex -21.933515 6.822678 43.250000
      vertex -13.266581 -18.751689 43.250000
    endloop
  endfacet
  facet normal 0 0 0
    outer loop
      vertex -13.266581 -18.751689 43.250000
      vertex -12.131171 -19.534179 43.500000
      vertex 13.734317 -18.411859 43.250000
    endloop
  endfacet
  facet normal 0 0 0
    outer loop
      vertex 13.734317 -18.411859 43.250000
      vertex -12.131171 -19.534179 43.500000
      vertex 14.829370 -17.573823 43.500000
    endloop
  endfacet
  facet normal 0 0 0
    outer loop
      vertex 13.734317 -18.411859 43.250000
      vertex 14.829370 -17.573823 43.500000
      vertex 21.754856 7.372534 43.250000
    endloop
  endfacet
  facet normal 0 0 0
    outer loop
      vertex 21.754856 7.372534 43.250000
      vertex 14.829370 -17.573823 43.500000
      vertex 21.296226 8.672959 43.500000
    endloop
  endfacet
  facet normal 0 0 0
    outer loop
      vertex 21.754856 7.372534 43.250000
      vertex 21.296226 8.672959 43.500000
      vertex -0.289077 22.968336 43.250000
    endloop
  endfacet
  facet normal 0 0 0
    outer loop
      vertex -0.289077 22.968336 43.250000
      vertex 21.296226 8.672959 43.500000
      vertex -1.667578 22.934006 43.500000
    endloop
  endfacet
  facet normal 0 0 0
    outer loop
      vertex -0.289077 22.968336 43.250000
      vertex -1.667578 22.934006 43.500000
      vertex -21.933515 6.822678 43.250000
    endloop
  endfacet
  facet normal 0 0 0
    outer loop
      vertex -21.933515 6.822678 43.250000
      vertex -1.667578 22.934006 43.500000
      vertex -22.326846 5.501037 43.500000
    endloop
  endfacet
  facet normal 0 0 0
    outer loop
      vertex -21.933515 6.822678 43.250000
      vertex -22.326846 5.501037 43.500000
      vertex -13.266581 -18.751689 43.250000
    endloop
  endfacet
  facet normal 0 0 0
    outer loop
      vertex -13.266581 -18.751689 43.250000
      vertex -22.326846 5.501037 43.500000
      vertex -12.131171 -19.534179 43.500000
    endloop
  endfacet
  facet normal 0 0 0
    outer loop
      vertex -12.131171 -19.534179 43.500000
      vertex -10.940300 -20.230681 43.750000
      vertex 14.829370 -17.573823 43.500000
    endloop
  endfacet
  facet normal 0 0 0
    outer loop
      vertex 14.829370 -17.573823 43.500000
      vertex -10.940300 -20.230681 43.750000
      vertex 15.859782 -16.656468 43.750000
    endloop
  endfacet
  facet normal 0 0 0
    outer loop
      vertex 14.829370 -17.573823 43.500000
      vertex 15.859782 -16.656468 43.750000
      vertex 21.296226 8.672959 43.500000
    endloop
  endfacet
  facet normal 0 0 0
    outer loop
      vertex 21.296226 8.672959 43.500000
      vertex 15.859782 -16.656468 43.750000
      vertex 20.742185 9.936418 43.750000
    endloop
  endfacet
  facet normal 0 0 0
    outer loop
      vertex 21.296226 8.672959 43.500000
      vertex 20.742185 9.936418 43.750000
      vertex -1.667578 22.934006 43.500000
    endloop
  endfacet
  facet normal 0 0 0
    outer loop
      vertex -1.667578 22.934006 43.500000
      vertex 20.742185 9.936418 43.750000
      vertex -3.040407 22.797512 43.750000
    endloop
  endfacet
  facet normal 0 0 0
    outer loop
      vertex -1.667578 22.934006 43.500000
      vertex -3.040407 22.797512 43.750000
      vertex -22.326846 5.501037 43.500000
    endloop
  endfacet
  facet normal 0 0 0
    outer loop
      vertex -22.326846 5.501037 43.500000
      vertex -3.040407 22.797512 43.750000
      vertex -22.621260 4.153220 43.750000
    endloop
  endfacet
  facet normal 0 0 0
    outer loop
      vertex -22.326846 5.501037 43.500000
      vertex -22.621260 4.153220 43.750000
      vertex -12.131171 -19.534179 43.500000
    endloop
  endfacet
  facet normal 0 0 0
    outer loop
      vertex -12.131171 -19.534179 43.500000
      vertex -22.621260 4.153220 43.750000
      vertex -10.940300 -20.230681 43.750000
    endloop
  endfacet
  facet normal 0 0 0
    outer loop
      vertex -10.940300 -20.230681 43.750000
      vertex -9.701269 -20.836865 44.000000
      vertex 15.859782 -16.656468 43.750000
    endloop
  endfacet
  facet normal 0 0 0
    outer loop
      vertex 15.859782 -16.656468 43.750000
      vertex -9.701269 -20.836865 44.000000
      vertex 16.819179 -15.665400 44.000000
    endloop
  endfacet
  facet normal 0 0 0
    outer loop
      vertex 15.859782 -16.656468 43.750000
      vertex 16.819179 -15.665400 44.000000
      vertex 20.742185 9.936418 43.750000
    endloop
  endfacet
  facet normal 0 0 0
    outer loop
      vertex 20.742185 9.936418 43.750000
      vertex 16.819179 -15.665400 44.000000
      vertex 20.096093 11.155115 44.000000
    endloop
  endfacet
  facet normal 0 0 0
    outer loop
      vertex 20.742185 9.936418 43.750000
      vertex 20.096093 11.155115 44.000000
      vertex -3.040407 22.797512 43.750000
    endloop
  endfacet
  facet normal 0 0 0
    outer loop
      vertex -3.040407 22.797512 43.750000
      vertex 20.096093 11.155115 44.000000
      vertex -4.399111 22.559640 44.000000
    endloop
  endfacet
  facet normal 0 0 0
    outer loop
      vertex -3.040407 22.797512 43.750000
      vertex -4.399111 22.559640 44.000000
      vertex -22.621260 4.153220 43.750000
    endloop
  endfacet
  facet normal 0 0 0
    outer loop
      vertex -22.621260 4.153220 43.750000
      vertex -4.399111 22.559640 44.000000
      vertex -22.814893 2.787509 44.000000
    endloop
  endfacet
  facet normal 0 0 0
    outer loop
      vertex -22.621260 4.153220 43.750000
      vertex -22.814893 2.787509 44.000000
      vertex -10.940300 -20.230681 43.750000
    endloop
  endfacet
  facet normal 0 0 0
    outer loop
      vertex -10.940300 -20.230681 43.750000
      vertex -22.814893 2.787509 44.000000
      vertex -9.701269 -20.836865 44.000000
    endloop
  endfacet
  facet normal 0 0 0
    outer loop
      vertex -9.701269 -20.836865 44.000000
      vertex -8.421770 -21.349149 44.250000
      vertex 16.819179 -15.665400 44.000000
    endloop
  endfacet
  facet normal 0 0 0
    outer loop
      vertex 16.819179 -15.665400 44.000000
      vertex -8.421770 -21.349149 44.250000
      vertex 17.701777 -14.606829 44.250000
    endloop
  endfacet
  facet normal 0 0 0
    outer loop
      vertex 16.819179 -15.665400 44.000000
      vertex 17.701777 -14.606829 44.250000
      vertex 20.096093 11.155115 44.000000
    endloop
  endfacet
  facet normal 0 0 0
    outer loop
      vertex 20.096093 11.155115 44.000000
      vertex 17.701777 -14.606829 44.250000
      vertex 19.362070 12.321632 44.250000
    endloop
  endfacet
  facet normal 0 0 0
    outer loop
      vertex 20.096093 11.155115 44.000000
      vertex 19.362070 12.321632 44.250000
      vertex -4.399111 22.559640 44.000000
    endloop
  endfacet
  facet normal 0 0 0
    outer loop
      vertex -4.399111 22.559640 44.000000
      vertex 19.362070 12.321632 44.250000
      vertex -5.735360 22.222017 44.250000
    endloop
  endfacet
  facet normal 0 0 0
    outer loop
      vertex -4.399111 22.559640 44.000000
      vertex -5.735360 22.222017 44.250000
      vertex -22.814893 2.787509 44.000000
    endloop
  endfacet
  facet normal 0 0 0
    outer loop
      vertex -22.814893 2.787509 44.000000
      vertex -5.735360 22.222017 44.250000
      vertex -22.906717 1.412329 44.250000
    endloop
  endfacet
  facet normal 0 0 0
    outer loop
      vertex -22.814893 2.787509 44.000000
      vertex -22.906717 1.412329 44.250000
      vertex -9.701269 -20.836865 44.000000
    endloop
  endfacet
  facet normal 0 0 0
    outer loop
      vertex -9.701269 -20.836865 44.000000
      vertex -22.906717 1.412329 44.250000
      vertex -8.421770 -21.349149 44.250000
    endloop
  endfacet
  facet normal 0 0 0
    outer loop
      vertex -8.421770 -21.349149 44.250000
      vertex -7.109800 -21.764746 44.500000
      vertex 17.701777 -14.606829 44.250000
    endloop
  endfacet
  facet normal 0 0 0
    outer loop
      vertex 17.701777 -14.606829 44.250000
      vertex -7.109800 -21.764746 44.500000
      vertex 18.502454 -13.487498 44.500000
    endloop
  endfacet
  facet normal 0 0 0
    outer loop
      vertex 17.701777 -14.606829 44.250000
      vertex 18.502454 -13.487498 44.500000
      vertex 19.362070 12.321632 44.250000
    endloop
  endfacet
  facet normal 0 0 0
    outer loop
      vertex 19.362070 12.321632 44.250000
      vertex 18.502454 -13.487498 44.500000
      vertex 18.544946 13.429014 44.500000
    endloop
  endfacet
  facet normal 0 0 0
    outer loop
      vertex 19.362070 12.321632 44.250000
      vertex 18.544946 13.429014 44.500000
      vertex -5.735360 22.222017 44.250000
    endloop
  endfacet
  facet normal 0 0 0
    outer loop
      vertex -5.735360 22.222017 44.250000
      vertex 18.544946 13.429014 44.500000
      vertex -7.041047 21.787085 44.500000
    endloop
  endfacet
  facet normal 0 0 0
    outer loop
      vertex -5.735360 22.222017 44.250000
      vertex -7.041047 21.787085 44.500000
      vertex -22.906717 1.412329 44.250000
    endloop
  endfacet
  facet normal 0 0 0
    outer loop
      vertex -22.906717 1.412329 44.250000
      vertex -7.041047 21.787085 44.500000
      vertex -22.896553 0.036146 44.500000
    endloop
  endfacet
  facet normal 0 0 0
    outer loop
      vertex -22.906717 1.412329 44.250000
      vertex -22.896553 0.036146 44.500000
      vertex -8.421770 -21.349149 44.250000
    endloop
  endfacet
  facet normal 0 0 0
    outer loop
      vertex -8.421770 -21.349149 44.250000
      vertex -22.896553 0.036146 44.500000
      vertex -7.109800 -21.764746 44.500000
    endloop
  endfacet
  facet normal 0 0 0
    outer loop
      vertex -7.109800 -21.764746 44.500000
      vertex -5.773565 -22.081687 44.750000
      vertex 18.502454 -13.487498 44.500000
    endloop
  endfacet
  facet normal 0 0 0
    outer loop
      vertex 18.502454 -13.487498 44.500000
      vertex -5.773565 -22.081687 44.750000
      vertex 19.216802 -12.314603 44.750000
    endloop
  endfacet
  facet normal 0 0 0
    outer loop
      vertex 18.502454 -13.487498 44.500000
      vertex 19.216802 -12.314603 44.750000
      vertex 18.544946 13.429014 44.500000
    endloop
  endfacet
  facet normal 0 0 0
    outer loop
      vertex 18.544946 13.429014 44.500000
      vertex 19.216802 -12.314603 44.750000
      vertex 17.650202 14.470843 44.750000
    endloop
  endfacet
  facet normal 0 0 0
    outer loop
      vertex 18.544946 13.429014 44.500000
      vertex 17.650202 14.470843 44.750000
      vertex -7.041047 21.787085 44.500000
    endloop
  endfacet
  facet normal 0 0 0
    outer loop
      vertex -7.041047 21.787085 44.500000
      vertex 17.650202 14.470843 44.750000
      vertex -8.308377 21.258076 44.750000
    endloop
  endfacet
  facet normal 0 0 0
    outer loop
      vertex -7.041047 21.787085 44.500000
      vertex -8.308377 21.258076 44.750000
      vertex -22.896553 0.036146 44.500000
    endloop
  endfacet
  facet normal 0 0 0
    outer loop
      vertex -22.896553 0.036146 44.500000
      vertex -8.308377 21.258076 44.750000
      vertex -22.785062 -1.332630 44.750000
    endloop
  endfacet
  facet normal 0 0 0
    outer loop
      vertex -22.896553 0.036146 44.500000
      vertex -22.785062 -1.332630 44.750000
      vertex -7.109800 -21.764746 44.500000
    endloop
  endfacet
  facet normal 0 0 0
    outer loop
      vertex -7.109800 -21.764746 44.500000
      vertex -22.785062 -1.332630 44.750000
      vertex -5.773565 -22.081687 44.750000
    endloop
  endfacet
  facet normal 0 0 0
    outer loop
      vertex -5.773565 -22.081687 44.750000
      vertex -4.421381 -22.298837 45.000000
      vertex 19.216802 -12.314603 44.750000
    endloop
  endfacet
  facet normal 0 0 0
    outer loop
      vertex 19.216802 -12.314603 44.750000
      vertex -4.421381 -22.298837 45.000000
      vertex 19.841173 -11.095703 45.000000
    endloop
  endfacet
  facet normal 0 0 0
    outer loop
      vertex 19.216802 -12.314603 44.750000
      vertex 19.841173 -11.095703 45.000000
      vertex 17.650202 14.470843 44.750000
    endloop
  endfacet
  facet normal 0 0 0
    outer loop
      vertex 17.650202 14.470843 44.750000
      vertex 19.841173 -11.095703 45.000000
      vertex 16.683900 15.441316 45.000000
    endloop
  endfacet
  facet normal 0 0 0
    outer loop
      vertex 17.650202 14.470843 44.750000
      vertex 16.683900 15.441316 45.000000
      vertex -8.308377 21.258076 44.750000
    endloop
  endfacet
  facet normal 0 0 0
    outer loop
      vertex -8.308377 21.258076 44.750000
      vertex 16.683900 15.441316 45.000000
      vertex -9.529956 20.638961 45.000000
    endloop
  endfacet
  facet normal 0 0 0
    outer loop
      vertex -8.308377 21.258076 44.750000
      vertex -9.529956 20.638961 45.000000
      vertex -22.785062 -1.332630 44.750000
    endloop
  endfacet
  facet normal 0 0 0
    outer loop
      vertex -22.785062 -1.332630 44.750000
      vertex -9.529956 20.638961 45.000000
      vertex -22.573736 -2.685737 45.000000
    endloop
  endfacet
  facet normal 0 0 0
    outer loop
      vertex -22.785062 -1.332630 44.750000
      vertex -22.573736 -2.685737 45.000000
      vertex -5.773565 -22.081687 44.750000
    endloop
  endfacet
  facet normal 0 0 0
    outer loop
      vertex -5.773565 -22.081687 44.750000
      vertex -22.573736 -2.685737 45.000000
      vertex -4.421381 -22.298837 45.000000
    endloop
  endfacet
  facet normal 0 0 0
    outer loop
      vertex -4.421381 -22.298837 45.000000
      vertex -3.061576 -22.415902 45.250000
      vertex 19.841173 -11.095703 45.000000
    endloop
  endfacet
  facet normal 0 0 0
    outer loop
      vertex 19.841173 -11.095703 45.000000
      vertex -3.061576 -22.415902 45.250000
      vertex 20.372710 -9.838627 45.250000
    endloop
  endfacet
  facet normal 0 0 0
    outer loop
      vertex 19.841173 -11.095703 45.000000
      vertex 20.372710 -9.838627 45.250000
      vertex 16.683900 15.441316 45.000000
    endloop
  endfacet
  facet normal 0 0 0
    outer loop
      vertex 16.683900 15.441316 45.000000
      vertex 20.372710 -9.838627 45.250000
      vertex 15.652604 16.335296 45.250000
    endloop
  endfacet
  facet normal 0 0 0
    outer loop
      vertex 16.683900 15.441316 45.000000
      vertex 15.652604 16.335296 45.250000
      vertex -9.529956 20.638961 45.000000
    endloop
  endfacet
  facet normal 0 0 0
    outer loop
      vertex -9.529956 20.638961 45.000000
      vertex 15.652604 16.335296 45.250000
      vertex -10.698869 19.934395 45.250000
    endloop
  endfacet
  facet normal 0 0 0
    outer loop
      vertex -9.529956 20.638961 45.000000
      vertex -10.698869 19.934395 45.250000
      vertex -22.573736 -2.685737 45.000000
    endloop
  endfacet
  facet normal 0 0 0
    outer loop
      vertex -22.573736 -2.685737 45.000000
      vertex -10.698869 19.934395 45.250000
      vertex -22.264869 -4.015162 45.250000
    endloop
  endfacet
  facet normal 0 0 0
    outer loop
      vertex -22.573736 -2.685737 45.000000
      vertex -22.264869 -4.015162 45.250000
      vertex -4.421381 -22.298837 45.000000
    endloop
  endfacet
  facet normal 0 0 0
    outer loop
      vertex -4.421381 -22.298837 45.000000
      vertex -22.264869 -4.015162 45.250000
      vertex -3.061576 -22.415902 45.250000
    endloop
  endfacet
  facet normal 0 0 0
    outer loop
      vertex -3.061576 -22.415902 45.250000
      vertex -1.702399 -22.433412 45.500000
      vertex 20.372710 -9.838627 45.250000
    endloop
  endfacet
  facet normal 0 0 0
    outer loop
      vertex 20.372710 -9.838627 45.250000
      vertex -1.702399 -22.433412 45.500000
      vertex 20.809372 -8.551383 45.500000
    endloop
  endfacet
  facet normal 0 0 0
    outer loop
      vertex 20.372710 -9.838627 45.250000
      vertex 20.809372 -8.551383 45.500000
      vertex 15.652604 16.335296 45.250000
    endloop
  endfacet
  facet normal 0 0 0
    outer loop
      vertex 15.652604 16.335296 45.250000
      vertex 20.809372 -8.551383 45.500000
      vertex 14.563298 17.148366 45.500000
    endloop
  endfacet
  facet normal 0 0 0
    outer loop
      vertex 15.652604 16.335296 45.250000
      vertex 14.563298 17.148366 45.500000
      vertex -10.698869 19.934395 45.250000
    endloop
  endfacet
  facet normal 0 0 0
    outer loop
      vertex -10.698869 19.934395 45.250000
      vertex 14.563298 17.148366 45.500000
      vertex -11.808759 19.149656 45.500000
    endloop
  endfacet
  facet normal 0 0 0
    outer loop
      vertex -10.698869 19.934395 45.250000
      vertex -11.808759 19.149656 45.500000
      vertex -22.264869 -4.015162 45.250000
    endloop
  endfacet
  facet normal 0 0 0
    outer loop
      vertex -22.264869 -4.015162 45.250000
      vertex -11.808759 19.149656 45.500000
      vertex -21.861513 -5.313228 45.500000
    endloop
  endfacet
  facet normal 0 0 0
    outer loop
      vertex -22.264869 -4.015162 45.250000
      vertex -21.861513 -5.313228 45.500000
      vertex -3.061576 -22.415902 45.250000
    endloop
  endfacet
  facet normal 0 0 0
    outer loop
      vertex -3.061576 -22.415902 45.250000
      vertex -21.861513 -5.313228 45.500000
      vertex -1.702399 -22.433412 45.500000
    endloop
  endfacet
  facet normal 0 0 0
    outer loop
      vertex -1.702399 -22.433412 45.500000
      vertex -0.351917 -22.352706 45.750000
      vertex 20.809372 -8.551383 45.500000
    endloop
  endfacet
  facet normal 0 0 0
    outer loop
      vertex 20.809372 -8.551383 45.500000
      vertex -0.351917 -22.352706 45.750000
      vertex 21.149938 -7.242059 45.750000
    endloop
  endfacet
  facet normal 0 0 0
    outer loop
      vertex 20.809372 -8.551383 45.500000
      vertex 21.149938 -7.242059 45.750000
      vertex 14.563298 17.148366 45.500000
    endloop
  endfacet
  facet normal 0 0 0
    outer loop
      vertex 14.563298 17.148366 45.500000
      vertex 21.149938 -7.242059 45.750000
      vertex 13.423298 17.876867 45.750000
    endloop
  endfacet
  facet normal 0 0 0
    outer loop
      vertex 14.563298 17.148366 45.500000
      vertex 13.423298 17.876867 45.750000
      vertex -11.808759 19.149656 45.500000
    endloop
  endfacet
  facet normal 0 0 0
    outer loop
      vertex -11.808759 19.149656 45.500000
      vertex 13.423298 17.876867 45.750000
      vertex -12.853884 18.290570 45.750000
    endloop
  endfacet
  facet normal 0 0 0
    outer loop
      vertex -11.808759 19.149656 45.500000
      vertex -12.853884 18.290570 45.750000
      vertex -21.861513 -5.313228 45.500000
    endloop
  endfacet
  facet normal 0 0 0
    outer loop
      vertex -21.861513 -5.313228 45.500000
      vertex -12.853884 18.290570 45.750000
      vertex -21.367435 -6.572673 45.750000
    endloop
  endfacet
  facet normal 0 0 0
    outer loop
      vertex -21.861513 -5.313228 45.500000
      vertex -21.367435 -6.572673 45.750000
      vertex -1.702399 -22.433412 45.500000
    endloop
  endfacet
  facet normal 0 0 0
    outer loop
      vertex -1.702399 -22.433412 45.500000
      vertex -21.367435 -6.572673 45.750000
      vertex -0.351917 -22.352706 45.750000
    endloop
  endfacet
  facet normal 0 0 0
    outer loop
      vertex -0.351917 -22.352706 45.750000
      vertex 0.982070 -22.175895 46.000000
      vertex 21.149938 -7.242059 45.750000
    endloop
  endfacet
  facet normal 0 0 0
    outer loop
      vertex 21.149938 -7.242059 45.750000
      vertex 0.982070 -22.175895 46.000000
      vertex 21.394006 -5.918724 46.000000
    endloop
  endfacet
  facet normal 0 0 0
    outer loop
      vertex 21.149938 -7.242059 45.750000
      vertex 21.394006 -5.918724 46.000000
      vertex 13.423298 17.876867 45.750000
    endloop
  endfacet
  facet normal 0 0 0
    outer loop
      vertex 13.423298 17.876867 45.750000
      vertex 21.394006 -5.918724 46.000000
      vertex 12.240152 18.517922 46.000000
    endloop
  endfacet
  facet normal 0 0 0
    outer loop
      vertex 13.423298 17.876867 45.750000
      vertex 12.240152 18.517922 46.000000
      vertex -12.853884 18.290570 45.750000
    endloop
  endfacet
  facet normal 0 0 0
    outer loop
      vertex -12.853884 18.290570 45.750000
      vertex 12.240152 18.517922 46.000000
      vertex -13.829175 17.363429 46.000000
    endloop
  endfacet
  facet normal 0 0 0
    outer loop
      vertex -12.853884 18.290570 45.750000
      vertex -13.829175 17.363429 46.000000
      vertex -21.367435 -6.572673 45.750000
    endloop
  endfacet
  facet normal 0 0 0
    outer loop
      vertex -21.367435 -6.572673 45.750000
      vertex -13.829175 17.363429 46.000000
      vertex -20.787053 -7.786733 46.000000
    endloop
  endfacet
  facet normal 0 0 0
    outer loop
      vertex -21.367435 -6.572673 45.750000
      vertex -20.787053 -7.786733 46.000000
      vertex -0.351917 -22.352706 45.750000
    endloop
  endfacet
  facet normal 0 0 0
    outer loop
      vertex -0.351917 -22.352706 45.750000
      vertex -20.787053 -7.786733 46.000000
      vertex 0.982070 -22.175895 46.000000
    endloop
  endfacet
  facet normal 0 0 0
    outer loop
      vertex 0.982070 -22.175895 46.000000
      vertex 2.292116 -21.905816 46.250000
      vertex 21.394006 -5.918724 46.000000
    endloop
  endfacet
  facet normal 0 0 0
    outer loop
      vertex 21.394006 -5.918724 46.000000
      vertex 2.292116 -21.905816 46.250000
      vertex 21.541972 -4.589338 46.250000
    endloop
  endfacet
  facet normal 0 0 0
    outer loop
      vertex 21.394006 -5.918724 46.000000
      vertex 21.541972 -4.589338 46.250000
      vertex 12.240152 18.517922 46.000000
    endloop
  endfacet
  facet normal 0 0 0
    outer loop
      vertex 12.240152 18.517922 46.000000
      vertex 21.541972 -4.589338 46.250000
      vertex 11.021555 19.069449 46.250000
    endloop
  endfacet
  facet normal 0 0 0
    outer loop
      vertex 12.240152 18.517922 46.000000
      vertex 11.021555 19.069449 46.250000
      vertex -13.829175 17.363429 46.000000
    endloop
  endfacet
  facet normal 0 0 0
    outer loop
      vertex -13.829175 17.363429 46.000000
      vertex 11.021555 19.069449 46.250000
      vertex -14.730276 16.374906 46.250000
    endloop
  endfacet
  facet normal 0 0 0
    outer loop
      vertex -13.829175 17.363429 46.000000
      vertex -14.730276 16.374906 46.250000
      vertex -20.787053 -7.786733 46.000000
    endloop
  endfacet
  facet normal 0 0 0
    outer loop
      vertex -20.787053 -7.786733 46.000000
      vertex -14.730276 16.374906 46.250000
      vertex -20.125367 -8.949201 46.250000
    endloop
  endfacet
  facet normal 0 0 0
    outer loop
      vertex -20.787053 -7.786733 46.000000
      vertex -20.125367 -8.949201 46.250000
      vertex 0.982070 -22.175895 46.000000
    endloop
  endfacet
  facet normal 0 0 0
    outer loop
      vertex 0.982070 -22.175895 46.000000
      vertex -20.125367 -8.949201 46.250000
      vertex 2.292116 -21.905816 46.250000
    endloop
  endfacet
  facet normal 0 0 0
    outer loop
      vertex 2.292116 -21.905816 46.250000
      vertex 3.571204 -21.545982 46.500000
      vertex 21.541972 -4.589338 46.250000
    endloop
  endfacet
  facet normal 0 0 0
    outer loop
      vertex 21.541972 -4.589338 46.250000
      vertex 3.571204 -21.545982 46.500000
      vertex 21.595009 -3.261658 46.500000
    endloop
  endfacet
  facet normal 0 0 0
    outer loop
      vertex 21.541972 -4.589338 46.250000
      vertex 21.595009 -3.261658 46.500000
      vertex 11.021555 19.069449 46.250000
    endloop
  endfacet
  facet normal 0 0 0
    outer loop
      vertex 11.021555 19.069449 46.250000
      vertex 21.595009 -3.261658 46.500000
      vertex 9.775246 19.530166 46.500000
    endloop
  endfacet
  facet normal 0 0 0
    outer loop
      vertex 11.021555 19.069449 46.250000
      vertex 9.775246 19.530166 46.500000
      vertex -14.730276 16.374906 46.250000
    endloop
  endfacet
  facet normal 0 0 0
    outer loop
      vertex -14.730276 16.374906 46.250000
      vertex 9.775246 19.530166 46.500000
      vertex -15.553575 15.331964 46.500000
    endloop
  endfacet
  facet normal 0 0 0
    outer loop
      vertex -14.730276 16.374906 46.250000
      vertex -15.553575 15.331964 46.500000
      vertex -20.125367 -8.949201 46.250000
    endloop
  endfacet
  facet normal 0 0 0
    outer loop
      vertex -20.125367 -8.949201 46.250000
      vertex -15.553575 15.331964 46.500000
      vertex -19.387883 -10.054491 46.500000
    endloop
  endfacet
  facet normal 0 0 0
    outer loop
      vertex -20.125367 -8.949201 46.250000
      vertex -19.387883 -10.054491 46.500000
      vertex 2.292116 -21.905816 46.250000
    endloop
  endfacet
  facet normal 0 0 0
    outer loop
      vertex 2.292116 -21.905816 46.250000
      vertex -19.387883 -10.054491 46.500000
      vertex 3.571204 -21.545982 46.500000
    endloop
  endfacet
  facet normal 0 0 0
    outer loop
      vertex 3.571204 -21.545982 46.500000
      vertex 4.812820 -21.100509 46.750000
      vertex 21.595009 -3.261658 46.500000
    endloop
  endfacet
  facet normal 0 0 0
    outer loop
      vertex 21.595009 -3.261658 46.500000
      vertex 4.812820 -21.100509 46.750000
      vertex 21.555020 -1.943152 46.750000
    endloop
  endfacet
  facet normal 0 0 0
    outer loop
      vertex 21.595009 -3.261658 46.500000
      vertex 21.555020 -1.943152 46.750000
      vertex 9.775246 19.530166 46.500000
    endloop
  endfacet
  facet normal 0 0 0
    outer loop
      vertex 9.775246 19.530166 46.500000
      vertex 21.555020 -1.943152 46.750000
      vertex 8.508915 19.899575 46.750000
    endloop
  endfacet
  facet normal 0 0 0
    outer loop
      vertex 9.775246 19.530166 46.500000
      vertex 8.508915 19.899575 46.750000
      vertex -15.553575 15.331964 46.500000
    endloop
  endfacet
  facet normal 0 0 0
    outer loop
      vertex -15.553575 15.331964 46.500000
      vertex 8.508915 19.899575 46.750000
      vertex -16.296221 14.241766 46.750000
    endloop
  endfacet
  facet normal 0 0 0
    outer loop
      vertex -15.553575 15.331964 46.500000
      vertex -16.296221 14.241766 46.750000
      vertex -19.387883 -10.054491 46.500000
    endloop
  endfacet
  facet normal 0 0 0
    outer loop
      vertex -19.387883 -10.054491 46.500000
      vertex -16.296221 14.241766 46.750000
      vertex -18.580534 -11.097680 46.750000
    endloop
  endfacet
  facet normal 0 0 0
    outer loop
      vertex -19.387883 -10.054491 46.500000
      vertex -18.580534 -11.097680 46.750000
      vertex 3.571204 -21.545982 46.500000
    endloop
  endfacet
  facet normal 0 0 0
    outer loop
      vertex 3.571204 -21.545982 46.500000
      vertex -18.580534 -11.097680 46.750000
      vertex 4.812820 -21.100509 46.750000
    endloop
  endfacet
  facet normal 0 0 0
    outer loop
      vertex 4.812820 -21.100509 46.750000
      vertex 6.011009 -20.574055 47.000000
      vertex 21.555020 -1.943152 46.750000
    endloop
  endfacet
  facet normal 0 0 0
    outer loop
      vertex 21.555020 -1.943152 46.750000
      vertex 6.011009 -20.574055 47.000000
      vertex 21.424593 -0.640923 47.000000
    endloop
  endfacet
  facet normal 0 0 0
    outer loop
      vertex 21.555020 -1.943152 46.750000
      vertex 21.424593 -0.640923 47.000000
      vertex 8.508915 19.899575 46.750000
    endloop
  endfacet
  facet normal 0 0 0
    outer loop
      vertex 8.508915 19.899575 46.750000
      vertex 21.424593 -0.640923 47.000000
      vertex 7.230117 20.177943 47.000000
    endloop
  endfacet
  facet normal 0 0 0
    outer loop
      vertex 8.508915 19.899575 46.750000
      vertex 7.230117 20.177943 47.000000
      vertex -16.296221 14.241766 46.750000
    endloop
  endfacet
  facet normal 0 0 0
    outer loop
      vertex -16.296221 14.241766 46.750000
      vertex 7.230117 20.177943 47.000000
      vertex -16.956135 13.111577 47.000000
    endloop
  endfacet
  facet normal 0 0 0
    outer loop
      vertex -16.296221 14.241766 46.750000
      vertex -16.956135 13.111577 47.000000
      vertex -18.580534 -11.097680 46.750000
    endloop
  endfacet
  facet normal 0 0 0
    outer loop
      vertex -18.580534 -11.097680 46.750000
      vertex -16.956135 13.111577 47.000000
      vertex -17.709585 -12.074542 47.000000
    endloop
  endfacet
  facet normal 0 0 0
    outer loop
      vertex -18.580534 -11.097680 46.750000
      vertex -17.709585 -12.074542 47.000000
      vertex 4.812820 -21.100509 46.750000
    endloop
  endfacet
  facet normal 0 0 0
    outer loop
      vertex 4.812820 -21.100509 46.750000
      vertex -17.709585 -12.074542 47.000000
      vertex 6.011009 -20.574055 47.000000
    endloop
  endfacet
  facet normal 0 0 0
    outer loop
      vertex 6.011009 -20.574055 47.000000
      vertex 7.160428 -19.971731 47.250000
      vertex 21.424593 -0.640923 47.000000
    endloop
  endfacet
  facet normal 0 0 0
    outer loop
      vertex 21.424593 -0.640923 47.000000
      vertex 7.160428 -19.971731 47.250000
      vertex 21.206939 0.638367 47.250000
    endloop
  endfacet
  facet normal 0 0 0
    outer loop
      vertex 21.424593 -0.640923 47.000000
      vertex 21.206939 0.638367 47.250000
      vertex 7.230117 20.177943 47.000000
    endloop
  endfacet
  facet normal 0 0 0
    outer loop
      vertex 7.230117 20.177943 47.000000
      vertex 21.206939 0.638367 47.250000
      vertex 5.946181 20.366264 47.250000
    endloop
  endfacet
  facet normal 0 0 0
    outer loop
      vertex 7.230117 20.177943 47.000000
      vertex 5.946181 20.366264 47.250000
      vertex -16.956135 13.111577 47.000000
    endloop
  endfacet
  facet normal 0 0 0
    outer loop
      vertex -16.956135 13.111577 47.000000
      vertex 5.946181 20.366264 47.250000
      vertex -17.531997 11.948676 47.250000
    endloop
  endfacet
  facet normal 0 0 0
    outer loop
      vertex -16.956135 13.111577 47.000000
      vertex -17.531997 11.948676 47.250000
      vertex -17.709585 -12.074542 47.000000
    endloop
  endfacet
  facet normal 0 0 0
    outer loop
      vertex -17.709585 -12.074542 47.000000
      vertex -17.531997 11.948676 47.250000
      vertex -16.781551 -12.981576 47.250000
    endloop
  endfacet
  facet normal 0 0 0
    outer loop
      vertex -17.709585 -12.074542 47.000000
      vertex -16.781551 -12.981576 47.250000
      vertex 6.011009 -20.574055 47.000000
    endloop
  endfacet
  facet normal 0 0 0
    outer loop
      vertex 6.011009 -20.574055 47.000000
      vertex -16.781551 -12.981576 47.250000
      vertex 7.160428 -19.971731 47.250000
    endloop
  endfacet
  facet normal 0 0 0
    outer loop
      vertex 7.160428 -19.971731 47.250000
      vertex 8.256378 -19.299025 47.500000
      vertex 21.206939 0.638367 47.250000
    endloop
  endfacet
  facet normal 0 0 0
    outer loop
      vertex 21.206939 0.638367 47.250000
      vertex 8.256378 -19.299025 47.500000
      vertex 20.905824 1.888555 47.500000
    endloop
  endfacet
  facet normal 0 0 0
    outer loop
      vertex 21.206939 0.638367 47.250000
      vertex 20.905824 1.888555 47.500000
      vertex 5.946181 20.366264 47.250000
    endloop
  endfacet
  facet normal 0 0 0
    outer loop
      vertex 5.946181 20.366264 47.250000
      vertex 20.905824 1.888555 47.500000
      vertex 4.664132 20.466216 47.500000
    endloop
  endfacet
  facet normal 0 0 0
    outer loop
      vertex 5.946181 20.366264 47.250000
      vertex 4.664132 20.466216 47.500000
      vertex -17.531997 11.948676 47.250000
    endloop
  endfacet
  facet normal 0 0 0
    outer loop
      vertex -17.531997 11.948676 47.250000
      vertex 4.664132 20.466216 47.500000
      vertex -18.023232 10.760262 47.500000
    endloop
  endfacet
  facet normal 0 0 0
    outer loop
      vertex -17.531997 11.948676 47.250000
      vertex -18.023232 10.760262 47.500000
      vertex -16.781551 -12.981576 47.250000
    endloop
  endfacet
  facet normal 0 0 0
    outer loop
      vertex -16.781551 -12.981576 47.250000
      vertex -18.023232 10.760262 47.500000
      vertex -15.803102 -13.816009 47.500000
    endloop
  endfacet
  facet normal 0 0 0
    outer loop
      vertex -16.781551 -12.981576 47.250000
      vertex -15.803102 -13.816009 47.500000
      vertex 7.160428 -19.971731 47.250000
    endloop
  endfacet
  facet normal 0 0 0
    outer loop
      vertex 7.160428 -19.971731 47.250000
      vertex -15.803102 -13.816009 47.500000
      vertex 8.256378 -19.299025 47.500000
    endloop
  endfacet
  facet normal 0 0 0
    outer loop
      vertex 8.256378 -19.299025 47.500000
      vertex 9.294839 -18.561710 47.750000
      vertex 20.905824 1.888555 47.500000
    endloop
  endfacet
  facet normal 0 0 0
    outer loop
      vertex 20.905824 1.888555 47.500000
      vertex 9.294839 -18.561710 47.750000
      vertex 20.525499 3.104033 47.750000
    endloop
  endfacet
  facet normal 0 0 0
    outer loop
      vertex 20.905824 1.888555 47.500000
      vertex 20.525499 3.104033 47.750000
      vertex 4.664132 20.466216 47.500000
    endloop
  endfacet
  facet normal 0 0 0
    outer loop
      vertex 4.664132 20.466216 47.500000
      vertex 20.525499 3.104033 47.750000
      vertex 3.390617 20.480108 47.750000
    endloop
  endfacet
  facet normal 0 0 0
    outer loop
      vertex 4.664132 20.466216 47.500000
      vertex 3.390617 20.480108 47.750000
      vertex -18.023232 10.760262 47.500000
    endloop
  endfacet
  facet normal 0 0 0
    outer loop
      vertex -18.023232 10.760262 47.500000
      vertex 3.390617 20.480108 47.750000
      vertex -18.429982 9.553370 47.750000
    endloop
  endfacet
  facet normal 0 0 0
    outer loop
      vertex -18.023232 10.760262 47.500000
      vertex -18.429982 9.553370 47.750000
      vertex -15.803102 -13.816009 47.500000
    endloop
  endfacet
  facet normal 0 0 0
    outer loop
      vertex -15.803102 -13.816009 47.500000
      vertex -18.429982 9.553370 47.750000
      vertex -14.780972 -14.575801 47.750000
    endloop
  endfacet
  facet normal 0 0 0
    outer loop
      vertex -15.803102 -13.816009 47.500000
      vertex -14.780972 -14.575801 47.750000
      vertex 8.256378 -19.299025 47.500000
    endloop
  endfacet
  facet normal 0 0 0
    outer loop
      vertex 8.256378 -19.299025 47.500000
      vertex -14.780972 -14.575801 47.750000
      vertex 9.294839 -18.561710 47.750000
    endloop
  endfacet
  facet normal 0 0 0
    outer loop
      vertex 9.294839 -18.561710 47.750000
      vertex 10.272479 -17.765759 48.000000
      vertex 20.525499 3.104033 47.750000
    endloop
  endfacet
  facet normal 0 0 0
    outer loop
      vertex 20.525499 3.104033 47.750000
      vertex 10.272479 -17.765759 48.000000
      vertex 20.070612 4.279787 48.000000
    endloop
  endfacet
  facet normal 0 0 0
    outer loop
      vertex 20.525499 3.104033 47.750000
      vertex 20.070612 4.279787 48.000000
      vertex 3.390617 20.480108 47.750000
    endloop
  endfacet
  facet normal 0 0 0
    outer loop
      vertex 3.390617 20.480108 47.750000
      vertex 20.070612 4.279787 48.000000
      vertex 2.131841 20.410813 48.000000
    endloop
  endfacet
  facet normal 0 0 0
    outer loop
      vertex 3.390617 20.480108 47.750000
      vertex 2.131841 20.410813 48.000000
      vertex -18.429982 9.553370 47.750000
    endloop
  endfacet
  facet normal 0 0 0
    outer loop
      vertex -18.429982 9.553370 47.750000
      vertex 2.131841 20.410813 48.000000
      vertex -18.753062 8.334789 48.000000
    endloop
  endfacet
  facet normal 0 0 0
    outer loop
      vertex -18.429982 9.553370 47.750000
      vertex -18.753062 8.334789 48.000000
      vertex -14.780972 -14.575801 47.750000
    endloop
  endfacet
  facet normal 0 0 0
    outer loop
      vertex -14.780972 -14.575801 47.750000
      vertex -18.753062 8.334789 48.000000
      vertex -13.721871 -15.259630 48.000000
    endloop
  endfacet
  facet normal 0 0 0
    outer loop
      vertex -14.780972 -14.575801 47.750000
      vertex -13.721871 -15.259630 48.000000
      vertex 9.294839 -18.561710 47.750000
    endloop
  endfacet
  facet normal 0 0 0
    outer loop
      vertex 9.294839 -18.561710 47.750000
      vertex -13.721871 -15.259630 48.000000
      vertex 10.272479 -17.765759 48.000000
    endloop
  endfacet
  facet normal 0 0 0
    outer loop
      vertex 10.272479 -17.765759 48.000000
      vertex 11.186658 -16.917255 48.250000
      vertex 20.070612 4.279787 48.000000
    endloop
  endfacet
  facet normal 0 0 0
    outer loop
      vertex 20.070612 4.279787 48.000000
      vertex 11.186658 -16.917255 48.250000
      vertex 19.546133 5.411425 48.250000
    endloop
  endfacet
  facet normal 0 0 0
    outer loop
      vertex 20.070612 4.279787 48.000000
      vertex 19.546133 5.411425 48.250000
      vertex 2.131841 20.410813 48.000000
    endloop
  endfacet
  facet normal 0 0 0
    outer loop
      vertex 2.131841 20.410813 48.000000
      vertex 19.546133 5.411425 48.250000
      vertex 0.893516 20.261700 48.250000
    endloop
  endfacet
  facet normal 0 0 0
    outer loop
      vertex 2.131841 20.410813 48.000000
      vertex 0.893516 20.261700 48.250000
      vertex -18.753062 8.334789 48.000000
    endloop
  endfacet
  facet normal 0 0 0
    outer loop
      vertex -18.753062 8.334789 48.000000
      vertex 0.893516 20.261700 48.250000
      vertex -18.993910 7.110994 48.250000
    endloop
  endfacet
  facet normal 0 0 0
    outer loop
      vertex -18.753062 8.334789 48.000000
      vertex -18.993910 7.110994 48.250000
      vertex -13.721871 -15.259630 48.000000
    endloop
  endfacet
  facet normal 0 0 0
    outer loop
      vertex -13.721871 -15.259630 48.000000
      vertex -18.993910 7.110994 48.250000
      vertex -12.632398 -15.866864 48.250000
    endloop
  endfacet
  facet normal 0 0 0
    outer loop
      vertex -13.721871 -15.259630 48.000000
      vertex -12.632398 -15.866864 48.250000
      vertex 10.272479 -17.765759 48.000000
    endloop
  endfacet
  facet normal 0 0 0
    outer loop
      vertex 10.272479 -17.765759 48.000000
      vertex -12.632398 -15.866864 48.250000
      vertex 11.186658 -16.917255 48.250000
    endloop
  endfacet
  facet normal 0 0 0
    outer loop
      vertex 11.186658 -16.917255 48.250000
      vertex 12.035420 -16.022303 48.500000
      vertex 19.546133 5.411425 48.250000
    endloop
  endfacet
  facet normal 0 0 0
    outer loop
      vertex 19.546133 5.411425 48.250000
      vertex 12.035420 -16.022303 48.500000
      vertex 18.957265 6.495201 48.500000
    endloop
  endfacet
  facet normal 0 0 0
    outer loop
      vertex 19.546133 5.411425 48.250000
      vertex 18.957265 6.495201 48.500000
      vertex 0.893516 20.261700 48.250000
    endloop
  endfacet
  facet normal 0 0 0
    outer loop
      vertex 0.893516 20.261700 48.250000
      vertex 18.957265 6.495201 48.500000
      vertex -0.319186 20.036557 48.500000
    endloop
  endfacet
  facet normal 0 0 0
    outer loop
      vertex 0.893516 20.261700 48.250000
      vertex -0.319186 20.036557 48.500000
      vertex -18.993910 7.110994 48.250000
    endloop
  endfacet
  facet normal 0 0 0
    outer loop
      vertex -18.993910 7.110994 48.250000
      vertex -0.319186 20.036557 48.500000
      vertex -19.154532 5.888073 48.500000
    endloop
  endfacet
  facet normal 0 0 0
    outer loop
      vertex -18.993910 7.110994 48.250000
      vertex -19.154532 5.888073 48.500000
      vertex -12.632398 -15.866864 48.250000
    endloop
  endfacet
  facet normal 0 0 0
    outer loop
      vertex -12.632398 -15.866864 48.250000
      vertex -19.154532 5.888073 48.500000
      vertex -11.518966 -16.397528 48.500000
    endloop
  endfacet
  facet normal 0 0 0
    outer loop
      vertex -12.632398 -15.866864 48.250000
      vertex -11.518966 -16.397528 48.500000
      vertex 11.186658 -16.917255 48.250000
    endloop
  endfacet
  facet normal 0 0 0
    outer loop
      vertex 11.186658 -16.917255 48.250000
      vertex -11.518966 -16.397528 48.500000
      vertex 12.035420 -16.022303 48.500000
    endloop
  endfacet
  facet normal 0 0 0
    outer loop
      vertex 12.035420 -16.022303 48.500000
      vertex 12.817470 -15.086945 48.750000
      vertex 18.957265 6.495201 48.500000
    endloop
  endfacet
  facet normal 0 0 0
    outer loop
      vertex 18.957265 6.495201 48.500000
      vertex 12.817470 -15.086945 48.750000
      vertex 18.309354 7.528016 48.750000
    endloop
  endfacet
  facet normal 0 0 0
    outer loop
      vertex 18.957265 6.495201 48.500000
      vertex 18.309354 7.528016 48.750000
      vertex -0.319186 20.036557 48.500000
    endloop
  endfacet
  facet normal 0 0 0
    outer loop
      vertex -0.319186 20.036557 48.500000
      vertex 18.309354 7.528016 48.750000
      vertex -1.501667 19.739515 48.750000
    endloop
  endfacet
  facet normal 0 0 0
    outer loop
      vertex -0.319186 20.036557 48.500000
      vertex -1.501667 19.739515 48.750000
      vertex -19.154532 5.888073 48.500000
    endloop
  endfacet
  facet normal 0 0 0
    outer loop
      vertex -19.154532 5.888073 48.500000
      vertex -1.501667 19.739515 48.750000
      vertex -19.237435 4.671675 48.750000
    endloop
  endfacet
  facet normal 0 0 0
    outer loop
      vertex -19.154532 5.888073 48.500000
      vertex -19.237435 4.671675 48.750000
      vertex -11.518966 -16.397528 48.500000
    endloop
  endfacet
  facet normal 0 0 0
    outer loop
      vertex -11.518966 -16.397528 48.500000
      vertex -19.237435 4.671675 48.750000
      vertex -10.387722 -16.852261 48.750000
    endloop
  endfacet
  facet normal 0 0 0
    outer loop
      vertex -11.518966 -16.397528 48.500000
      vertex -10.387722 -16.852261 48.750000
      vertex 12.035420 -16.022303 48.500000
    endloop
  endfacet
  facet normal 0 0 0
    outer loop
      vertex 12.035420 -16.022303 48.500000
      vertex -10.387722 -16.852261 48.750000
      vertex 12.817470 -15.086945 48.750000
    endloop
  endfacet
  facet normal 0 0 0
    outer loop
      vertex 12.817470 -15.086945 48.750000
      vertex 13.532146 -14.117087 49.000000
      vertex 18.309354 7.528016 48.750000
    endloop
  endfacet
  facet normal 0 0 0
    outer loop
      vertex 18.309354 7.528016 48.750000
      vertex 13.532146 -14.117087 49.000000
      vertex 17.607811 8.507416 49.000000
    endloop
  endfacet
  facet normal 0 0 0
    outer loop
      vertex 18.309354 7.528016 48.750000
      vertex 17.607811 8.507416 49.000000
      vertex -1.501667 19.739515 48.750000
    endloop
  endfacet
  facet normal 0 0 0
    outer loop
      vertex -1.501667 19.739515 48.750000
      vertex 17.607811 8.507416 49.000000
      vertex -2.649921 19.374959 49.000000
    endloop
  endfacet
  facet normal 0 0 0
    outer loop
      vertex -1.501667 19.739515 48.750000
      vertex -2.649921 19.374959 49.000000
      vertex -19.237435 4.671675 48.750000
    endloop
  endfacet
  facet normal 0 0 0
    outer loop
      vertex -19.237435 4.671675 48.750000
      vertex -2.649921 19.374959 49.000000
      vertex -19.245552 3.466968 49.000000
    endloop
  endfacet
  facet normal 0 0 0
    outer loop
      vertex -19.237435 4.671675 48.750000
      vertex -19.245552 3.466968 49.000000
      vertex -10.387722 -16.852261 48.750000
    endloop
  endfacet
  facet normal 0 0 0
    outer loop
      vertex -10.387722 -16.852261 48.750000
      vertex -19.245552 3.466968 49.000000
      vertex -9.244485 -17.232256 49.000000
    endloop
  endfacet
  facet normal 0 0 0
    outer loop
      vertex -10.387722 -16.852261 48.750000
      vertex -9.244485 -17.232256 49.000000
      vertex 12.817470 -15.086945 48.750000
    endloop
  endfacet
  facet normal 0 0 0
    outer loop
      vertex 12.817470 -15.086945 48.750000
      vertex -9.244485 -17.232256 49.000000
      vertex 13.532146 -14.117087 49.000000
    endloop
  endfacet
  facet normal 0 0 0
    outer loop
      vertex 13.532146 -14.117087 49.000000
      vertex 14.179374 -13.118418 49.250000
      vertex 17.607811 8.507416 49.000000
    endloop
  endfacet
  facet normal 0 0 0
    outer loop
      vertex 17.607811 8.507416 49.000000
      vertex 14.179374 -13.118418 49.250000
      vertex 16.858024 9.431572 49.250000
    endloop
  endfacet
  facet normal 0 0 0
    outer loop
      vertex 17.607811 8.507416 49.000000
      vertex 16.858024 9.431572 49.250000
      vertex -2.649921 19.374959 49.000000
    endloop
  endfacet
  facet normal 0 0 0
    outer loop
      vertex -2.649921 19.374959 49.000000
      vertex 16.858024 9.431572 49.250000
      vertex -3.760542 18.947450 49.250000
    endloop
  endfacet
  facet normal 0 0 0
    outer loop
      vertex -2.649921 19.374959 49.000000
      vertex -3.760542 18.947450 49.250000
      vertex -19.245552 3.466968 49.000000
    endloop
  endfacet
  facet normal 0 0 0
    outer loop
      vertex -19.245552 3.466968 49.000000
      vertex -3.760542 18.947450 49.250000
      vertex -19.182167 2.278596 49.250000
    endloop
  endfacet
  facet normal 0 0 0
    outer loop
      vertex -19.245552 3.466968 49.000000
      vertex -19.182167 2.278596 49.250000
      vertex -9.244485 -17.232256 49.000000
    endloop
  endfacet
  facet normal 0 0 0
    outer loop
      vertex -9.244485 -17.232256 49.000000
      vertex -19.182167 2.278596 49.250000
      vertex -8.094689 -17.539200 49.250000
    endloop
  endfacet
  facet normal 0 0 0
    outer loop
      vertex -9.244485 -17.232256 49.000000
      vertex -8.094689 -17.539200 49.250000
      vertex 13.532146 -14.117087 49.000000
    endloop
  endfacet
  facet normal 0 0 0
    outer loop
      vertex 13.532146 -14.117087 49.000000
      vertex -8.094689 -17.539200 49.250000
      vertex 14.179374 -13.118418 49.250000
    endloop
  endfacet
  facet normal 0 0 0
    outer loop
      vertex 14.179374 -13.118418 49.250000
      vertex 14.759620 -12.096348 49.500000
      vertex 16.858024 9.431572 49.250000
    endloop
  endfacet
  facet normal 0 0 0
    outer loop
      vertex 16.858024 9.431572 49.250000
      vertex 14.759620 -12.096348 49.500000
      vertex 16.065284 10.299256 49.500000
    endloop
  endfacet
  facet normal 0 0 0
    outer loop
      vertex 16.858024 9.431572 49.250000
      vertex 16.065284 10.299256 49.500000
      vertex -3.760542 18.947450 49.250000
    endloop
  endfacet
  facet normal 0 0 0
    outer loop
      vertex -3.760542 18.947450 49.250000
      vertex 16.065284 10.299256 49.500000
      vertex -4.830728 18.461638 49.500000
    endloop
  endfacet
  facet normal 0 0 0
    outer loop
      vertex -3.760542 18.947450 49.250000
      vertex -4.830728 18.461638 49.500000
      vertex -19.182167 2.278596 49.250000
    endloop
  endfacet
  facet normal 0 0 0
    outer loop
      vertex -19.182167 2.278596 49.250000
      vertex -4.830728 18.461638 49.500000
      vertex -19.050838 1.110664 49.500000
    endloop
  endfacet
  facet normal 0 0 0
    outer loop
      vertex -19.182167 2.278596 49.250000
      vertex -19.050838 1.110664 49.500000
      vertex -8.094689 -17.539200 49.250000
    endloop
  endfacet
  facet normal 0 0 0
    outer loop
      vertex -8.094689 -17.539200 49.250000
      vertex -19.050838 1.110664 49.500000
      vertex -6.943337 -17.775210 49.500000
    endloop
  endfacet
  facet normal 0 0 0
    outer loop
      vertex -8.094689 -17.539200 49.250000
      vertex -6.943337 -17.775210 49.500000
      vertex 14.179374 -13.118418 49.250000
    endloop
  endfacet
  facet normal 0 0 0
    outer loop
      vertex 14.179374 -13.118418 49.250000
      vertex -6.943337 -17.775210 49.500000
      vertex 14.759620 -12.096348 49.500000
    endloop
  endfacet
  facet normal 0 0 0
    outer loop
      vertex 14.759620 -12.096348 49.500000
      vertex 15.273831 -11.055952 49.750000
      vertex 16.065284 10.299256 49.500000
    endloop
  endfacet
  facet normal 0 0 0
    outer loop
      vertex 16.065284 10.299256 49.500000
      vertex 15.273831 -11.055952 49.750000
      vertex 15.234708 11.109799 49.750000
    endloop
  endfacet
  facet normal 0 0 0
    outer loop
      vertex 16.065284 10.299256 49.500000
      vertex 15.234708 11.109799 49.750000
      vertex -4.830728 18.461638 49.500000
    endloop
  endfacet
  facet normal 0 0 0
    outer loop
      vertex -4.830728 18.461638 49.500000
      vertex 15.234708 11.109799 49.750000
      vertex -5.858263 17.922185 49.750000
    endloop
  endfacet
  facet normal 0 0 0
    outer loop
      vertex -4.830728 18.461638 49.500000
      vertex -5.858263 17.922185 49.750000
      vertex -19.050838 1.110664 49.500000
    endloop
  endfacet
  facet normal 0 0 0
    outer loop
      vertex -19.050838 1.110664 49.500000
      vertex -5.858263 17.922185 49.750000
      vertex -18.855314 -0.033279 49.750000
    endloop
  endfacet
  facet normal 0 0 0
    outer loop
      vertex -19.050838 1.110664 49.500000
      vertex -18.855314 -0.033279 49.750000
      vertex -6.943337 -17.775210 49.500000
    endloop
  endfacet
  facet normal 0 0 0
    outer loop
      vertex -6.943337 -17.775210 49.500000
      vertex -18.855314 -0.033279 49.750000
      vertex -5.794962 -17.942753 49.750000
    endloop
  endfacet
  facet normal 0 0 0
    outer loop
      vertex -6.943337 -17.775210 49.500000
      vertex -5.794962 -17.942753 49.750000
      vertex 14.759620 -12.096348 49.500000
    endloop
  endfacet
  facet normal 0 0 0
    outer loop
      vertex 14.759620 -12.096348 49.500000
      vertex -5.794962 -17.942753 49.750000
      vertex 15.273831 -11.055952 49.750000
    endloop
  endfacet
  facet normal 0 0 0
    outer loop
      vertex 15.273831 -11.055952 49.750000
      vertex 15.723370 -10.001921 50.000000
      vertex 15.234708 11.109799 49.750000
    endloop
  endfacet
  facet normal 0 0 0
    outer loop
      vertex 15.234708 11.109799 49.750000
      vertex 15.723370 -10.001921 50.000000
      vertex 14.371181 11.863050 50.000000
    endloop
  endfacet
  facet normal 0 0 0
    outer loop
      vertex 15.234708 11.109799 49.750000
      vertex 14.371181 11.863050 50.000000
      vertex -5.858263 17.922185 49.750000
    endloop
  endfacet
  facet normal 0 0 0
    outer loop
      vertex -5.858263 17.922185 49.750000
      vertex 14.371181 11.863050 50.000000
      vertex -6.841492 17.333689 50.000000
    endloop
  endfacet
  facet normal 0 0 0
    outer loop
      vertex -5.858263 17.922185 49.750000
      vertex -6.841492 17.333689 50.000000
      vertex -18.855314 -0.033279 49.750000
    endloop
  endfacet
  facet normal 0 0 0
    outer loop
      vertex -18.855314 -0.033279 49.750000
      vertex -6.841492 17.333689 50.000000
      vertex -18.599455 -1.150241 50.000000
    endloop
  endfacet
  facet normal 0 0 0
    outer loop
      vertex -18.855314 -0.033279 49.750000
      vertex -18.599455 -1.150241 50.000000
      vertex -5.794962 -17.942753 49.750000
    endloop
  endfacet
  facet normal 0 0 0
    outer loop
      vertex -5.794962 -17.942753 49.750000
      vertex -18.599455 -1.150241 50.000000
      vertex -4.653604 -18.044577 50.000000
    endloop
  endfacet
  facet normal 0 0 0
    outer loop
      vertex -5.794962 -17.942753 49.750000
      vertex -4.653604 -18.044577 50.000000
      vertex 15.273831 -11.055952 49.750000
    endloop
  endfacet
  facet normal 0 0 0
    outer loop
      vertex 15.273831 -11.055952 49.750000
      vertex -4.653604 -18.044577 50.000000
      vertex 15.723370 -10.001921 50.000000
    endloop
  endfacet
endsolid Phi_Lattice
